"chaptername","chaptername href","chapterbody","chapterbody 2","chapterbody 3","chapterbody 4","chapterbody 5","chapterbody 6","chapterbody 7","chapterbody 8","chapterbody 9","chapterbody 10","chapterbody 11","chapterbody 12","chapterbody 13","chapterbody 14","chapterbody 15","chapterbody 16","chapterbody 17","chapterbody 18","chapterbody 19","chapterbody 20","chapterbody 21","chapterbody 22","chapterbody 23","chapterbody 24","chapterbody 25","chapterbody 26","chapterbody 27","chapterbody 28","chapterbody 29","chapterbody 30","chapterbody 31","chapterbody 32","chapterbody 33","chapterbody 34","chapterbody 35","chapterbody 36","chapterbody 37","chapterbody 38","chapterbody 39","chapterbody 40","chapterbody 41","chapterbody 42","chapterbody 43","chapterbody 44","chapterbody 45","chapterbody 46","chapterbody 47","firstcharacter","chapterbody 48","chapterbody 49","chapterbody 50"
"目录","https://reader.tbboyeh.org/fullscreen_player.php#/?ebook_id=404&chapter_id=c999","序 《通天之书》序","001 九条龙","002 飞过“佛陀山”","003 猪怪","004 《通天之书》","005 身高一丈","006 虫窟","007 浣衣妇","008 白度母","009 瑶池净土","010 观见“冯冯”","011 与冯冯谈“欲”","012 与冯冯谈“禅”","013 一代佛王","014 奈何天","015 文成公主","016 遇见“比干”","017 陌生人“许由”","018 喜欢“奈何天”","019 森罗殿","020 五路瘟神","021 莲花一族","022 占卜未来的吉凶","023 达摩祖师如是说","024 经典解释什么","025 流支三藏","026 佛陀、达摩、卢师尊","027 顽癣的治愈","028 癌症之“破”","029 真的是“洗脑”","030 铜身铁骨符","031 “风神”台风","032 寻找“郑成功”","033 龙王速去","034 蛇与鼠","035 雷声隆隆之日","036 突然“心血来潮”","037 潭柘寺","038 九曜老人","039 “永不堕四生”","040 红通通的双眼","041 帝释天之后","042 金刚座","043 听见妇女哭声","044 三只小黑狗","045 加州大地震","046 悟佛陀的悟","","","",""
"序 《通天之书》序","https://reader.tbboyeh.org/fullscreen_player.php#/?ebook_id=404&chapter_id=c000","一回，我进入甚深禅定，却看见一项前所未有的奇事。","首先，四周是非常黑暗的，见不到一丝光明，我感觉一直在下堕，非常的快，像坐云霄飞车一般，除了头晕目眩，就是身子如一片落叶，四周阴风四起。","降到一个定点，我向四周一望，只见西方有一点光亮，我愈向西走，光亮愈大，我弯弯曲曲的向前走。","突然，我看见一座牢狱，这牢狱是精钢铁条所建。","里面关了两位“罗刹女”，这两位“罗刹女”，面貌凶恶，全身赤条条。","罗刹女对我说：","“卢师尊，放我们出去，我们被释迦牟尼佛锁住在这里，已经二千多年了，你再不放，我们永远出不去，幸喜卢师尊来了，快快放出我们，感恩不尽。”","我心生怜悯。","","就把牢狱的门打开了，想不到门一打开，两女飞身而出，随着一股阴风，望西北方飞去。","这时，我看见一位仙童，面如满月，顶挽双髻，对我大喊：","“坏了！坏了！大事不妙！大事不妙！”","我问：","“如何不妙？”","仙童说：","“这两位罗刹女，一位正是『孙陀利』，一位正是『战遮』，这两女正是扰乱释迦牟尼佛度众生的两名女子，令释迦牟尼佛恶名流布的女魔头，如今，卢师尊把他们放了，岂不是大错。”","我说：","“我放了他们，他们理应改过迁善才是！”","仙童说：","“卢师尊，你错了也。两位魔女岂思念改过，魔性就是魔性，改不了的，你千不该，万不该，放了他俩。”","我说：","“放就放了！”","仙童说：","“卢师尊，你放了两位罗刹女，日后你度众生，就知道了！”","","我对于放了两位罗刹女，根本不放在心上，如果真的“恩将仇报”，那也是我的命，命该如此，我没有什么怨恨。","我也知道，大成就者，必然有更大的魔难，没有魔难，如何成佛？","诗曰：","人生天涯何有期。","唯有清净尚自许。","度众愈多是非多。","如如不动亦不理。","（此书奇异甚多，不看可惜）","","莲生活佛卢胜彦联络处","Sheng-yen Lu","17102 NE 40th Ct.,","Redmond, WA 98052","U. S. A.","","编者注：本有声书系由陈莲美录制","","","","","","","有","","",""
"001 九条龙","https://reader.tbboyeh.org/fullscreen_player.php#/?ebook_id=404&chapter_id=c001","说，我在禅定中，由仙童引领，走到一座大殿，进去一看，却见是一座厨房，我觉得非常奇异，里面有很多杯盘。杯子装的是仙浆玉液，盘子装的各种仙肴异果。","其中有一蒸笼，是笼头盖着，尚冒着烟，这是熟食。","我看了，肚子就饿了，饥肠咕噜咕噜的叫，口水差一点淌了下来。","仙童问：","“卢师尊，你最爱吃什么？”","我答：","“红片龟。”（台语）","仙童说：","“这蒸笼内，正是红片龟的材料，ＱＱ的，最是好吃了！”","仙童提起笼头，里面真的用“红片龟”的材料做了十条龙，九条是青龙，一条是黑龙。","这十条龙，像蜥蜴，又像舌头，又像笔。","","仙童说：","“卢师尊，不要奇怪，世人画龙，全凭想像，你见到的，才是真龙也。”","我肚子一饿，也不客气，连连吃了九条青龙，当我伸手要拿黑龙时。","仙童说：","“且住，此黑龙吃不得。”","我问：","“为什么？”","仙童说：","“你吃了九条青龙，表示你将来笔如龙飞，以笔度众生，创作不断，真佛宣化，灵思泉涌，永不枯绝，有九龙飞腾之势。”","仙童又说：","“另外，这只黑龙，是给毁谤你的人吃的，他们吃了黑龙，心地一黑，就抹黑你。阻扰你度众生。”","我听了大骇。","我问：“这如何是好？”","","仙童说：","“天数已定，无可奈何，人生本来如此，你有九条青龙，难道斗不过一条黑龙吗？凭你九条青龙，若输给一条黑龙，也是人间的大笑话了。”","我听了极为汗颜。","仙童替我解危，说：","“这人间娑婆红尘，从来没有十全十美的。如果十全十美，岂不是极乐世界。卢师尊有了九条青龙笔，将来文字成就，已经非常了不起了！”","“那恶黑龙，正是我的灾厄？”我问。","“正是。”","“能免除吗？”","“不能。”仙童说：“你卢师尊要证得开悟，若证佛道，这黑龙也奈何不了你的，你自己证道，也要令你自己的弟子证道。”","","诗曰：","昔日佛陀忍辱仙。","今日莲生修忍辱。","纵然世人全唾弃。","亦不回他一半句。","","","","","","","再","","",""
"002 飞过“佛陀山”","https://reader.tbboyeh.org/fullscreen_player.php#/?ebook_id=404&chapter_id=c002","说，这位仙童引领我，到一座高山峻岭，这真是一座冲天巨山。","我这一看，真是好景致，这山怪石叠起，松柏翠荫，绿水环抱，四时花盛放，鸟飞鸣叫，涧水龙啸。","这山高冈起伏，山树玲珑，却也连绵无尽。","我问仙童：","“这是什么山？”","仙童答：","“佛陀山。”","我一听是佛陀山，马上双手合十，就要跪拜下去，端端正正的叩三个响头。","仙童阻止我，又说：","“且慢，这山以佛陀命名，打得是佛陀旗号，表面看风风光光，整整齐齐，其实全是山精水怪，牛鬼蛇神，树精石魅，居于其中是也！”","我听了吃了一大惊。","讷讷不能言，说不出一句话来。","","仙童说：","“当今，娑婆无一真实佛教，全是表面包装，全在理论上说道，无一真实悟道之人，也无实修者！”","我汗涔涔下。","仙童说：","“当今，我只见一稀有者，是日日实修者，是真正的无心道人。”","“谁？”我问。","“你，卢师尊！”","我说：","“我从不在意。”","我真的不在意。","仙童说：","“就因为你从不在意，才是无心道人。”","仙童再说：","“我们越过此山吧！”","只见仙童脚下生出一片祥云，托着仙童，霞光万道，飞在虚空。","","仙童对我说：","“你还不上来？你是莲花童子啊！”","刹那之中，我脚上生出大白莲花，托着我往上飞。","两人一前一后，飞过了“佛陀山”。","我好奇的问仙童：","“这佛陀山真的没有一个无心道人吗？”","仙童答：","“你仔细听，不着两边谓中观，识到藏识，称唯识。这些全不在意，世上无多，你卢师尊是其中一位。”","“可是我遭众生唾弃。”","仙童答：","“就因为这样，才是唯一！”","我说：","“我也不把唯一放心中。”","仙童说：","“是唯一，非唯一，才是唯一。”","","诗曰：","佛陀山绮丽。","再","怎知甚枯黄。","世人看表相。","风吹梅蕊香。"
"003 猪怪","https://reader.tbboyeh.org/fullscreen_player.php#/?ebook_id=404&chapter_id=c003","日，有一则笑话。","有一个人骂另外一个人：“你是猪！”","他答：“才怪呢！”","于是他的绰号，就成了“猪才怪”。这位“猪才怪”的绰号，远近驰名，人人都叫他“猪才怪”，而不称他的本名。","他实在忍不住了，于是为了正名，他召集了所有乡亲朋友，办了一场说明会。","他上台的第一句话，说：","“我确确实实，绝对不是猪才怪！”","此语一出。","台下哄然。","原来还是“猪才怪”。","","●","","闲话休提，我在定中，与仙童飞过了“佛陀山”，正在前行之际。","前面来了一人。","这人一样脚踏莲花，相貌与我很仿佛，我看着他，他看着我。","我问他：","“我是卢胜彦，你是谁？”","他回答我：","“我才是卢胜彦，你是谁？”","“我是莲花童子！”","“我才是莲花童子！”","这下子，我惨了！竟然有人冒我之名，一切模样与我相似。","我做莲花童子手印，他也做莲花童子手印。","对方口中念念有词，祭出一块“金砖”，化为一道金光，从我头上打下。","我一时闪避不及，眼看就要头破血流了，一命呜呼了！只见那仙童，张开一个布袋，发出青光，将“金砖”收入布袋之中。","仙童不慌不忙，从袖中又取出一面镜子，镜子闪了一闪。","那人现出原形，原来是一只猪，那镜子晃了三晃，猪身起火，一下子就成了烤乳猪，惨叫一声，跌落尘埃去了！","","我问仙童：","“那位是谁？”","仙童答：“猪怪。”","“为何冒充莲花童子，又冒充卢胜彦？”","仙童说：","“娑婆原是一个假的世界，将来必有人模仿你，又是莲花童子，又是你师兄，你师弟，你妹妹，你的分身，你的亲眷，你的师父，其实真假是很好认的。”","“如何认？”我问。","仙童答：","“不贪、不瞋、不痴，一定是真的卢胜彦。而又贪、又瞋、又痴的，一定是假冒的。”","我问：“你那布袋？”","仙童答：“弥勒佛的。”","我问：“你那镜子？”","仙童答：“照妖镜也。”","","诗曰：","行者行正步。","无求被人嫌。","贪瞋痴爱断。","昔","猪怪死镜前。","",""
"004 《通天之书》","https://reader.tbboyeh.org/fullscreen_player.php#/?ebook_id=404&chapter_id=c004","与仙童到了一处所在，是天上仙界，到处奇花异草，亭台楼阁，皆是七宝所建，彩霞万道，瑞气千条，馨香芳馥，心旷神怡已极。","我问仙童：","“是何所在？”","仙童答：","“大庄严境。”","我们走到一处大阁楼，上书“毘卢遮那大庄严藏”。","只见阁门紧闭，我回头看仙童，仙童却早已失其所在。","我想一想，这“毘卢遮那大庄严藏”，名字很熟的，我猛然忆起，这正是“善财童子”第五十参的所在。","这是弥勒佛阁。","而仙童是弥勒佛所化，怪不得有弥勒佛的随身布袋。","我恍然大悟。","","我对着阁门弹指三通，这阁门就开了，我走了进去，一看，果然骇人。里面另有虚空天地，楼阁广博等同无量，无法形容，比仙境更殊胜。","我见了许多大菩萨，有相识，也有不相识的，其数甚多。","我到了光明七金山，见到了妙光庄严的大权神王弥勒佛。","弥勒佛说：","“我化身仙童，引领卢师尊到此，你可知何故？”","我答：","“不知。”","弥勒佛说：","“只因你在娑婆，逢多灾劫，我心悯之，故引你来。到此沐浴佛光，休憩片刻。”","我问：","“我未来如何？”","弥勒佛答：“大海起风波。”","“大海起风波又如何？”","弥勒佛答：","“能为万象主。”","我说：","“感谢弥勒佛之指引。”（能为万象主，就是自在）","","弥勒佛说：","“我有一本《通天之书》，现在赠与你，放入你心际，你若有难，翻开一看，自能解之。此《通天之书》，能令你万事如意，逢凶化吉，其中有万万法，对治万万劫难，助你度化众生也。”","弥勒菩萨放一白光，《通天之书》就入我心，我的心中放光无尽。","我有了这一部《通天之书》，突然之间，无所不知，无所不晓。","我的领悟是：世缘未通彻时，全是“是非”，全是“彼此”，非真也。","世缘通彻了，正眼看来，一场大笑话。","我是“无为而化”也。","","诗曰：","通天宝玉书。","精彩妙难量。","翻开便开悟。","便知短与长。","","","","","我","","",""
"005 身高一丈","https://reader.tbboyeh.org/fullscreen_player.php#/?ebook_id=404&chapter_id=c005","这一世应化人间，由于少年失调，到三十岁时，身高才一六二公分，算是矮的。到了四十岁时，身材微胖。","但，我一入禅定，显现出来的“幻身”，就不是一六二公分，也非微胖。","而是，身高一丈，满面亮光，犹如傅粉，鼻直口方，白牙大耳，眼清眉秀，穿白绫袄。","我的“幻身”年约三十岁，不只是一个书生模样，还焕发了一股英气，如同少年英雄一般。我一入定，就是永远三十岁，而且身高一丈，如玉树临风。","且说，我第二次入甚深禅定，现出了身高一丈的“幻身”，看见我的前方不远有一只白兔，这白兔不是一般的兔子，兔子身上发出白毫光，我心中想，那不是月宫的玉兔吗？","那玉兔也是奇怪，仿佛带领我走，频频回首，我不走了，玉兔就不走，我一跟着走，玉兔就蹦蹦跳跳的前进。","玉兔平空而起。","我也凭空而起。","","走到一处宫殿，玉兔就自然消杳了。","我不急着入宫殿，只在宫殿外欣赏宫殿的外墙雕刻及彩绘。","我看见一幅彩绘，内中有一名女子，女子坐在太湖石上，她的容貌天下无双，人间第一美色，无可嫌恶了。","所绘的衣服灿丽，更掩不住那苗条动人的身材，凸凹有致，曲线玲珑，白的白，红的红，仿佛是活的一般。","我一看，竟然出了神。","只见那女子，双睛水盈盈的看着我，定定的，口中喊：","“卢师尊！”","我问：","“你是？”","“瑞玉。”","那“瑞玉”女子，挪了挪身子，让出太湖石的一边，意思要我坐。","我不假思索竟坐了上去。此时“瑞玉”女子，身子倚我身上，一时馨香扑鼻，粉而雪白的脸，那樱桃小口就凑在嘴边。鼻翼及嘴巴微微掀开。","“瑞玉”女子，嗲声的说：","“卢师尊！你是我的。”","那女子现出媚态娇姿，脸红气喘，将细皮白肉，就紧紧贴在我身上。","我快要无法自持了。","","此时玉兔现在我前，挤眉弄眼，前翻后翻，引我注意。我心一定，回过神来。","我再看身旁“瑞玉”女子，大吃一惊，竟变成老母，发白面皱，浑身浮肿，且发出恶臭，口中流涎，又黄又浊。.........","我急忙推开，枯朽而倒。","宫墙彩绘不见了，宫殿不见了，玉兔在我面前眨了眨眼。仿佛笑我定力不足。","我不知道，这到底发生了怎么一回事？","诗曰：","妖女来诱惑。","意气岂能宽。","定心最为要。","失足心寒颤。","","","","","","","","","","","","我","","",""
"006 虫窟","https://reader.tbboyeh.org/fullscreen_player.php#/?ebook_id=404&chapter_id=c006","说，这玉兔真是灵巧，引我至另一宫殿，但见宫殿上写了二字：“欲宫”。","再看旁有一碑，写了几行字，令人看了触目惊心。几行字如下：","这世上之人，原本朝朝劳苦，事事愁烦，没有一毫快乐。","唯有一事是乐也，此事即“欲”，男女交合，才能解决愁烦。","生我者是欲也！死我者是欲也！","世人当知，此非毒也，何惧之有？","世人当知，此亦毒也，不可溺之。","阳不亢，阴不闭，可使内无怨女，外无旷夫，天下治矣！","我读了这几行字，想想其理，好像似是而非，似非而是。问题是愁烦解一时，不能解永远。","但，我个人倒是承认，男女欢爱，在世俗人来说，果是至乐也。","我与玉兔入了“欲宫”，让我一看一听，面红耳赤，心跳不已。","","因为整座欲宫，如同：","杀气腾腾而上，金枪密密麻麻，枪枪扎得呵唷呵唷，人分五色，按住五方，各种姿态，希奇古怪，二物翻翻滚滚，各自双眼如醉如痴。","我看得真是惊慌。","又见：","纵蝶寻芳之势，迷鸟归林之势，蜜蜂酿蜜之势，也有双龙抢珠，也有饿马奔槽......。","或立、或坐、或卧、或倒置。","莫不撩人之眼。","若听声息，更不得了，脚都软了：","有哀声，叹声。","有蚊声，蜂声。","有饥声，饿声。","有勃声，潮声。","有歌声，唱声。","有死声，活声。","有香魂欲去，有好梦欲来，有眉开眼笑，有动极还静。","","我看到此，不觉欲念亦兴起，矜持不住。一绝色女子，赤条条靠近。","我刹那间，想起自己是“行者”，想起弥勒佛所赐《通天之书》。","看了天书，是一“转”字。","我喝了一声：“转！”","再看欲宫之众——","原来整座欲宫，竟然是“虫窟”，那翻翻滚滚的，全是白虫。","二条白虫，正在交合。","上千上万的白虫，全在交合。","我想，我如果也如此如此，岂不是同虫虫一般。","我是修行开悟的行者，自能自主自己的欲念，清心寡欲，大智大德，保全了自己的端庄及清净。","","诗曰：","堕入沙尘变虫虫。","欲念不止何时休。","圣贤能转业自停。","永断人生苦与忧。","","","","且","","",""
"007 浣衣妇","https://reader.tbboyeh.org/fullscreen_player.php#/?ebook_id=404&chapter_id=c007","兔与我，又来到一处地方，此地有宽阔的河面，水潺潺的流着，阳光在水中闪映微红。河流之旁是树林，树林非常的隐密，树林旁有许多花朵，好像非常的欢乐，这种景致，令人陶醉。","我们走到大河旁的一条小土路上，这里有分支的小溪，我们看见溪边有一个年轻浣衣妇，她正蹲着浣衣。","四周很静，这是很美丽的图画，我同浣衣妇打了一个招呼。","她抬头看了我一眼，她有笑意，眼波晶莹而美丽。","她有一头闪亮的黑发，一直垂到白皙的脖子上，她有甜美聪敏的脸蛋，朱唇艳而美，蛾眉细长，她的手柔荑纤长，肤色洁滑，浣衣非常的灵巧。","她虽然穿着普通的裙在浣衣，但掩不住她的曲线玲珑。","她蹲着，露出的小腿肚像雪一样的白。","原本我走过就无事了。","但浣衣妇突然站起来，我看见她泽润的樱唇闪光。","她的黑睛水盈盈。","还有纤颈秀美。","她的衣服不整，可以看出她的乳沟深深。","","她问我：","“你从何来？往何处去？”","我答：","“我是行者，无来处，无去处。”","她问：","“听说行者，不得正眼视女人，听说行者，不得碰女人身子，是吗？”","（她很大胆）","我说：“按理说，是的。”","她说：","“那你为什么一直看着我？”","我答不出。","她说：","“我想碰碰你的手。”","她毫不羞涩，落落大方，双手握紧我的合掌的手。她说：“靠近我。”","她的左腿轻踏在我的右脚上。","我嗅到不知名的香气，我不知何时，竟然抓住她的双手，她的身子靠得更近，我感到血液沸腾。","她示意我，旁边有隐闭的树林。我看出她半开半闭的眼睛充满饥渴的欲望。","","突然，我看见“天书”，里面是一条鱼，死臭的鱼，眼光失去光泽，只剩奄奄一息。","（天书示意我，这鱼是她的前世或未来世）","我的欲望下降了。如果......，我一样会是一条鱼。","一刹那，我手上握的是一片枯叶。而右脚上落着是一片枯叶。","我知道这人间，是过去与未来诸色诸相的舞台，我也是一条鱼吗？","","诗曰：","刹那之间欢与乐。","便结来世不解缘。","浣衣艳姿不可追。","若无天书业更添。","","","","","","玉","","",""
"008 白度母","https://reader.tbboyeh.org/fullscreen_player.php#/?ebook_id=404&chapter_id=c008","兔引领我到了“奥明天宫”，我在天宫遇见了“白度母”。","密教白度母的形象是：身白色如雪，一头二臂，右手与愿印，左手持花印，执乌巴拉花，花分三朵，一含苞，一半开，一全开。","掌心、脚心、天心各有三目，共七目。","妙龄少女，身穿天衣绸裙，各种璎珞。","而我看见的“白度母”，却是：","鹅蛋脸儿，削肩细腰，长挑身材，频盼神飞。","眼同水杏，唇若含丹，眉目横翠，肌白如雪。","胸乳俊美，体态袅娜，娇体含情，性格风流。","鼻腻鹅脂，腮红新荔，春意袭人，娇俏非凡。","我与白度母本是宿缘。","白度母将乌巴拉花一撒，自成“花宫”，重重围绕，齐放光明。","我与白度母合一相应。","","这正是：","仙袂乍飘兮，麝兰之馥郁；莲花欲动兮，花露盈盈；笑靥春桃兮，风回雪舞；出没花间兮，亦瞋亦喜；彼此合一兮，若飞若扬；玉润唇舌兮，闪烁言语；春梅绽开兮，其洁光照；身心融化兮，真是不二。","气与气接。","脉与脉合。","点与点融。","很久，很久，很久；良久，良久，良久；永恒，永恒，永恒。","白度母告诉我：","“这世间人，能知欲者，不多。”","“谁知？”","“卢师尊！”","白度母说：","“欲是药，而非毒，卢师尊是第一人。”","","白度母分析：","无漏是药。","有漏是毒。","药是：大乐、光明、空性。","毒是：贪淫、邪思、地狱。","证得四喜四空是药。","损身败德是毒。","生我之门，死我之户毒也。","生我之门，活我之户药也。","由此见佛性，药也。","由此下地狱，毒也。","","我与白度母的合一，竟然是进入甚深禅定的禅定。至高禅定。","我知道，我再如何解释，娑婆人间的众生也不会明白我的。","有谁知道，我卢师尊是知“欲”第一人，我修行的功力，天下第一。我是超出了“欲”的，我证知“具生喜”，见佛性。","“色即是空，空即是色；色不异空，空不异色。”","我知。","世人不知“欲”也！只知生儿生女，小乐。","唯我知“欲”也！可叹啊！世人无知！","","诗曰：","玉","度母与行者。","禅定参礼深。","莲花出污泥。"
"009 瑶池净土","https://reader.tbboyeh.org/fullscreen_player.php#/?ebook_id=404&chapter_id=c009","说玉兔引我入了瑶池净土，这瑶池仙境更是不凡，真是烟烟霞霞，祥光五彩，天籁妙音，清净水潺，花木奇异，芝兰吐芳，彩凤处处，昙花开放，宫殿玲珑，七宝亭台，神仙逍遥。","我认得瑶池净土。","先拜见了“青鸾”、“少鸾”、“仙鸾”。","再拜见，十二青腰玉女。","再拜见，十二绛宫玉女。","再拜见，十二太素玉女。","再拜见，十二太玄玉女。","再拜见，十二黄素玉女。","","那只玉兔到了瑶池净土，也不再隐瞒自己的身份，摇身一变：","身穿霓裳天衣，绣带迎风飘扬，天衣清净不沾尘，袅袅的腰肢细如柳。","眉如春山眼如杏，鼻如鹅胆口如丹，尖尖十指如春笋，杏花一样的脸，桃花一样的腮。","就算是西施也难比。","就算是嫦娥也输她。","这正是“董双成”仙姑，瑶池净土大金仙王“瑶池金母”的亲侍。","董双成仙姑引我见瑶池金母。","瑶池金母我不敢描述，因为大金仙千变万化，一一不同。","就算描写也不得准。","因为无极无相造化奇，仙相非凡少人知，变身幻化太玄妙，真容实在笔难书。","","我只能说：","戴凤冠。","持仙桃。","握拂尘。","瑶池金母开金口说：","“卢师尊，引你至仙境，你可知其故？”","我答：","“略知一二。”","瑶池金母说：","“何是一？何是二？”","我答：","“一者写《通天之书》，二者令人见证菩提。”","瑶池金母问：","“以何法？”","我答：","“内思。”","瑶池金母说：","“我怜悯天下众生，生死轮回，循环不已，业冤相逐，转报无休。卢师尊，你尽力去完成度生事业吧！”","我问：","“我卢师尊自身灾劫，如何解除？”","瑶池金母答：","“何有灾劫？”","这是瑶池金母的“禅语”，我是开悟者，一听就明白了。","我领了金母玄旨，下娑婆去也！","","诗曰：","幻身赴仙境。","且","领旨复堕来。","内思通灵法。","教授观心台。"
"010 观见“冯冯”","https://reader.tbboyeh.org/fullscreen_player.php#/?ebook_id=404&chapter_id=c010","在前章中，写的是“欲”字，这是入甚深禅定中之见也。","或许有人问我：","“卢师尊，你在现世之中，见否？”","我哈哈大笑：","“当然有，而且甚多！”","我就举一例吧！","我在“问事房”问事。","一名远方而来的秀丽女子，向我顶礼，她看见左右侍者刚出去。","顶礼完，她立起身。","一手摸头，身子摇摇晃晃，喊了一声：“卢师尊，救我，我头晕不支了！”","我伸手扶住她。","她抱住我更紧。","然后，她的口凑上我的口，差一点成了“吕”字，我一紧张，推开她。","她对我说：","“不知情趣！”","“冯冯，你亲来告诉我这一些，我实在很感激，你真的不忘朋友一场了。”","我再举第二个例子：","一名长发女子，容貌艳媚，悄悄走近对我说：","“卢师尊，听说你修证无漏？”","我答：","“是的。”","她递给我字条，上写Hotel房间号码。","她说：","“让我来证明你的无漏。”","临行，回首一笑百媚生。","我当然把纸条抛入“垃圾桶”。","我对“垃圾桶”说：","“对不起！”","诗曰：","●","逝去何有影。","我在第三回的入甚深禅定中，我看见了一个影子向我走来。","我吓了一跳，原来是：“冯冯。”","“冯冯”就是作家冯冯，也即是佛学作家冯冯，著作甚多。","我与冯冯，见面多回。他的著作，每出一本，便送我一本。","冯冯对我说：","“我今日来，特来告知你一件事。”","“何事？”","冯冯说：","“有一年，一名女子从远方来找我，求我医病，她说她身上无多钱，我善意的留她住客房，夜间，她呻吟，我过去探视。”","“这名女子，拉我的手，按她胸部，说她的心跳急促。”......。","后来，冯冯说：","“这名女子竟然勒索我，我为了息事宁人，花了一大笔钱才无事。”","我问：","“你告诉我这些，为何？”","冯冯急了：","“这名女子与你遇见的女子，或许是同一人也。她在我这里得了好处，便想到你那里去得好处。”","我","友朋留一香。","“喔！我明白了。”原来如此。","我对冯冯说："
"011 与冯冯谈“欲”","https://reader.tbboyeh.org/fullscreen_player.php#/?ebook_id=404&chapter_id=c011","在禅定中与冯冯见了面，我提到我看了冯冯的许多书，例如早期的《微曦》，及至后来的：","《空虚的云》。","《禅定天眼通之实验》。","《太空科学核子物理学与佛理的印证》。","《释达坦》。","............。","冯冯每送我书，在空白之页，便题：","","","而我也实实在在把他的书，本本都读过，并未束之高阁。","冯冯听我把他的书，全部读完，非常的惊叹，他说：","“自古以来，文人相轻，这句话在胜彦菩萨，卢师尊之前是行不通的，想不到你把我的书，全部读完。”","我笑笑的说：","“其实不只你的书，星云大师的书，圣严法师的书，证严上人的书，妙莲和尚的书，甚至萧平实居士的书，我全看了。至于，批判我最厉害，害我最深的陈慧剑居士的书，我全数读全。”","冯冯居士说：","“我不如你，我对某些书，是不屑的，尤其是批判我的，嗤之以鼻！”","我哈哈大笑：","“开卷有益矣！”","","冯冯说：","“你对我译自Hermann Hesse，《释达坦》，这本书的评价如何？”","我答：","“那是一部流动诸色相的重现、休止、流转......。”","冯冯说：","“是的，是的，是的，不停变幻，一时存在，千变万化。”","我问冯冯：","“你有欲吗？”","冯冯答：","“众生具有，我岂没有？”","我说：“我喜欢你的那首诗。”","佳人归凤林。","沙门止道边。","莲茵出尘艳。","梵僧参礼深。","自见伊人笑。","禅心化凡心。","苦修皈依佛。","何如拜佳人。","","冯冯说：","“这灵感来自达赖六世的情歌，六世达赖的情歌很真实。”","六世达赖喇嘛的情歌：","在那东山顶上，","升起了皎洁的月亮。","娇娘的脸蛋儿，","浮现在我的心上。","又：","我","默思上师的尊面，","怎么也没能出现。","没想那情人的脸蛋儿，"
"012 与冯冯谈“禅”","https://reader.tbboyeh.org/fullscreen_player.php#/?ebook_id=404&chapter_id=c012","在定中与冯冯相见。我觉得冯冯的生前，与冯冯的死后，判若二人。","冯冯生前——喜怒形于色。","冯冯死后——驾鹤高人也。","冯冯问我：","“胜彦菩萨卢师尊，听说你近期写禅宗的书！”","我答：","“我是先学净土，后来修密，这当中又学戒律，最近确实写禅宗的书。”","冯冯喜欢考我：","“你认为什么是禅？”","我答：","“闻名不如见面。”","冯冯问：","“见面又如何？”","我答：","“原来如此。”（如是，如是）","","冯冯追问：","“原来如此是什么？”","我答：","“连原来如此，也不必思量。”","冯冯说：","“卢师尊，你果然在禅学方面，有了如此深厚的功力，怪不得你是佛学的奇葩，世上人无人能及了。”","我说：","“这名相禅，原本离性绝非，本自寂寂，但也周遍天下。只是四圣六凡，所见都不相同，才有如此的变化。”","冯冯点首。","冯冯问我：","“你读完《空虚的云》，对我这本书，有何意见？”","我说：","“知法常无性，佛种从缘起。”","冯冯听了，思索一回，他好像明白这几个字的份量。","","冯冯点头说：","“我为这《空虚的云》，共写了五年的时光，搜集资料共百册之多，我写得非常辛苦，这五年的苦思，甚至断绝与人的来往，想不到的是，你只短短十个字，就把我这三册大部头书，全贯彻了。”","冯冯说：","“你知道《女兵自传》名作家谢冰莹教授，是我叫她去皈依你的吗？”","我说：","“我记得此事！”","冯冯说：","“谢冰莹教授开悟否？”","我答：","“尚未见路径，如何言到？”","冯冯闻我之言，也未免感叹一番。冯冯说，谢教授与冯冯亦师亦友，关系非浅，书信来往，可惜未达见地。","","诗曰：","归路本处处。","何处不故乡。","一切皆现成。","我","悟者自心安。","",""
"013 一代佛王","https://reader.tbboyeh.org/fullscreen_player.php#/?ebook_id=404&chapter_id=c013","在禅定中，观见“冯冯”居士，冯冯对我说：“卢师尊，你是真正的一代佛王！”","我哈哈大笑，说：","“胡扯！”","冯冯说：","“我在台南开元寺，偷听到释迦牟尼佛对弥勒菩萨说的。”","我问：“怎么说？”","冯冯答：","“释迦牟尼佛对弥勒菩萨说，当今天下，有一位真明白人出现，此人就是卢师尊，唯卢师尊当得佛王。弥勒菩萨回说，确实如此，卢师尊，如如不动，亦能任运，当之无愧。”","我说：","“我是一代邪教主。”","冯冯说：","“那是掩饰你真正的身份。”","我说：","“我是色中饿鬼。”","","冯冯说：","“那是佛旨，令人见不到真正的你。”","我说：","“我佩金戴玉。”","冯冯说：","“你以表象，掩盖你的内在。”","我说：","“当今，佛教鼎盛，诸山长老个个功德如天，聚众演法，个个都是有道高僧，诸恶莫作，众善奉行，这些诸山长老，才是个个是法王，是佛王。”","冯冯说：","“众生看外相，诸佛看内明，能讲水中月，能讲镜中花，而被众生污蔑的人，谁也不知道，他才是真正的佛王。”","我问：","“什么是水中月？什么是镜中花？”","","冯冯答：","“牛肉面里没有牛肉，太阳饼中没有太阳，月饼里没有月亮，老婆饼内没有老婆。这又是指什么来的？”","我好奇问：","“你怎知道？”","冯冯答：","“我参加了你在台湾林口的时轮金刚大法会，我也接受了灌顶。能明白这些的人，才是真正的一代大佛王。”","我“哦！”的一声。","冯冯说：","“邪教主，色中饿鬼，佩金戴玉的，竟是佛王。连智者如我，差一点也失之交臂，何况是盲目的众生。”","我问：","“冯冯！你在开元寺做什么？”","冯冯答：","“洒扫庭院的镇殿侍者。”冯冯说完，驾一道祥光自去也！","","诗曰：","真人不露相。","露相非真人。","须要藏身份。","只对传人讲。","我","","",""
"014 奈何天","https://reader.tbboyeh.org/fullscreen_player.php#/?ebook_id=404&chapter_id=c014","在第四回，入于甚深禅定，恍恍惚惚忘了自我，不由自主的来到一个地界，只看见此地异草芳馥，仙花璀璨，是一个大好所在。","我看看四周环境，有黄金铺地，有琼楼玉宇，有画栋雕檐，明明是天上界，却有凄凄之风。","我是知道天上界的：","欲界天。","色界天。","无色界天。","我曾著作一书《诸天的阶梯》，介绍了二十八天界，但，竟然看不出，此是何天？","当我不知所措时，向自心内一观，《通天之书》打开，上写：“奈何天”三字。","这一回，我又奇怪了，二十八天界中，并无“奈何天”，我只知道幽冥地府，有一座“奈何桥”，我哪里知道有什么“奈何天”？","正当我觉得彷徨之时，有一位修道人，从前方行来。","","这道人唱歌：","勘破人间好景不长。","生老病死个个忧伤。","可怜半缺之人圆梦。","就来依止奈何之旁。","我合掌向道人问讯。","道人还我一个问讯。","","我问道人：","“此是何地？道人何名？”","道人说：","“此地名奈何天，我即奈何道人。”","我问：","“我为何到奈何天？”","奈何道人答：","“住此的人，全是无可奈何的人，因为无何奈何，才聚集到奈何天，至于你卢师尊，因何到奈何天，你一定有无可奈何的事，才会到奈何天来。”","我想想也是的。","我问奈何道人：","“那你为何到奈何天？”","奈何道人答：","“我是屈原啊！”","我一听是屈原，吓了我一大跳。","","屈原说：","“我是不折不扣，楚武王子瑕的后代，食邑于屈，以地为姓，我是屈原。”","我想到屈原跳汨罗江而死，想到划龙舟、端午节、吃粽子。","还有屈原的大作：《离骚》。","我内心黯然。","屈原说：","“你卢师尊，空有悲天悯人的心，但，有谁悯你？你还是无可奈何也。”","我答：“我是无可奈何不错，但我修忍辱，我是忍辱仙人，我无我，故无可奈何也无。”","","诗曰：","无可奈何亦为天。","公道非在人心田。","欲知守正不平人。","我","全在此地为小仙。","",""
"015 文成公主","https://reader.tbboyeh.org/fullscreen_player.php#/?ebook_id=404&chapter_id=c015","入甚深禅定时，到了“奈何天”，见了爱国诗人“屈原”。","我问屈原：","“还有谁住奈何天？”","屈原反问我：","“你学藏密，听说造诣颇深，是吗？”","“是的。但藏密学，它的重点在出离心、菩提心、中观正见。”","屈原说：","“我给你引见一个人，你绝对想像不到的。”","“是谁？”我问。","屈原答：","“文成公主。”","“是嫁给吐蕃第三十二代赞普『松赞干布』的文成公主吗？”","“正是。”","我这下目瞪口呆了，文成公主是唐太宗的宗室女，于唐贞观十五年（西元六四一年），进入西藏，下嫁吐蕃王。文成公主是才女，带给吐蕃纺织、建筑、冶金、医药、历算等等的技术。","“松赞干布”原先有妻子，是尺尊公主，是尼泊尔国王光冑王的女儿，在西元六三四年，就嫁给松赞干布的。","","我问屈原：","“文成公主怎会在奈何天？”","屈原答：","“文成公主离长安，正是无可奈何，住于异域，正是无可奈何，嫁了几年，吐蕃王病故，无可奈何，永不回唐朝，无可奈何。还有.........。”","我讷讷不能言。","屈原吟：“思乡涕泣山顶望，千里东风一梦遥。”","","我与屈原到了文成公主的宫殿，那是“光摇朱户金铺地，雪照琼窗玉作宫”，天上仙境果然不同人间。","文成公主头上发髻镶满了珠玉，荷袂蹁跹，羽衣飘舞，娇若春花，媚如秋月。","我闻到一股幽香不断，不知何物？","文成公主说：","“此香乃西藏特有，是异木之精，合树油所燃，我享万年香火。”","我对文成公主说：","“当年你建大昭寺，几次水淹，你懂风水，知西藏是罗刹女仰卧，罗刹女的心脏即湖泊，于是你填平湖泊建寺，才能消灾驱魔。”","文成公主淡然一笑。","文成公主说：","“卢师尊，你忘了你的前世否？”","我答：","“岂能忘却？”","文成公主笑了：","“你是一位藏密的大祖师爷，重拾藏密，易如反掌，你的成就，无人能及也。”","文成公主说：","“今天，唯我知之，还有佛陀、莲师、金刚萨埵知之，其他凡夫，岂能知？这你也是无可奈何吧！”","我说：“苍天！苍天！”","","诗曰：","异域非等闲。","一去若飞鸿。","原是奈何事。","至今曲未终。","","在","","",""
"016 遇见“比干”","https://reader.tbboyeh.org/fullscreen_player.php#/?ebook_id=404&chapter_id=c016","说我入第四回甚深禅定，到了“奈何天”，先见到“屈原”，后又见到“文成公主”。","离开了“梦遥宫”（文成公主的宫殿），我竟然遇见了“比干”。","且听我一诗：","富贵又何为？","皇命不可违，","可怜空心人，","化为魂魄飞。","","●","","我在“奈何天”遇见“比干”，这实在令我相当的震撼。","这位“比干”不是别人，正是商朝纣王时代的亚相“比干”。","在史实上，〈殷本纪〉有记载：“纣王淫乱不止，微子数谏不听，乃与太师少师谋遂去。比干曰：『为人臣者，不得不以死争。』比干强谏纣王，纣王怒曰：『吾闻圣人心有七窍。』就剖比干的心而观之。”","我为何知道“比干”，这是因为卢家最早的祖先是“姜子牙”，卢是姜姓的分支，“姜子牙”曾与“比干”同一朝代。","在史实上，《史记》—〈齐世家〉记载：“太公望吕尚者，即姜尚，其先祖助禹平水，封于吕，从其封姓，故曰吕尚及姜尚。姜子牙穷困，年老，以鱼钓周西伯。”","《史记》上说：“姜尚为文武师。”","","●","","“比干”在“奈何天”想来是其来有自，我知道“屈原”在台湾有“屈原庙”，被人称为“水仙王”，我却不知“比干”是否有人供奉？","“比干”看见我，问：","“卢师尊！为何到奈何天？”","我答：","“我是忍辱仙人，忍辱也！”","比干哈哈大笑：","“卢师尊被世人小小的一个毁谤，就自称忍辱仙人，那我比干又是什么仙？”","我听了觉得汗颜而惭愧，是的，毁谤算什么，不痛不痒，又没有舍身，又没有舍心，算是什么忍辱仙人？","比干问我：","“你能舍心吗？”","我答：","“密教菩提心，是四无量心，慈悲喜舍，当舍亦能舍。”","比干问我：","“你能舍身吗？”","我答：","“我发了大誓愿，粉身碎骨度众生，我不入地狱，谁入地狱，这岂不是舍身？”","比干说：","“这还差不多，难忍能忍，难行能行，当舍时不能退缩，这才是奈何，奈我者何，哈哈！”","我听了比干的一番教训，深深觉悟，想当一名成就者，须有无比的毅力，而且身心要全部奉献给天下众生。","","诗曰：","比干舍心死。","自是奈何人。","若人逐名利。","自古被人嫌。","","","","且","","",""
"017 陌生人“许由”","https://reader.tbboyeh.org/fullscreen_player.php#/?ebook_id=404&chapter_id=c017","说，入甚深禅定，到了“奈何天”，由“屈原”引领我，又见一人。","这个人真是奇特，是“异人”，是“圣人”，是“贤人”，是“妄人”，是“怪人”......。","这个人从不说话。半年或一年，才说一句半句，他开口就是：","“一句也无。”","或：","“说什么！”","这个人每日打坐，也不看经书，有人拿佛道之经书给他，他连视也不视，连翻也不翻，仿佛根本毫无兴趣。","终于有一天，他开口说话了，他说：","“不识字。”","“不识字可以学啊！”","他答：","“识字作什么？”","","这位不说话的怪人，“奈何天”的天人都知道他的存在。","有人在他住的大门上，写了一“心”字，又在他的窗子写了一“心”字，又在他的墙上写了一个“心”字。","这怪人不说话，拿水把“心”全擦了去，过了一年，他才说：","“门就是门，窗就是窗，墙就是墙，心是多余的。”","这怪人根本没有朋友，也不见任何一个人，他的周遭是有人，但，他视若未见，有人问他：“多时不见，一向可好？”","他不答。","如果答，是：","“一样。”","“奈何天”有这一号人物，令我十分的好奇，屈原引领我去见他。","我向他说：","“我是卢师尊。”","他答也不答。","我说：","“如果有一头牛，但，方圆无寸草，请问，向何处放牛？”（机锋）","","他抬头看了一下我。也不答话，只随手一指。","我问：","“你是谁？”","他也不答。","我问：","“人说五蕴全空了，你是不是五蕴全空了？”","他仍然不答，只是抬头又看我一眼。","我不甘心，又问：","“如何是开悟？”","这回他开口了，他答：","“有客不答话。”（大玄旨）","我又问：","“你吃什么？”","他答：","“食不得！”（大玄旨）","","诗曰：","我观通天书。","上书是许由。","且","怪哉是异人。","凡事无所求。",""
"018 喜欢“奈何天”","https://reader.tbboyeh.org/fullscreen_player.php#/?ebook_id=404&chapter_id=c018","记得在天界，我在“天河胜景处”甚久，那里的天人，颇为安乐自在，我是很想回到“天河胜景处”的。那里的天人等着我回去哩！","然而，当我在“奈何天”，遇见了屈原、文成公主、比干、许由.........。","我对“奈何天”产生了欢喜心，因为我发觉这里所居的，全是“义”人，这个“义”字，令我心向往之。","我问：","“尧、舜、禹，居此家园否？”","屈原答：","“否。”","我问：","“孔子、孟子、子贡、子游等，居此家园否？”","屈原答：","“否。”","我问：","“伏羲、女娲、有巢、燧人、神农等，居此家园否？”","屈原答：","“否。”","我所问的人物，都是先圣先贤，都是有作有为的，他们也都是“义”人，但，为何不在“奈何天”，这一点我很疑惑？","","屈原看出我的疑惑，于是屈原对我说：","“奈何天所居之义人，全是有委屈的，或是无作无为的，奈何天原是如此，才叫奈何天啊！”","我说：","“我喜欢奈何天，我喜欢这个家园，我就留在奈何天，不回娑婆世界了。”","屈原说：","“凭你的经历，是有资格留在奈何天，但，你的誓句是有作有为，且又观破了委屈，你的资格更胜奈何天，不用在奈何天久留，你还是自去吧！”","我问屈原：","“你居此，我回何处？”","屈原说：","“何不看一看天书。”","我观自心的天书，上书：","“人间。”二字。","有几行小字，上书：“毅力第一，悟性第一，开天辟地第一，生生世世度众生。”","我这一看，差一点晕死过去。","我说：","“魂兮归来兮，如何是家园？”","屈原说：","“无所住。”","我说：","“我不能在奈何天落脚了！”","屈原说：","“你须转如来正法轮。”又说：“诸法从本来，当住寂灭相，这个你也悟得。”","我一听此句，便出定了！","","诗曰：","常下降人间。","安乐不可追。","春夏秋冬觉。","滚滚红尘飞。","（这真是无可奈何了！）","我","","",""
"019 森罗殿","https://reader.tbboyeh.org/fullscreen_player.php#/?ebook_id=404&chapter_id=c019","第五回合的甚深禅定，出了“幻身”，觉得身子轻如鸿毛，渺渺茫茫，如同腾云驾雾，又如同一阵轻风。","我飘堕一地，见一座城池之上，写着“阴阳界森罗殿”。","正在“森罗殿”外徘徊之时，从殿内闪出三个人物，一位是杂毛老道，另二位是柳眉倒竖，杏眼发出凶光的女娘。","且说这三位一看到我，均怒气冲冲，大叫：","“卢师尊来得好，今日见面，非取你狗命不可。”","我问：","“三位何人？”","这三人也不回话，杂毛老道，扬起拂尘，一支“穿云箭”，便射上我的门面。","另外二名女娘，一位祭出“翻天印”，另一位祭出“天斧”，都从我的头上打将下来。","一时之间。","空中青光万道，夹杂了风雷之声，要收拾我的性命。","我一时情急，来不及想，便念了“披甲护身真言”。金刚手菩萨现身，化为蓝光，罩住了我的身子。","“穿云箭”在蓝光外，射不进来。","“翻天印”在我顶上，被蓝光托住，下不来。","“天斧”砍下，一样被蓝光挡住。","我仿佛是“金钟罩”一样，刀枪不入。","","我观天书，上写三字：","“妒、情、爱”。","我一时不敢多想，只想到如何退敌，于是我念九字真言：","“临、兵、斗、者、皆、阵、列、在、前。”","发出三昧真火。","一下子把“穿云箭”烧了。","又把“翻天印”烧成灰烬。","“天斧”溶化成铁汁。","杂毛老道及二位女娘，一看，破了他们的法宝，便退入“森罗殿”内，无影无踪。","我追入“森罗殿”中，只见阎罗王及判官，下面是牛头马面鬼差，阎罗王正在审判许多的人犯，那些人犯披枷带锁，这些都是生前造孽者。颇为可怜！","有忤逆不孝的。","有偷拐抢骗的。","有奸杀邪淫的。","有瞒天昧地的。","有不公不法的。","有贪念受贿的。","有放火泄恨的。","有妄言毁谤的。","","阎罗王忙得不可开交，我在那里见了，觉得：生前一定要行得正，死后免得受地狱之刑苦。","阎罗王发落已毕，抬头看见我，大喜：","“卢师尊！何时大驾光临？”","阎罗王降阶来迎接我。","我说：","“阎君，你可见到一老道及二位女娘，他们闪入森罗殿，便不见了！”我形容这三位。","阎罗王问判官：“速查查这三位。”","判官说没有这三位。","阎罗王说：","“卢师尊说有这三位，怎可能没有？”阎君取来生死簿一翻，上写“妒、情、爱”三字。","阎罗王说：","我","“我知道了，这正是你的幻见。妒者杂毛老道也，这老道嫉妒你的才华，盛名天下，早欲加害于你。情者女娘也，用情在卢师尊身上，见你不领情，也要加害你。爱者，另一女娘也，她爱着你，但你却爱众生，这爱不到，变成了恨，以天斧沉舟，欲同归于尽。”","“怎不见了？”",""
"020 五路瘟神","https://reader.tbboyeh.org/fullscreen_player.php#/?ebook_id=404&chapter_id=c020","第五回合，入甚深禅定，入地府，见了阎罗王，互相谈叙之际。","突然“森罗殿”骚动起来，竟然一刹那，撞入了数千人之众。","阎罗王问鬼使：“怎么一回事？”","鬼使答：","“人间瘟疫，一下子死了这么多人。”","阎罗王对我说：","“卢师尊，你知道你的功德有多大？”","我答：","“不知道。”","阎罗王说：","“你的功德如天那么大！”","我有些莫名其妙，什么功德如天那么大，我从来没有想过。","阎罗王说：","“有一年，天帝勅令五路瘟神齐齐下降人间，人间将遭遇数百年来最大的浩劫，这五路瘟神非同小可，将把人类收拾了一大半，甚至扩及全世界，全世界人心惶惶。”","","阎罗王继续说：","“那时，正值你隐居，你为了救众生，上升到瑶池仙境，取得瑶池金母的仙袋，下了娑婆，以仙袋收了五路瘟神。那场原本收拾人类的大瘟疫，才一下子便无影无踪，原本是人类大浩劫，全被你一次解救了。”","我说：","“是有这样的事。但，我以为那只是一场小瘟疫，人类可以自行控制，并非瑶池金母仙袋之功，真的是人类大浩劫吗？”","阎罗王答：","“天帝原要人类死灭过半才肯罢休，却被你无意中救了。天帝看在瑶池金母的金面，只得平息了一场浩劫。你难道不知道，你一下子收拾了五路瘟神吗？”","我毛发悚立，真的不敢相信。","","阎罗王说：","“因为娑婆人间有你在，你又叫你的弟子念大救难咒，有了瑶池金母的仙袋及大救难咒，才化解了人类这一场危机。”","我张开口，目瞪口呆。","我问阎罗王：","“天帝为何要毁灭人类？”","阎罗王答：","“天帝看人类，人心愈来愈自私，人心愈来愈愚蠢，人心愈来愈臭秽，举止动念全是罪。尤其人类杀盗淫妄，完全无羞惭之心，因此天帝大怒，故而降灾！”","我说：","“这人间尚有多位圣贤行慈悲之教！”","阎罗王说：","“少数。”","我说：","“另外，佛法大弘，能度世人！”","阎罗王说：","“表面。”","“为何是表面？”我问。","“名利而已。”阎罗王答。又说：“这天地之间，这人间之大，真正悟道的人无几，你卢师尊是其中的一位，可惜你再如何努力，世人不见，而毁谤有增无减，一个开悟见道的真正佛陀，被人如此污蔑，十大阎君也不免怒形于色。”","","我哈哈大笑：","“自古以来，莫不如此。”","阎罗王说：","“人类为何如此盲目，对虚伪者盲目吹捧，对悟道者血口污蔑？”","我说：","“毕竟这人间，悟道者如佛陀者，少若白昼之星，而未悟道者，如恒河沙数，想一想，本来如此，何必生气。”","我","阎罗王点点头：","“怪不得上天者少，入地狱的人，多如过江之鲫也。”","我问："
"021 莲花一族","https://reader.tbboyeh.org/fullscreen_player.php#/?ebook_id=404&chapter_id=c021","甚深禅定之中，我与“阎罗王”叙旧，“阎罗王”带我到地狱最大的观光景点，这观光景点可是现代名词了。","那就是地狱有名的“孽镜台”，世人传说“孽镜台”只有一面，事实上是五面，这五面包括：","过去台。","现在台。","未来台。","预言台。","本地风光台。","我见到“转轮圣王”，“转轮圣王”对我非常恭敬。","“转轮圣王”问我：","“卢师尊，你想看什么？”","我答：","“看莲花一族。”","","转轮圣王先开“东窗”，我这一看分明是真佛莲花世界，红黄白蓝橙绿......，各色莲花开放，上有莲花童子，十八大，五百中，千千万万小，一片祥光，好看不过。","转轮圣王再开“南窗”，我这一看，但见我住的“南山雅舍”的坛城，看见自己趺坐坛城，入于定中，双目紧闭，气如游丝，正是卢师尊幻身出窍图。","转轮圣王再开“西窗”，我看见真佛宗莲花一族，欣欣向荣，万万朵莲花齐放，七彩缤纷，所度众生上亿上兆，数也数不清，我的内心颇为欣慰。","转轮圣王再开“北窗”，我这一看，大吃一惊，因为我看见十八朵大莲花，剩下十五朵，其他三朵去了何处？但见枯枝败叶，莲花枯萎，一片惨状。","我问阎罗王：","“十八朵大莲花，为何只剩十五朵？”","阎罗王答：","“十八朵大莲花下降娑婆，但，其他三朵，被世所惑，名利薰心，这三朵大莲花成了地狱中人，回不了天上界，将受轮回苦无休。”","我放声大哭。","","阎罗王说：","“娑婆世界本是幻宫，虽是大菩萨也容易迷失本性，陷入泥淖，地狱之中本来就囚禁了许多大菩萨，卢师尊的莲花一族，本是最珍贵的，只失陷三朵大莲花，已是万幸。”","阎罗王说：","阿修罗族，已全军覆没。","夜叉族，只剩一人。","九曜族，失去了六位星君。","四天王族，失落更多。","诸天族，一半一半。","莲花族，失去三朵大莲花。","我听了，真是骇人听闻！也为这三朵大莲花，哀痛欲绝。","我问：","“如何救？”","阎罗王答：","“唯有悟道。”","我说：","“我在幻中，亦知是幻，尽了全力明白幻，尽了全力出幻。”","阎罗王说：","“这是不欺之力！”又说：“不欺是真悟道者也。”","我说：","“如今，三朵大莲花如何？”","阎罗王说：","“以幻为实，自欺。”","","转轮圣王再打开中央的“本地风光台”，我这一看，里面正是“佛陀”。（阿弥陀佛陀）","在","阿弥陀佛身金色　相好光明无等伦","白毫宛转五须弥　绀目澄清四大海","光中化佛无数亿　化菩萨众亦无边"
"022 占卜未来的吉凶","https://reader.tbboyeh.org/fullscreen_player.php#/?ebook_id=404&chapter_id=c022","密教，有一位占卜未来最知名的女神，这位女神在天上界占有一席的地位，这位伟大的女神就是“吉祥天”。","吉祥天又名“功德天”，其父是“德叉迦”，其母是“鬼子母”，是“毘沙门天”之妹。","《金光明经》记载：“功德天品”。","《最胜王经》记载：“大吉祥天女品”。","《佛说吉祥天女十二名号经》及《大吉祥天女十二契一百八名无垢大乘经》。均有记载。","其身像：","“身端正，赤白色，璎珞环钏耳珰天衣宝冠。大吉祥天女左手持如意珠，右手施咒无畏，立莲花台上。”","我在“南山雅舍”供奉乙尊，我每日持大吉祥天女咒：","“嗡。摩诃室利耶。梭哈。”","","●","","我与“炎摩天”（夜摩天）的地狱阎罗王见面时。","我问阎罗王：","“我虽知自己的本地是阿弥陀佛陀，但，我仍然很想知道自己的未来吉凶。”","阎罗王哈哈大笑：","“何不去问问大吉祥天，她的占卜吉凶是第一名。”","阎罗王想了一想，又说：","“卢师尊，你差矣！你自己不是在占卜世人的吉凶吗？你何不自己占卜自己未来的吉凶祸福？”","我觉得哑然失笑，是的，我是神算第一的卢胜彦，昔日，一天神算三百人，吉凶祸福立断，何等神灵。","而今日，却想知道自己的未来吉凶，不自己算，想由大吉祥天女算，岂不是天大的笑话？","我问阎罗王：","“我不想占算了，我只想知道三朵大莲花的未来吉凶？”","（这三朵大莲花，是我最牵挂的）","","阎罗王说：","“放心，你知道以前入地狱的有谁吗？”","“谁？”","“释迦牟尼佛入过地狱，甚至转生畜牲道，当过象王、鹿王、猴王。释迦牟尼佛犯杀生戒、犯淫戒。许多菩萨下过地狱，连四禅比丘也下地狱。你莲花一族的三大莲花，也不用太为他们担心。”","我说：“是的。是的。”","阎罗王说：","“你想看自己未来的吉凶，你不是有弥勒菩萨送你的《通天之书》，何不一观？”","“真是一语惊醒梦中人！”","我看了《通天之书》，令我惊骇的是：","“一片空白”。","空白、空白、空白、空白、空白。","我大悟。","阎罗王笑了，阎罗王告诉我一则故事：","过去有一位出家僧人，喜欢看《法华经》（《妙法莲华经》）","看到“诸法从本来，常自寂灭相”，忽然犹疑不决。","僧人思索“诸法从本来，常自寂灭相”，连行、住、坐、卧，都想这一句，想啊想，都毫无头绪。","忽然春天到了，听到黄莺在枝头的叫声，他才顿然开悟。","","僧人写了一偈：","诸法从本来。","常自寂灭相。","春至百花开。","在","黄莺啼柳上。","","阎罗王对我说："
"023 达摩祖师如是说","https://reader.tbboyeh.org/fullscreen_player.php#/?ebook_id=404&chapter_id=c023","第六回合的深入禅定，竟然出现在“水天”，那是一座像晶亮美丽的透明之城。","真是：","似天非天，","似地非地。","这“水天”是一切天境的倒影，“水天”是一切天境之美的综合，说有多美就有多美，“水天”以水命名，但不是真的水。","这“水天”的结界，是一切结界之最，很少有人进入“水天”的结界之中，因为“水天”的结界，根本是天衣无缝的。","就算是龙王，也无法进入“水天”，而我能够进入“水天”，因为我是佛陀，只有修练到至高境界的人，才能进入“水天”。","我已是幻身。","没有表面。","也没有里面。","唯有这样的人，才能够进入“水天”。","我在“水天”遇到一位圣哲，他就是禅宗的祖师——达摩。","","●","","我们晓得：","达摩祖师是南天竺刹帝利族，父王香至，达摩是第三个儿子。","后来遇禅宗二十七祖般若多罗，成为第二十八祖菩提达摩。","在梁朝时代，普通元年，达摩泛海至广州，帝迎至建业。（首都）","问：“朕即位，造寺写经，有何功德？”","答：“无功德。”","问：“什么是真功德？”","答：“净智妙圆，体自空寂，如是功德，不可以世求。”","问：“如何是圣谛第一义？”","答：“廓然无圣。”","问：“对朕者谁？”","答：“不识。”","帝不悟。","后来达摩渡江，在嵩山少林寺闭关九年。最后，付法给“慧可”，付法偈是：“吾本来兹土，传法救迷情，一华开五叶，结果自然成。”","","●","","达摩祖师见我至“水天”，唱了一偈：","欲净何曾净。","说空未必空。","可怜卢胜彦。","半身泥淖中。","","我回头一看是达摩祖师，也回了一偈：","子系大祖师。","不识卢胜彦。","说禅未必禅。","何来半身见。","达摩祖师呵呵大笑，说：“好一位伶牙俐嘴的卢胜彦，到了『水天』，正好跟你好好的印证印证。”","","诗曰：","论禅在水天。","我","天境有余晖。","双双惊人语。","传世成警签。"
"024 经典解释什么","https://reader.tbboyeh.org/fullscreen_player.php#/?ebook_id=404&chapter_id=c024","在第六回合的甚深禅定，于“水天”中遇见“达摩祖师”，于是双方的论辩开始了。","达摩祖师问：","“什么是广中略？”","我答：","“小中大。”","达摩祖师问：","“什么是钞？”","我答：","“解释疏的。”","达摩祖师问：","“什么是疏？”","我答：","“解释经的。”","达摩祖师问到重点：","“什么是经？经解释什么？”（第一义谛）","我答：","“经是佛说。经是解释佛根本没有说法。”","","达摩祖师睁大了那一双铜铃眼，大喝一声：","“咄！从古至今，从来没有一个人答得出的问题，竟然被卢师尊，一语勘破。果然你不是省油的灯，怪不得光明四射，卢师尊，普天之下，智慧第一，非你莫属。”","我反问达摩祖师：","“在菩萨，智慧第一是文殊菩萨。在阿罗汉，智慧第一是舍利弗。在娑婆，智慧第一是卢师尊。那么我请问达摩祖师，你在何界？智慧第几？”","达摩祖师呵呵大笑：","“你识得达摩未？”（第一机锋）","我答：","“不识。”（第一义谛的回答）","","达摩祖师反问：","“你这不识的卢师尊，我在什么界？我智慧第几？”","这本来是我问达摩祖师的，现在反而被达摩祖师拿来反问我，我若答的偏，会让祖师耻笑，我若顾左右而言他，说一切不相干的话语，也是输了一筹，我必须一语中的。我想起了达摩祖师回梁武帝的话，此时正好还于他。","答：","“廓然无境界，体自空寂，何有第一。”","达摩祖师听了，点点头。","我问达摩祖师：","“祖师逝后蜕化，为何独留一只草鞋？为何不留一双草鞋？”","达摩祖师答：","“寻找知音。”","“知音不是神光（慧可）吗？”","达摩祖师答：","“慧可是一只鞋，而另一只鞋就是卢师尊。”","我问：“为什么是我？”","达摩祖师答：“只有你问，从无人问及。”","","诗曰：","果然是圣僧。","变化水天身。","分明精神在。","我","谁能辨伪真。","",""
"025 流支三藏","https://reader.tbboyeh.org/fullscreen_player.php#/?ebook_id=404&chapter_id=c025","在“水天”与“达摩祖师”见面，这时候谈起了昔日的“流支三藏”。","“流支三藏”是天竺人，通三藏经、律、论，比达摩更早到中国，成为一国的国师。","当“达摩祖师”到了中土之后，“流支三藏”与“达摩祖师”较量佛法，“流支三藏”不敌，深恐自己的国师地位不保，于是处处阻碍“达摩祖师”度化众生。","“流支三藏”精通佛法，神通法力高超，能驱使：","修罗天。","夜叉天。","龙天。","具摩罗天。","吉祥天。","飞天。","","“流支三藏”对外宣称“达摩祖师”与“飞天之女”有染。","又说“达摩祖师”不是佛教，而是附佛外道的“邪教”。","又说“达摩祖师”好名好利好权位，是一位权力的追求者。","又说“达摩祖师”只会邪术，没有真正的传承。其超高智慧是假的。","又说凡与“达摩祖师”在一起的人，是魔子魔孙，生前遭厄运，死后下地狱。","............。","“流支三藏”为了巩固国师的地位，命令人送毒药给“达摩祖师”食用。","一共毒了四、五回，均不死。","最后一次，送毒物给“达摩祖师”食用，达摩祖师自知“世缘”已尽，也就蜕化了。","","●","","我问：","“流支三藏，佛法一流，神通法力高超，何以世俗心如此重？”","达摩答：“有漏。”","我问：","“流支三藏最终如何？”","达摩答：","“长明何在？”","我问：","“流支三藏，既然明三藏，为何向那边？”","达摩答：","“虽明三藏，未出三藏。”","我问：","“流支三藏陷害你这么多，祖师有何特别感想？”","达摩答：","“感谢供养。”","我问：","“流支三藏，既然六通具足，为何坐假船？”","达摩答：","“六通具足，即非六通具足。”","达摩对我说：“你卢师尊，果然婆子心切！”","","诗曰：","真人何有色。","佛魔对决耶。","我","流支三藏者。","当代一朝霞。","（以上几篇文字，均含第一义，恐较难懂）"
"026 佛陀、达摩、卢师尊","https://reader.tbboyeh.org/fullscreen_player.php#/?ebook_id=404&chapter_id=c026","“水天”，达摩祖师与卢师尊，正式的面对面，正式的对话。","达摩祖师问我：","“卢师尊，鱼在水中，以水为命，却为何死在水中？”","我答：","“我在娑婆世界，以空气为命，一样会死于空气之中。”","达摩祖师说：","“如是，如是。”","我说：","“苍天，苍天。”","达摩祖师问我：","“卢师尊见到佛陀否？”","我答：","“佛身充满于法界，当然随时随地可见。”","达摩祖师问：","“佛陀对你说什么？”","我答：","“识得你。”","达摩祖师追问：","“识得你什么？”","","我不答话，做了一个“金鸡独立”的姿态，左手持莲花，右手说法印。","然后我再说：","“我是不生的生，我是无说的说。”","达摩祖师大惊：","“卢师尊，今日我印证你，正眼法藏，涅槃妙心，释迦牟尼佛的证悟，与卢师尊的证悟，无二无别。”","达摩祖师又说：","“这是佛陀的无上智慧，如今，卢师尊也一样证得无上的智慧，佛陀、达摩、卢师尊，完全不二。这是最高的智慧，没有比这个智慧更高的了。”","达摩祖师再说：","“你有弥勒菩萨的《通天之书》在心中，何不看看上面写了什么？”","我内观。","上书一句：","“佛陀未曾出生。”","我一看，大喜，明白，一清二楚。","","达摩祖师说：","“当今之世，你的智慧已是第一，无人能及，你是当今的第一祖师。这世界有你在，所有圣贤要全部涅槃了，何况那些活佛、大师、上人。”","我说：","“一时演化而已。”","达摩祖师说：","“这无上的智慧一得永得啊！”","我说：","“不敢。”","达摩祖师说：","“我们的见面，是以幻见幻，以『水天』为因缘，我的印证是幻，你亦知道，你是幻生。”","","诗曰：","见面无时空。","在","证悟无西东。","原来全是幻。","苦乐梦魂中。"
"027 顽癣的治愈","https://reader.tbboyeh.org/fullscreen_player.php#/?ebook_id=404&chapter_id=c027","一位“盈如”的新嫁娘，生了一位小婴儿，这位婴儿全身斑斑点点，从头、面、四肢、身子，全是顽癣。","她带小婴儿来见我。","我看了大骇。","我画了“治皮肤符”给小婴儿化饮。","但，毫无起色。","我又用“金刚指”加持小婴儿，仍然没有什么大变化。","我已经没有法子可以想了，突然我想到《通天之书》。","我看了《通天之书》。上书：","“速寻迦楼罗王。”","于是，我在禅定之中，以“幻身”去了宇宙的“天空城”。","这“天空城”原来有三王：","一、迦楼罗王。","二、大鹏金翅鸟王。","三、迦陵频加王。","","●","","原来“天空城”的三王，“迦楼罗”是九凤鸟，“大鹏金翅鸟”是鸟王，“迦陵频加”是妙音鸟，“天空城”是鸟国。","迦楼罗问我：","“卢师尊为何而来？”","我说：","“娑婆世界，有一婴儿，全身顽癣，无一处留白，不知如何治？”","迦楼罗说：","“你来对了！我九凤的涎液，正是所有一切顽癣的克星，任何皮肤病，均可痊愈，你取回去，画符时，将九凤涎液涂于符纸上，这小婴孩自可痊愈。”","我一听大喜。","我向“迦楼罗王”称谢。","迦楼罗王说：","“卢师尊大名，吾等皆知，知你已证悟了佛陀的证悟，以后若有需要，只须呼唤，吾等来助也。”","我取了“九凤涎液”，幻身出了“天空城”，我马上施法。","“盈如”的小婴儿，已转好。","“鲁文”已痊愈。","“罗全”已干净。","","●","","我有一个大发现，古来有“一物克一物”的现象，病理亦然，只要找对了药物，任何疾病均可治之。","弥勒菩萨给我一本《通天之书》，我只要翻一翻《通天之书》，答案就在其中。原来有皮肤之疾，要找“迦楼罗王”，顽癣本来是很难治愈的疾病，但，在我手下，癣疾全都好了，我的名声震动了朝野，上下十方，如今，我更忙了。","","诗曰：","皮肤要姝好。","须寻九凤王。","飞上天空城。","治愈就有望。","","","","","有","","",""
"028 癌症之“破”","https://reader.tbboyeh.org/fullscreen_player.php#/?ebook_id=404&chapter_id=c028","我发觉，我周遭的许多人，这个得了“癌症”去世，那个得了“癌症”去世，许多朋友得了“癌症”去世，许多同学得了“癌症”去世。","癌、癌、癌、癌、癌。............","我不禁大为惊骇。","“怎么这么多癌症？”（太多人得癌症了）","有一天，一位罗马利亚人的弟子，来对我说，她得了“癌症”。她叫“蜜海拉”。","有很多粒的“癌”在她的脖子上。","我急得不得了。","我终于翻开《通天之书》。上面写着：“去帝释天，善见城，找天医耆婆多。”","我以“幻身”出去，到了善见城，找到天医耆婆多。","","耆婆多对我说：","“癌”是细胞老化。","“癌”是细胞突变。","“癌”是细胞病变。","“癌”是细胞死亡。","“癌”是细胞中毒。","“癌”是细胞感染。","我问天医：","“如何治？”","天医说：","“在人间只有二项，一是割除，一是化疗。”","","我说：","“这个我知道。”","我问：","“如果是我呢？”","天医耆婆多哈哈大笑的说：","“你卢师尊是得了幻身的人，你具有神奇的幻手，能伸入人体之中，把人体内的癌细胞，像摘葡萄一样的摘了下来，那个癌症的病人就痊愈了。”","我说：","“就用幻手？”","天医说：","“没错，就用幻手。”","我问：","“有条件吗？”","天医答：","“相信你的人，向你祈祷，持你的心咒，你用『幻手』去摘除癌细胞。这些人会得到感应，癌癌癌癌癌，全部被你的『幻手』摘除，一刹那全部不见了。”","","天医又说：","“这些弟子会在梦中看见你，而你的手伸入弟子身中，把不好的细胞全掏走了。”","啊！我终于明白了！","于是，我终于运用了我这身外化身的“幻身”，到处去救“癌症”的病人，那些深具信心的弟子，得到“癌症”的，便一一的癌细胞消失掉，让医师大感惊讶。","罗马利亚的女弟子好了！","很多得“癌症”的弟子好了！","","诗曰：","人间生死离。","癌症人心急。","当","唯祷卢师尊。","幻手令病移。",""
"029 真的是“洗脑”","https://reader.tbboyeh.org/fullscreen_player.php#/?ebook_id=404&chapter_id=c029","一位“杨异”的小孩，天生就是一副“呆相”，如同“白痴”一般。","年纪已六岁了，连话也说不清楚，家长教他什么，他都不会。","表面上看不出来，但事实上是低能儿，他什么事均忘记。","从一到一百，也不会数。","加减乘除均不会。","食、衣、住、行均要人服侍。穿衣、吃饭都不会。","六岁了，连上厕所也不会。把屎尿拉在裤子里。","父母急了，带他来找我，我翻开《通天之书》一看，竟然是“洗脑”二个字。","","●","","我出了“幻身”。","到“杨异”的梦中，他梦见卢师尊把他带到天河。","把他的头壳打开。","用天河的水，拼命的冲洗，洗掉很多肮脏的东西，又把脑子里打结的，一一解开。","最后再把头壳缝好。","然后卢师尊从“天河”再把“杨异”送回梦中。他一直在梦中。","说也奇怪。","“杨异”自从做了此梦，一切记忆完全恢复，说话清楚了，一切事情自己能料理，食、衣、住、行，一一正常。","交代任何事，均记住。","上厕所，不用人教。","功课一学都会。","六岁的“杨异”竟成了“天才儿童”一般。","书只看一遍。","全部记得。","","“杨异”的父母原本烦忧这位低能的孩童，但，如今却忧愁一扫而空，比正常的小孩更优异。","我告诉杨异的父母：","“此子全凭天河的圣水洗净其脑部，而圣水的由来，是观世音菩萨净瓶所流出，你们当感念观世音菩萨，虔诚诵心经，念大明六字真言，或虔诵观音圣号。”","“杨异”的父母照办。","此事轰动全台。被赞为神医。","曾经有一位僧人，也是如此，读经旋记旋忘，永远也记不住。","梦中见卢师尊至。","带他去天河“洗脑”。","梦醒后，一目十行，一一记得牢牢的，整本经，全记得住。","如此奇异之事，僧人特别来感恩我的帮助。","人间有“洗脑”。","天上亦有天河“洗脑”。","听到这些真实传闻的，对卢师尊的“天河”洗脑，莫不肃然起敬。","","诗曰：","天河可洗脑。","世上实骇闻。","确实有此事。","光明入丹墀。","","","有","","",""
"030 铜身铁骨符","https://reader.tbboyeh.org/fullscreen_player.php#/?ebook_id=404&chapter_id=c030","母“莲香上师”，今年六十岁，我六十四岁，二人相差四岁。","她的身体状况还不错，检查身体，唯一的麻烦是“骨质疏松症”。","二○○五年，她全身体检，骨质疏松的指数早已低于标准之下。","二○○七年，她全身体检，骨质疏松的指数已达危险边缘。","萧医师说：","“速速抢救！”","张医师说：","“速服钙质！”","然而，家庭医师开出的药剂，莲香上师每回服用，胃肠均不适应。","家庭医师想尽了办法，用“打针”的，用“流质”的，用“贴片”的。","莲香上师均不适应。","医师办法用尽，束手无策。","","●","","骨质疏松的严重者，我听说：","一、一跌倒，骨盘就断了。","二、一搬重物，骨折。","三、一扭身，骨碎了。","等等等等。","患者的骨头，已不坚固，而且呈现了松动及坑坑洞洞。","莲香上师对“骨质疏松”深具戒心。","我对莲香上师讲了一个笑话：","“你将来如果坐轮椅，我一定会帮你推，放心好了！”","她说：","“你会把我推到闪米密西湖里！”","哈哈哈！","","●","","有一天，二○○八年六月二十九日，我打开“天书”，问如何救“莲香上师”的重症。","《通天之书》上写：","“铜身铁骨符。”","我画了“铜身铁骨符”在二十九日晚，贴于莲香上师的脚边。","二○○八年六月三十日，她赴华盛顿大学附设医院找一位苏珊医师用最彻底的仪器，检查“骨质疏松”。","这位苏珊医师，是研究骨质疏松的专家博士。","答案出来了：","“莲香上师没有骨质疏松，比正常人更正常，支撑到一百岁，没有问题。”","吓！","我们均大吃一惊！","明明是骨质疏松症，前二位医师言之鉴鉴，而最后的结果是：","“铜身铁骨。”","我卢师尊的“铜身铁骨符”一贴，真的变铜身铁骨耶！","","诗曰：","骨质疏松诚可悲。","步伐动作觉行迟。","师","贴上铜身铁骨符。","恢复青春少年时。",""
"031 “风神”台风","https://reader.tbboyeh.org/fullscreen_player.php#/?ebook_id=404&chapter_id=c031","○○八年五月三日，我在台湾桃园“林口体育馆”，举办了时轮金刚大法会，与会人士有三万人。","二○○八年六月中旬，在菲律宾形成了一个大台风，被取名“风神”。","这“风神”台风的走向，气象台报告：","由轻度、中度、强烈，渐渐增强。","路线由“吕宋”岛，吹向台湾海峡。","台湾的西部，由南到北，均会在暴风圈之下。","............。","我听到有人说：","“风神台风不给卢师尊面子，才隔一月，就来大台风。”","“时轮金刚法会刚完，就吹大台风，法会的法力，根本不起作用。”","“风神台风是故意来捣蛋的。”","“风神吹向吕宋岛，吕宋岛死伤严重，面目全非，损失惨重。”","“风神将笼罩全台。”","","●","","我有一丝丝的落寞。","时轮金刚大法会的法力无尽，怎么才一个月，就来大台风？","我如何阻止这么大的台风？救救我生长的地方。","我内观《通天之书》。","上书：","“风天”二字。","我出了“幻身”，飞向西北隅，口中念着“风天”的名字：","“嚩耶吠！嚩耶吠！嚩耶吠！”","我见到了“风天神”。","风天神是红黑的身子，身材高大，是西方五天之一，右手持杖，左手按腰，幢幡飞扬。","","我问：","“风神台风吹向台湾否？”","风天神答：","“是。”","我问：","“可有转向之时？”","风天神答：","“否。”","我说：","“那真是不给卢师尊时轮法会的面子了？”","风天神说：","“天地雷风泽水火山，均依天帝之勅令行事，甚少能违逆的。”","我说：","“我有佛祖律令，瑶池金母律令，三山九侯先生律令，这还不行吗？”","风天神一听，吓了一大跳。祂偷偷告诉我：“卢师尊可祭风天坛，便可。”（但，一年只能修一次法）","于是，我在曼荼罗之西南角，“”字，立一灯，然后，作法，将此灯吹熄。","说也奇怪，“风神台风”从“吕宋岛”出来，便转弱，消失无形，只剩下热带性低气压，“风神台风”解散了。","","诗曰：","风神如泼妇。","二","我是天人师。","急急如律令。","吹散风眼珠。"
"032 寻找“郑成功”","https://reader.tbboyeh.org/fullscreen_player.php#/?ebook_id=404&chapter_id=c032","一回，一位台湾台南的弟子，写信问我一个问题。","他说：“郑成功是赤崁楼，延平郡王神，他打败了荷兰人，收复台湾，请问师尊，郑成功转生何界？”","我想，郑成功是郑芝龙之子，是郑经之父，是郑克塽的祖父，郑成功是收复台湾的英雄人物。要寻找郑成功的转世，应该不会困难，因此，我没有内观《通天之书》，便以“幻身”去寻找郑成功。","出了“幻身”，我由上往下寻找，先到四圣界，佛、菩萨、缘觉、声闻，这四圣界，找不到郑成功。","我到无色界天，找不到郑成功。","我到色界天．同样找不到郑成功。","我到欲界天，连欲界天也找不到，这就令我奇怪了。","","于是我到神界去找——","龙王。","夜叉王。","阿修罗王。","大鹏金翅鸟王。","罗刹王。","地、水、火、风天。","雷神。","等等等等。","结果是令人诧异的，居然“神界”也找不到郑成功（延平郡王）。","我再找“地居神”，城隍、境主、土地、山神、河神、湖神......。","仍然没有。","","这时候，我急了，莫非藏身在“地方神”之中，例如：","“开漳圣王”、“五府千岁”、“天上圣母”、“三山国王”等。","我想“延平郡王”是“地方神”，绝对是错不了的。一定可以找到。","但，仍然没有。","最后无法，我以“幻身”去找“精灵界”。例如“囝阿公”、“百姓公”、“有应公”、“万善公”、“十八王公”、“显公妈”。","又是没有。","我几乎有点绝望了，我从最高的境界，找到“精灵境界”就是没有郑成功的影子，我找到：","“开台圣王庙”，主神是郑成功，但，原来也不是郑成功。","是姓“施”的。","这时，我想到“魔族”，莫非郑成功入了“魔族”，郑成功是民族英雄，怎会入了“魔族”？这是不可能的。","但，我仍然去找，果然，“魔族”里面没有，没有郑成功。","我想，我以“幻身”找一位大名鼎鼎的郑成功（延平郡王），一定可以找到，但，出乎意料之外，竟然找不到。最后，只好内观天书，天书上写“ＸＸ界”。我大骇，我请问大家“ＸＸ界”是何界？请参一参。","","诗曰：","烛暗行人静。","幻身去寻人。","原来有因果。","此恨果绵绵。","","","","","","","","","有","","",""
"033 龙王速去","https://reader.tbboyeh.org/fullscreen_player.php#/?ebook_id=404&chapter_id=c033","是在“克麦特岛”的海滨，平静无波的海，突起大风浪。","原来是“八大龙王”来皈依。","当时在现场，有“莲信上师”等人为见证，确实令人震撼。","晴天。","无风。","风平浪静的大海。","突然涌起八股涛天大浪。","“莲体法师”也说。","“八大龙王来皈依，实在太不可思议了！”","","●","","又有一回，我出游，乘船出海，那天同样是晴天，也没有风，船走得非常平稳，天蓝、海蓝。真是一幅自然的大画作。","我想起一首诗：","天天天蓝。","蓝天天天。","又：","小小江山国。","轻轻袈裟衣。","波光清作面。","天势碧成圆。","","这么好的诗，这么好的天，这么好的海，这么好的出游，令人心旷神怡，大家快乐的不得了。","船行大海之中，我屡次闻到奇香，一阵又一阵的，芬芳馥郁的香息不歇。","突然－－","暴风忽起。","波浪跟着汹涌。","风急浪涌，我们那条船，简直就成了漩涡中的一片树叶。","风愈吹愈大，浪愈涌愈凶，小船好像要被掀翻了。","同门有吐了的。","有抓紧柱子的，椅子的。","有的诵念咒语。","这风来得奇，浪也大得奇，怎么好好的风平浪静，一刹那就变得好像船势必要沉没了也。","","有一位同门大叫：","“大黑浪！”","又有一位同门大叫：","“师尊救命！”","我正心端意，内观《通天之书》，上书：","“龙王来朝见卢师尊。”","我一下子明白，原来我嗅到的香，是“龙涎香”。波浪大起，是龙王及诸龙来朝见我这位法王。（佛王之王）","我立于船头。","向虚空写了四个字：“龙王速去！”","这四字才写完，只一刹那，风止了，浪平了，海面完全恢复了平静，刚刚发生的，简直像一场梦，不可思议的难思议。","","诗曰：","风吹浪就飞。","我","云遮日光辉。","原是龙来朝。","勅令平安归。"
"034 蛇与鼠","https://reader.tbboyeh.org/fullscreen_player.php#/?ebook_id=404&chapter_id=c034","一名弟子，姓萧名山，他得了奇怪的痛症，为什么是怪症？","因为他的痛，会跑。","痛一会儿在“头”，又一会儿在“脚底”，又在“喉”，又在“四肢”，又跑到“心”，又跑到“肚子”，又跑到“后背”，又跑到“前胸”，最后跑到“肩膀”，也跑到“腰”。","萧山的痛，非常惨烈，哀爸叫母！","他当然找医师。","无因。","打针无效。","吃药无效。","针灸无效。","按摩无效。","全身扫描，不知为何引起疼痛？","他来找我。","","我用“天眼”一看，看见一条“青花蛇”，细细长长的，在萧山的全身游走，游到那里，他就痛到那里。","“怎办？”","我内观《通天之书》，上写一“鼠”字。","这下子我迷糊了。","“鼠”字何解？","我思考这“鼠”字，又想到“青花蛇”和“鼠”之间到底有何关联？","有一天，禅定。","我见到孔雀明王。","孔雀明王对我说：","“卢师尊，萧山的痛症，是青花蛇的缘故。而要引青花蛇，离开萧山最好的方法，其饵就是鼠，萧山须念你的心咒，等蛇跃出，卢师尊在萧山身上做结界，此痛症自可痊愈了。”","","●","","我由天书，见一“鼠”字。","再经过孔雀明王的启示。","我明白了。","我先请萧山居士禅定持根本上师心咒：","“嗡。古鲁。莲生。悉地。吽。”","在萧山之前，用铁笼子，装了一只老鼠，置于痛症病人的正前方。","如此，约半个时辰。","只见萧山居士，一声打呃，口一张，一条青花蛇从口中飞出，直向铁笼子里的“老鼠”咬下。","老鼠“吱吱”惨叫，死了。","青花蛇欲回萧山身上，此时我已在萧山身上作了结界。","青花蛇只有施施然，吐舌摇尾而离去。","（无形）","自从作了这一次的法，萧山的痛症，便完完全全的痊愈了。","这是很神奇的妙法，把缠身的青花蛇引出，这个法术，可算是千古奇闻吧！此事相当传奇。","人人乐道！","","诗曰：","何物身上栖。","痛症叫人迷。","唯祷天书救。","蛇精才奔离。","有","","",""
"035 雷声隆隆之日","https://reader.tbboyeh.org/fullscreen_player.php#/?ebook_id=404&chapter_id=c035","○○八年七月一日，那天清晨，我刚修法静坐，一阵又一阵的雷声隆隆，而虚空中的闪电，一条又一条，闪电及雷声，没有间隔过。","这令我想起，中国有一个小乡镇，听说雷电特别多。","曾经有一回，一整天雷电不止，闪电打雷竟达四千次。","据说：","焚屋数栋。","被雷击中的树木无数。","被雷电打死的人也有七人。","这个雷声隆隆之日，在美国“西雅图”是很少看见的，很少有。","电光四面八方而来。","雷声震天而响，有嘶裂之声，连地都震动了。","“劈利叭拉！”","大地被震得跳跃。飞砂走石，掩天遮日，一阵闪电，一阵雷，有时八道闪电一起下，那雷声使人耳聋。","","我心中嘀咕：","“怎么回事？”","而这些闪电，在我的房屋四周，一条又一条电蛇，连下好多条。","雷声的轰隆，就在屋顶，连家中地板也跳“曼波”了！","我向虚空发问：","“怎么向我打来？”","虚空中，九天应元雷声普化天尊答我：","“捉逃逸的八爪鬼魔。”","我说：","“我这里岂有八爪鬼魔？”","九天应元雷声普化天尊答：","“明明看见躲入你家，却突然不见了踪影，这真奇怪？”","我不再多说什么，只专注我的修法，我修法时，顶放三光：","佛光。","白光。","灵光。","","这三光一放，雷公电母，雷部正神，便匆匆的离去了。","一刹那，晴空无云，雷电均止，这打雷闪电有二小时有，二小时后，一切恢复正常。","我在坛城前，站立起来。","一只八脚的“金龟仔”，从我袈娑掉了下来，那只“金龟仔”仿佛向我顶礼三拜，爬啊爬的，伸出双翼，从窗口飞了出去，飞出去就不见了。","我很讶异，我袈裟内竟有一只八爪“金龟仔”。","我内观《通天之书》，上书：“误救魔族！”","啊！原来“金龟仔”就是“八爪鬼魔”。","我内观《通天之书》，问怎办？","书中二个字：“因缘。”","","诗曰：","八爪鬼魔飞。","雷电拼命追。","寄语鬼魔族。","潜心真忏悔。","","","二","","",""
"036 突然“心血来潮”","https://reader.tbboyeh.org/fullscreen_player.php#/?ebook_id=404&chapter_id=c036","○○八年七月六日的晚上，我、莲香上师、陈晓峰，三人在超级市场。","主要是莲香上师想买一种特殊的肥皂，这特殊的肥皂是：","天然的。","无添加香料。","无特殊制作。","无刺激性。","这种肥皂，才能适用于特殊体质的皮肤，而不引起敏感性。","我们三人在超级市场走啊走的。","突然，有一股无形的力量在头顶上方，心突然震动了一下。","","这是“心血来潮”的现象，这种现象很难去形容它：","全身凝固。","气由下向上，至顶上“百会穴”。","周身毛细孔贲张，放出光明。","忽然香息周遍。","身子气动，触动了心。","我对莲香上师、陈晓峰说：","“我需要精神集中一下，闭一闭眼。”","我走到较僻静之处，站立，内观《通天之书》，内书：","“慧琳即将往生。”","我即刻站立，一手扶住食物柜，即刻“出了幻身”，一刹那就飞出，马上到了往生者之前。","","●","","且说这位慧琳居士。","在诸弟子的念“上师心咒”之中。","看见莲生师尊至，并化为阿弥陀佛，右有观世音菩萨，左有大势至菩萨，西方三圣来迎接慧琳居士。","慧琳居士，口诵：","“卢师尊化佛在中间，观世音菩萨在右旁，大势至菩萨在左边，西方净土顶上现，等我九品莲花见，一起共西行也。”","说完。","慧琳居士就往生了。","（原来这位慧琳居士，自知时日不多，写信至真佛密苑，要求卢师尊一定要接引，我回答一定亲赴接引）","","●","","慧琳居士临终时，曾大喊：","“卢师接引我！”","大喊：","“嗡。古鲁。莲生。悉地。吽。”","于是，我在超级市场，突然“心血来潮”也，虽然在超市，我也能够一手扶着食物柜，立定，出现幻身，去接引弟子。这位弟子纵然千里万里，我一样能刹那即至，这就是幻身一念的妙用。","莲香上师及陈晓峰问：","“怎么回事？”","我答：","“办事！”","","诗曰：","观音助远接。","二","势至辅遥迎。","卢师顶上现。","净土大光明。"
"037 潭柘寺","https://reader.tbboyeh.org/fullscreen_player.php#/?ebook_id=404&chapter_id=c037","中国北京西郊门头沟区的群山之中，有一座“潭柘寺”。","该寺创建于西晋时期，最初的寺名叫“嘉福寺”，明代改名“龙泉寺”，以后又改名“万寿寺”、“岫云寺”。","最后，因为寺的后山有一“龙潭”，山下有一“柘树”，所以定名“潭柘寺”。","我为何写“潭柘寺”？","因为有一位王明达弟子，赴中国大陆观光，去了“潭柘寺”。","他赫然看见：","“莲花童子在其中。”非常明显，他手上持金刚铃、金刚杵，而且持法是“反扣”持法。只有莲花童子是“反扣”持铃杵的。","他问僧人：","“此尊何名？”","僧人答：","“五佛的化身。”","","●","","“潭柘寺”为何有“莲花童子”（卢师尊）在其中？无人得以知之。","我观《通天之书》。","上书：","“匠人感应”。","我以“幻身”去了“潭柘寺”，问了观世音菩萨，观世音菩萨才告诉我：","有一位匠工，名益修，生了一场怪病，双腿不能行走。","忽一日梦一位神人来告之：","“如果要腿能好，速速雕刻五佛的化身，还愿才能好。”","匠工问：","“五佛的化身，是何形象？”","神人告之：","“五佛的化身，正是现世的卢师尊，他的雕像是持金刚铃、金刚杵，最不相同的是反扣印。”","","神人显化莲花童子（卢师尊）的法相给匠工益修看。","匠工益修看了，觉得非常奇特，因为未曾见佛像有“反扣印”者。","匠工就把“五佛的化身”做好了，在“潭柘寺”还愿。","说也奇怪，雕刻好了“莲花童子”之后，匠工益修的双腿自然痊愈，能够行走如飞了。","我最近发觉到，在我“幻身”出游大陆时，竟然看见很多寺院，均供奉着莲花童子（卢师尊）的雕像，据说卢师尊的雕像出自很多雕工之手，而且在现世之中，是最最灵感的一尊。","我盼望如果有人，去大陆游玩，大家去看看“潭柘寺”，去参拜“五佛的化身”，“莲花童子”（卢师尊）在其中也，其他的寺院也有，请留意。","","诗曰：","天意真玲珑。","雕像一阵风。","却是大灵应。","幻身如飞鸿。","","","","","","","","","在","","",""
"038 九曜老人","https://reader.tbboyeh.org/fullscreen_player.php#/?ebook_id=404&chapter_id=c038","出“幻身”的时候，有一次，遇到一位“九曜老人”，这位九曜老人告诉我，他是一名星宿大师，知道整个宇宙秘密的人。","我问他：","“星宿有何秘密？”","他答：","“星宿从不离开轨道而运行，如果一偏离，就会有世纪大灾祸。”","我问他：","“人与星宿有关联？”","他答：","“每一个人，同样有命运的轨道，原是不会改变的，如同星宿轨道不会改变，但，若有变，也是大吉大凶。”","我问他：","“这是宿命？”","他答：","“正是。”","","九曜老人告诉我：","“卢师尊，你修行的功力，已到无上的境界，你与星宿是一合相，你就是星宿，星宿就是你，牵一发而动全身，你能够呼风唤雨的原因在这里。”","我说：","“如此说来，岂不是很恐怖。我只是一个很平凡的人，我可不愿意牵动星宿。”","九曜老人说：","“修行到无上境界的人，与宇宙是一合相，这些是由不得你了。”","我说：","“我不愿意当罪人，我只希望，宇宙平和，众生安乐，我不愿意星宿变化，人间有大灾祸发生。”","九曜老人，笑笑而已！","","●","","有一位“珍法师”告诉我，珍法师偷偷统计，我受大毁谤时，巧合的是，世界均有大灾祸：","第一次大毁谤——世贸大楼被炸。","第二次大毁谤——南海大海啸。","第三次大毁谤——暴风雪。","第四次大毁谤——汶川大地震。","我告诉珍法师：","“绝无此事，我是小小卢胜彦，心存悲天悯人的心，拯救世人是我的责任，我度众生犹恐不及，这些，和我无干。”","我祈愿：","人间娑婆，人人安乐，人人富足，风调雨顺，国泰民安。","人间娑婆，地不震动，水勿暴急，火山勿爆，风平浪静。","人间娑婆，四季如春，气候温和，收成丰盛，无灾无难。","我翻开《通天之书》。","为什么人间有这么多灾劫发生？","书上只一字：","“巧”。","","诗曰：","天人一合一。","神通如凌波。","但举金刚杵。","便可定星宿。","我","","",""
"039 “永不堕四生”","https://reader.tbboyeh.org/fullscreen_player.php#/?ebook_id=404&chapter_id=c039","一日清晨，我做完早课，静坐片刻，忽然看见《通天之书》上面写了五个字，这五个字竟是：“永不堕四生。”","我不知《通天之书》浮现这“永不堕四生”这五个字的用意何在？","经我屈指神算，始知：","一、用毛笔写下这五字。","二、放在问事桌上。","三、必有感应。","","当天下午，有一位何冲先生匆匆来我之处，他面带哀容对我说：","“家母朱氏，已过世六个月，忽来梦示，说在阳世造业，目前正在阴间受苦，受完苦，还要堕入畜生道，家母自知畜生道也是极苦。”","“家母朱氏，苦苦哀求冥王，勿堕畜生道，冥王起先不肯答应，后经家母多次哀求，冥王才说，妳之子，何冲先生，在阳间是卢师尊弟子，卢师尊是当今的天人师，只有卢师尊的律令，才能救妳。”","“家母问冥王，如何救？冥王答，请卢师尊写下，永不堕四生，这五个字。这五个字就是律令，与金纸一同烧化，我们冥王接了这律令，妳就不用堕落四生道，这四生就是胎生、化生、卵生、湿生，如此，妳可以上升天上境界了。”","何冲说：","“今日匆匆而来，就请师尊写下，永不堕四生，这五个字。”","我拿出早已写好的“永不堕四生”五字。","","我问何冲：","“是这五字吗？”","何冲看了大骇：","“正是这五个字，师尊真是神人也，竟然未卜先知。”","何冲惊喜异常。","我淡淡的笑了一笑，说：","“没什么，这就是感应。”","我告诉何冲：","“你要灭你母亲的业障，何不持诵『七佛灭罪真言』，也可持诵『地藏菩萨灭定业真言』，或是『往生咒』，对你母亲均有大益，回向给令慈吧！”","我又告诉何冲：","“印送《观音经》、《真佛经》、《金刚经》、《太上感应篇》，亦可消除你母亲的罪障，你速速去办吧！”","","何冲回去后，一一照办。","有一天，何冲来告诉我：","“母亲朱氏，果然获得救拔，在梦中显现，已头戴天冠，身披天衣，虹光围绕的下降，母亲要我深深的去谢谢卢师尊，卢师尊的五个字，永不堕四生，竟然是大律令！”","我淡淡一笑：","“这是冥王的抬举了！”","","诗曰：","何不修善业。","免得吃大亏。","冥王律令严。","荡子何时归。","","","","","","","","","","有","","",""
"040 红通通的双眼","https://reader.tbboyeh.org/fullscreen_player.php#/?ebook_id=404&chapter_id=c040","○○八年七月，我去了“奥地利”、“德国”、“瑞士”旅行。同行有三十三人。","喜欢说笑话的陈传芳女士，一见面，就对我说：“卢师尊，我自从今年五月，到七月，三个月间，不知何因，双眼红通通，眼红症虽不是什么大病，但，感觉不舒服，人人看见了，都问我怎么回事？”","陈传芳共找了“五位医师”诊治，五位眼科专家都说会好。","但二个月过去了；“眼红症”始终不好。","陈传芳请我加持。","我说好。","当我说“好”的第二天，陈传芳女士的红眼之疾，第二天，就真的好了。","“五位眼科专家，治了二个月，均不见效！”","“卢师尊喊一声好！第二天就红眼退去，竟然就好了！”","（人人啧啧称奇）","","●","","其实这也没什么，当天晚上，我修法时，请来了观世音菩萨。","我问：","“陈传芳女士是怎么回事？”","菩萨答：","“眼血球阻塞发炎。”","“医师为何治不好？”","菩萨答：","“医师只治表面发炎，未能去除淤塞而已。”","“菩萨如何救她？”","菩萨答：","“我用杨枝净水，去洗净她的淤塞，第二天就自然好了！”","我谢菩萨：","“感谢观世音菩萨慈悲！”","观世音菩萨说：","“卢师尊何用客气，你的一道眼科符，自能根治，效果是一样的。但，你请了我来，我就帮你一回而已。”","菩萨自去找陈传芳女士去了！","而医治了三个月的时间，只一过卢师尊，一夜就痊愈了。","读者信不信？","不信，且去问问，美国加州的笑话大王陈传芳女士。","","●","","我在旅欧期间，又听说“台风袭台”，我心急如焚。想找风天神。","我打开天书，一看，上书：","“你已救台湾一次足矣！余者，自作自受吧！”","我怅惘！","我一心一意的想救台湾的灾难，可惜灾劫是重重。","我的心意，又有谁知？奈何？","","诗曰：","怨气台湾聚。","思之泪欲流。","众生且勿怪。","我自上高楼。","二","","",""
"041 帝释天之后","https://reader.tbboyeh.org/fullscreen_player.php#/?ebook_id=404&chapter_id=c041","出“幻身”，见一位天吏来见我。","天吏说：“帝释天皇后邀见卢师尊！”","于是，我随天吏进了帝释天“善见城”。","善见城之宏伟，仍然令我心动。","五栋大殿矗立。","五山一般。","如五指。","其高不见顶。","帝释天天后“舍指夫人”，特别穿着凤冠霞披天衣，降阶迎我。","天后说：","“卢师尊！我遭世人误谤，特请你昭雪。”","我问：","“何谤？”","天后“舍指夫人”说：","“一，世人以为是我挑起帝释天及阿修罗天的天上战争。”","又：","“二，世人以为我是阿修罗之妻，其实不是，世人以为帝释天因我的美貌，所以夺了阿修罗之妻。”","“三，世人以为我的第一位儿子，是阿修罗王之子，其实不是，他是真的帝释天之子。”","","我听了，不动声色，问天后夫人“舍指”：","“你要我如何昭雪？”","天后“舍指”说：","“你在你的书中，写出我本阿修罗最美丽的女人，仰慕帝释天，帝释天见我美貌，便娶我为妻，其他的全属子虚乌有之事。”","我听了，沉默不语。","舍指夫人说：","“你不能为我昭雪白谤吗？”","我观察自心的《通天之书》。","上书：","昭雪无用。","无用昭雪。","原本无事。","自性净洁。","","我告诉“舍指夫人”：","“帝释天，帝释天天后，阿修罗王，这种天上的事，亘古以来，早已流传甚久，众已知之。我卢师尊，岂能因我一语，便可昭雪天上界之事，我是不是太自不量力了，所以我无法遵命行事。”","“舍指夫人”说：","“那永远沉冤不白了？”","我说：","“不管是不是冤屈，但，一心皈依三宝，实修佛法，悟得真性，得如来的般若智慧，世间如幻，天上如幻，还有什么昭雪不昭雪的。”","舍指夫人听了，大悟，说：","“如今，我就皈依卢师尊吧！”","我说：","“不舍一个众生。”","终于帝释天皇后“舍指夫人”于善见城皈依了莲生活佛卢胜彦。","","诗曰：","毁谤无终极。","我","天人也叹息。","但知本无事。","完全不须理。"
"042 金刚座","https://reader.tbboyeh.org/fullscreen_player.php#/?ebook_id=404&chapter_id=c042","说，中阴身（灵魂），有二地去不得：","一曰，佛陀的金刚座。","二曰，女人的子宫。","据我所知，佛陀的金刚座，有不可思议的“结界”，也就是不可思议的幻，那是一切智如幻法门所出生的。","一切佛菩萨，恭敬“金刚座”，如同恭敬佛陀，故金刚座只有佛陀一人可坐，未闻有其他者，可坐金刚座。","又，女人的子宫，是出生“有缘”者的地方，有“缘力”结界。","一切中阴身，除非“有缘”，否则同样近不了子宫。","中阴身有神通，但近不得金刚座，及女人的子宫，这全是有大结界之故。","我出了“幻身”。","由幻身出现金刚王，也就是最胜的，最清净的，最圆满的，最不坏的。","而我这“幻身”，却进入了“金刚座”的结界，而且直奔“金刚座”之前。","这是从来没有的。","从古至今，未曾有人，能赴佛陀的“金刚座”之前。","有大力菩萨问我：","“卢师尊，如何入金刚座结界？”","我答：","“无等无所动，平等坚固法，悲愍流转者，不染一切趣，三界无所依。”","菩萨听了，亦肃然起敬。","","●","","佛陀见我入了金刚座结界，也就从金刚座现身。","佛陀说：","“我让出金刚座，由卢师尊坐，如何？”","我说：","“三世一切佛，都恭敬佛陀，承认金刚座，是佛陀所独有，无人敢坐，我卢师尊也不敢坐。”","佛陀说：","“坐坐无妨。”","我内心犹疑了，佛陀诚意相邀，我如不坐，岂不是违了佛陀本意？","正当我犹疑不决，《通天之书》出现了字：","佛陀金刚座。","现金刚法幢。","是其身心现。","坐之则不敬。","","我一看，就清楚明白了。","我说：","“我虽能入金刚座法界，只因我有金刚藏，有破惑之智，已断最微细的无明，故已是等觉。”","“但，我不能坐金刚座，因是佛陀身心也，佛陀身心是金刚顶，我岂能坐？”","佛陀问：","“卢师尊，仁者何以不仁者？”","我答：","“不仁者亦仁者。”","","诗曰：","不坐金刚座。","仍然是金刚。","据","十方一切佛。","不在坐非坐。",""
"043 听见妇女哭声","https://reader.tbboyeh.org/fullscreen_player.php#/?ebook_id=404&chapter_id=c043","在某日，于“真佛密苑”静坐时，突然听见雷藏寺内有妇女啜泣之声。","声音忽大忽小。","我仔细听了几回，确实是妇女哀祷的声音。","西雅图雷藏寺到“真佛密苑”，距离虽不是很远，但，真佛密苑是听不见雷藏寺的声音，雷藏寺也听不见“真佛密苑”的声音。","我问法师：","“寺内谁哭？”","法师们听我一问，人人惘然。","我再问：","“寺内何妇女哭？”","","这时才有法师说：","“最近几天，常有一位妇人，于午后到雷藏寺来，对着佛菩萨嚎哭一回，又默坐一回，又偷偷的低声的笑。”","法师说：","“我们以为这妇女精神不正常、不稳定，所以没有告诉师尊。”","“多久了？”","“就这几星期。”","我说：","“不管这位妇女，有何怨屈，又有任何疾病，或有何困厄，我们身为法师的，都要趋前去关怀才是。”","法师说：","“我们对于精神不稳定的病患，不敢报告师尊知道，恐怕她又害了师尊，有了前车之鉴，这等精神不稳定的妇女，敬而远之才好！”","我说：","“我佛慈悲，精神不正常，已是不幸，她又有怨屈，我们若不加怜恤，谁来怜恤，我个人不舍一个众生，任何人都应该去帮助她才是！”","我请法师们，多多照顾这方面的妇女，尽量去帮助她们。","如果确实有大困难，我亦可尽全力去协助她。","","这哭泣的女子有三大难处：","一、只身在美国，无工作。","二、二个小孩叛逆。","三、无依无靠。","在二○○八年七月二十六日晚上的同修会，她来皈依我。","我一见此妇女，观了《通天之书》，便知此妇女的一生经历。","这真是一件神妙的事。","这妇女在雷藏寺哭，我在“真佛密苑”，竟听到她的哭泣声。","奇哉！奇哉！","我若不问，法师们隐瞒不说，岂不是少度了一个有缘人？","我当尽全力帮助她。","","诗曰：","学佛觉有情。","度生非虚名。","不舍一众生。","这是真性灵。","","","","","","我","","",""
"044 三只小黑狗","https://reader.tbboyeh.org/fullscreen_player.php#/?ebook_id=404&chapter_id=c044","二○○八年七月二十六日（星期六）的同修之中，由于我刚从欧洲回到美国西雅图，因时差之故，略略闭目。","竟然看见一群人，逃离家园，又看见三只小黑狗。","我看见三只小黑狗，站立在桥墩柱，如同热锅上的蚂蚁，张惶失措。","因为桥下的水，已渐渐淹上桥墩，水流湍急，漫天的大雨，倾盆而下，水位上窜迅速，很快就要淹没三只小黑狗了。","我看见《通天之书》，上书：","“结界”二字。","我把逃离家园的人及三只小黑狗，全部用法力，“结界”起来。","这“结界”是：","无形气罩。","网住人及三只小黑狗。","小黑狗因在无形气罩中住。","可浮于水。","不致于淹死。","我出定后，对同修的同门说：","“我看到一群人逃难及看见黑色的狗。......。”","","●","","后来，我才明白：","原来台湾又来了大台风，这个台风名叫“凤凰”。","由东部登陆，再由彰化出海。","是中度台风。","阵风最高达十七级。","半径二○○公里。","挟带了暴雨。","使台湾的许多城镇淹大水，甚至水流淹没了桥面。","那三只小黑狗，果然是真有其事，有电视台记者摄影到三只小黑狗在桥墩上。","后来水位上升。","三只小黑狗便失去踪影。","","等到台风过后，再摄影桥墩，早已不见了三只小黑狗。","说也奇怪的是，三只小黑狗，没有被大水淹没，也没有死，没有被急流给冲向大海，反而是在河岸出现，悠哉游哉，这真是命大。","我看了非常欢喜。","原来“结界”有很大的好处：","一、密教行者可保护自己。","二、避免灾厄。","三、地、水、火、风可避之。","四、可保护自己生命。","五、可保护自己不被外灵入侵。","六、大至国家、家庭，小至坛城及个人，均可结界之。","我亦然明白，四圣六凡十法界，原来都是有“结界”的。","","诗曰：","佛法实便当。","可救诸灾难。","一指全覆盖。","黑暗变明光。","在","","",""
"045 加州大地震","https://reader.tbboyeh.org/fullscreen_player.php#/?ebook_id=404&chapter_id=c045","欧洲旅行的时候，同行的有加州四位大妈，即是：孙爱珍、魏思颜、陈传芳、蒋冠蓉。她们都住在洛杉矶。","美国加州盛传将有大地震。这不是空穴来风，也不是谣言。","而是地震学家说的：","加州是地震带，断层严重。","百年前有过巨大的大地震。","如今能量已聚集了如同百年前惊人的力量，可以达到九级、十级。","只要一地震，足以毁灭整个加州，是难以想像的大灾难。","加州的大地震或然率达百分之九十九。","这是十分吓人的。","住在加州的人，忧心忡忡。","","●","","加州四位大妈对加州大地震自然特别的关心，频频问我，怎么办？","“会发生吗？”","我答：","“会。”（《通天之书》也写会）","“那我们怎么办？”","我答：","“我们学佛的人，照常修行佛法，自有菩萨善神守护，同时要具备地震发生时具有的逃生常识，这是最基本的。”","“师尊可以帮帮我们吗？”","我答：","“当然。”","“怎么帮？”","我答：","“大事化小，小事化无。总之，我能令你们平平安安就是。”","陈传芳说：","“有师尊在，安了！安了！”","我说：","“这可是不能掉以轻心的，你们平时就要准备水、粮食、手电筒、收音机......。一旦发生，逃生的常识一一具足，这样才能躲过灾难。其实不只加州是地震带，美国西雅图也是地震带，我们同样要提高警觉。”","“西雅图有师尊在，美国加州没有。”","“我会为你们祈祷！”","我说：","“地震一来，不要十级，减半吧！或不发生。”","","●","","二○○八年七月二十九日中午时分，美国加州果然发生五点四的大地震。","人们惊惶。","幸好只是五点四，浅层地震。","没有重大的伤亡传出。","我如此说：","“就算再怎么样，我本人具有守护加州弟子的责任，我期盼将结界的力量，尽力去守护加州的弟子们！”","","诗曰：","昔日倾城貌。","今日又来袭。","在","祈愿只半半。","骨肉不分离。","（同修不分离）"
"046 悟佛陀的悟","https://reader.tbboyeh.org/fullscreen_player.php#/?ebook_id=404&chapter_id=c046","一天，我开悟了。","我观《通天之书》，上书“悟佛陀的悟”。也就是我的悟道正是释迦牟尼佛在菩提树下，所悟的完全一模一样。","是真的“悟佛陀的悟”。","我悟了之后——","破生死。","破烦恼。","破梦幻。","破有。","破空。","甚至天地皆破。","等等等等。","我当然明白，什么是大明咒、大神咒、无上咒、无等等咒。","此悟“无上”，故称“无上正等正觉”。","","我当然明白：","身空。","心空。","法空。","性空。","开悟了，当然如是如是。","我很奇怪，当年的孔子圣人，怎会说出，“朝闻道，夕死可矣！”难道孔子也明白佛陀的悟吗？（这个悟，世人很难忆测）","自从我拥有了“佛心印”之后，我从此知道，就是“这个”。","我自知，没有比“这个”更上的开悟，没有比“这个”更珍贵的，没有比“这个”更有价值的，世上的器世间泯灭。","世上的空间、时间、有形、无形，全部泯灭，这是完完全全寂灭的境界。","对于：","权位。","财产。","名誉。","色相。","欲望。","","我只能喊：","“苍天！苍天！”","我这一生，名誉完全破碎，变成完全没有名誉，我也是只能喊：","“苍天！苍天！”","我实实在在的告诉大家，我的开悟，是绝对的。超出权位、超出世上财主、超出名誉、超出色相、超出欲望。","甚至：","“轮回”。","“涅槃”。","我当然不能把“悟佛陀的悟”一下子公开在书上，或在我的演讲上说了出来。因为世人悟性参差不齐的缘故。","如果接近“开悟”者，刹那明白。","未接近“开悟”者，反而毁谤。","故：“不可说！不可说！”其原因在此。","","诗曰：","此世何有怨。","吾已立高峰。","有","悟佛之大悟。","斥破空假中。",""