"chaptername","chaptername href","chapterbody","chapterbody 2","chapterbody 3","chapterbody 4","chapterbody 5","chapterbody 6","chapterbody 7","chapterbody 8","chapterbody 9","chapterbody 10","chapterbody 11","chapterbody 12","chapterbody 13","chapterbody 14","chapterbody 15","chapterbody 16","chapterbody 17","chapterbody 18","chapterbody 19","chapterbody 20","chapterbody 21","chapterbody 22","chapterbody 23","chapterbody 24","chapterbody 25","chapterbody 26","chapterbody 27","chapterbody 28","chapterbody 29","chapterbody 30","chapterbody 31","chapterbody 32","chapterbody 33","chapterbody 34","chapterbody 35","chapterbody 36","chapterbody 37","chapterbody 38","chapterbody 39","chapterbody 40","chapterbody 41","chapterbody 42","chapterbody 43","chapterbody 44","chapterbody 45","chapterbody 46","chapterbody 47","chapterbody 48","chapterbody 49","chapterbody 50","chapterbody 51","firstcharacter","chapterbody 52","chapterbody 53","chapterbody 54"
"目录","https://reader.tbboyeh.org/fullscreen_player.php#/?ebook_id=414&chapter_id=c999","序 白空行母现身(序)","001 白空行母抛下的一本书","002 头壳坏掉了","003 破“根本上师”誓戒","004 酱缸的污染力","005 常常想自己必将死去","006 三只碗","007 瑜伽士的宝剑","008 请勿随意毁谤","009 “无明”是轮回之根","010 众生不可思议","011 行者与众生的三昧耶","012 皈依的三昧耶","013 开悟者有三昧耶吗？","014 精进的三昧耶","015 膨风法王","016 瞎猫碰到死老鼠","017 丘长春真人","018 瓜田李下","019 大乐的下堕","020 无的放矢","021 毒舌","022 无止尽的“喋喋不休”","023 舌剑唇枪","024 贪恋世俗","025 不可憎恨","026 傲慢与偏见","027 最最严重的三昧耶","028 佛陀的制度","029 什么是真正行者？","030 以“无我”为第一的教戒","031 “无我”的深密","032 一整出戏","033 “门户之见”是过患","034 论“退失道心”","035 肤浅的“神通”","036 烦恼如何断尽？","037 证量的象征","038 遇见珍宝上师","039 冒滥的上师","040 白度母的警告","041 掉入陷阱的危机","042 幼稚幼稚又幼稚","043 先修对治法","044 斩魔的宝剑","045 内心深层的痛","046 最大的关键","047 修持成就的口诀","048 大圆满的法教","049 最后的警告","050 附录：嶽神受五戒","","","",""
"序 白空行母现身（序）","https://reader.tbboyeh.org/fullscreen_player.php#/?ebook_id=414&chapter_id=c000","日。","我在“吐登达吉”上师处，我的上师对我讲述了一件真实的故事。“吐登达吉”说：","有一天。","白空行母现身对我的上师讲：","“你要速去台湾，找一位姓『罗』的，这位姓『罗』的，在这个时劫里，会是一位珍宝上师，将来成就果位，这位上师的报身就是阿弥陀佛。”","“吐登达吉”最初不以为意。","但白空行母屡屡出现。","于是我的上师带着侍者“吐登其供”到台湾弘法，顺便寻找姓“罗”的。","找啊找的。","始终没有找到一位姓“罗”的。","“吐登达吉”上师找不到姓“罗”的，非常的沮丧。","过了不久，我主动皈依了“吐登达吉上师”，上师为我取法号：","“吐登其摩”。","又有一天。","白空行母现身，我的上师对白空行母说：","“在台湾，找不到姓『罗』的。”","白空行母回答：","“他早就在你的身旁，他就是卢胜彦，你传授他内密三部甚深不共口诀吧！”","我的上师说：","“他姓卢不姓罗？”","白空行回答：","“台湾话，姓卢的发音就是罗。”","“卢”的发音是“罗”。","吐登达吉上师恍然大悟。","所以，我在吐登达吉上师处，成为他的主要弟子，所有内密口诀均得自他的传授，无与伦比的灌顶，加持力源源不绝。","我在吐登达吉上师处得到：","咕噜咕咧佛母灌顶。","无上密灌顶。","大威德金刚灌顶。","时轮金刚大灌顶。","......。","甚至在“吐登达吉上师”入灭后，仍然现身，传授我不共的法教。","我感恩顶戴。","","●","","有一天。","白空行母现身对我说：","“卢师尊，你要写一本书，你有责任写这样的一本书。”","“什么书？”","白空行母从虚空中抛下一本书给我。","我翻开一看，大骇！","白空行母说：","“写吧！这是警惕你的圣弟子，在险地上，在歧途上，叫唤他们走回正道的方法！”","我说：","“这！太难为了！”","白空行母说：","“难为而为，也是善哉！此书，众生须读。”","","莲生活佛卢胜彦联络处","Sheng-yen Lu","昔","17102 NE 40th CT","REDMOND WA 98052","U. S. A."
"001 白空行母抛下的一本书","https://reader.tbboyeh.org/fullscreen_player.php#/?ebook_id=414&chapter_id=c001","文“序”中提到，白空行母从虚空中，抛下一本书给我，我这一翻，大骇。","此书书名：《极机密下三恶道名册》。","我翻了一翻。","吓得我手足无策。","第一页：","很多行者，从皈依金刚上师开始，皈依佛，皈依法，皈依僧，修习外法、内法、密法、密密法。他们对三宝保持不动的信心。","向上师。","向三宝。","祈请及献供。","这些都是修行所必须的。但是，他们忘了“持戒”是修行的根本。","因为没有“持戒”，所以在“业缘”上，将堕落到三恶道中。","这三恶道，就是：","“地狱”。","“饿鬼”。","“畜生”。","在书中，例举了一些“因”及一些“果”。触目惊心的是，有不少熟悉的姓名，出现在我的眼中，那是熟得不能再熟的名字。","因此，我泪流满面！","这怎么办？这怎么办？这怎么办？这些熟悉的弟子“堕入三恶道”，是堕落定了。如何挽救他们，答案是：","“还净法！”","","●","","什么是“还净法”？","原来是忏悔自己所犯下的戒律，速速在诸尊面前求忏悔。","向根本上师当面悔过。接着重新皈依及灌顶，誓愿守五戒、八戒、菩萨戒、行十善法、发菩提心。","直至“忏相”出现。","便可脱离了堕入“三恶道”的险地及歧途。","如果不如此：","一定堕落三恶道，求出无期。","","●","","我们学佛者明白：","守五戒——人道。","行十善——天道。","守小乘戒——阿罗汉。","修十二因缘——缘觉。","行六度——菩萨。","发大菩提心——佛。","","许许多多的佛菩萨示现各种不同的身貌与形饰，教导我们守着各种不同的誓戒，我们见地须“高”，但修由“戒”起。","（也就是从最初的戒起修）","佛陀示灭，留下最重要的一句话：“以戒为师”，这就是佛陀的旨意了。","无上正等正觉的佛陀，只将一个“戒”字留下，吾等信众岂能不守？","如果不守戒，能成就佛果，吾等不信。","","书上明示：","修习守戒，并且对何者应该避免，何者应该遵行，如此修行，才能在正法的轨道上。","守戒之力，无远弗届，舍弃不当的恶行，就是对治烦恼的法门，戮力守戒吧！","守戒崇高。","守戒清净。","前","守戒功德。","如此修行才能得力。",""
"002 头壳坏掉了","https://reader.tbboyeh.org/fullscreen_player.php#/?ebook_id=414&chapter_id=c002","《极机密下三恶道名册》之中，列名几位特殊的人物，我隐去他们的姓名。","有一位是“财政”，由于自己欠钱，将公款私吞，卷款而逃。老天！那是道场的钱也！","有一位是“堂主”，由公家的道场，变成私人所有，等于将整座道场，属于私人所有。","有一位是“弘法人员”，将整座寺庙全吞下去了，从真佛宗的旗下，逃之夭夭。","等等等等。","他们全列名在《下三恶道名册》之中。","","我以前在说法中，曾说：","“日本的治安，比较好些，盗贼比较少。为什么？因为日本人从小就教育，不是自己的东西，不要去取！”","就是这么浅显。","就是这么简单。","就是这么单纯。","但是——","为什么有些人就教不会？","","●","","我曾对人说：","“一个是解脱生死的佛法，另一个是金碧辉煌的寺庙，这两样，你选择哪一样？”","有智慧的人，选择“解脱生死”。","头壳坏掉的人，选择“寺产”。","我如此说：","佛法的重点在：","出离心。","菩提心。","中观正见。","这世界上的修行人，如果为“寺产”而争执不休，或私吞“寺产”，是不是很丢脸的一件事？实在“没见笑”（台语）。","寺庙是世俗物。","寺庙立于大地。","寺庙是任何人也带不走的。","“寺”、“堂”、“会”、“钱财”均是如此。","","所以，在卢师尊的心中，只有“佛法”，心依止在殊胜的觉悟上，除此之外，岂有其他？","所有众生，尤其是行者，都应该知道出离“世俗”，出离“物质”，出离“钱财”。","如果不修出离。","反而贪染世俗，便是犯戒！","白空行母在书中说：","“尤其修行的公家财物，如果盗取，其罪业更重。”","在地狱中：","那位“财政”将吞溶化的铜汁，烧焦自己的喉咙。","那位“堂主”将下油锅。","那位“弘法人员”将用飞轮，天天给他开脑，因为他的头壳坏掉。","......。","","岂不闻一首偈：","施主一粒米。","大如须弥山。","如果不修行。","披毛戴角还。","","一粒米就如此重。","在","“道场钱财”、“整座堂”、“整座寺庙”，你如何还？","请扪心自问，在深夜中。你的世俗享受、受用、食睡、是你应得的吗？","你是在修行吗？"
"003 破“根本上师”誓戒","https://reader.tbboyeh.org/fullscreen_player.php#/?ebook_id=414&chapter_id=c003","空行母说：","“对于阿弥陀佛化身的卢师尊，一皈依之后，只有守护根本上师的誓戒。”","为什么密教的根本上师如此的珍贵，因为卢师尊就是佛的化身。","能为人天之师，教授所有的秘密佛法，能“指引”、“救赎”、“破迷”、“教示”、“接引”。......","一切的本尊、护法、空行、诸天，全因为根本上师的教示才出现。","汝当视师如佛。","守“事师法五十颂”。","但是：","破坏“根本上师”誓戒的人，实在不少，所以真正得到成就者就如同清晨的星星，寥寥无几了！","","例如：","提婆达多原是八大王子出家，是佛陀的大弟子之一，跟佛陀很亲近，且是亲戚。","他最后攻击佛陀：","一、住豪宅（竹林精舍）。","二、穿锦衣（最好的法袍）。","三、食佳肴（受供）。","......。","对释迦牟尼佛起疑念，想占位领导僧团，破和合僧，煽动五百比丘，脱离佛陀。","破了誓戒，于是下堕地狱。","","例子二：","西藏“赤松德赞”王，迎莲华生大士入藏，又皈依莲师，但，信心薄弱。","初时，莲师与移喜蹉嘉的修行，被信仰苯教的王臣指责：","一、违法。","二、破俗。","三、神棍。","四、无耻。","最后，赤松德赞王，将莲华生大士逐走，将移喜蹉嘉流放“艾巴”。","赤松德赞王也犯了誓戒。","幸好，赤松德赞王有悔过，有修“还净法”，才能免入三恶道。","","●","","现今。","阿弥陀佛化身的卢师尊，同样受一名女子的攻击。这一名女子，接触过的人，都知道，她是......。","她毁谤卢师尊。","自然犯下了“破根本上师誓戒”。","而受其影响的圣弟子，如果深信片面之词，起了疑惑，无坚定的信心。","等同犯了“破根本上师誓戒”的人。","敬师。","重法。","实修。","当然不成，下三恶道的因缘反而具足了！","","●","","我卢师尊誓言：","“若敬师、重法、实修，若不成佛，我卢师尊负责！”","“我视众生如己，发大菩提心，平等视众生，是利益众生的。”","“我从来不害众生。”","“我证知佛果，无我执、法执。教授六度及大悲，禅修空性，无烦恼，无生死，增善减恶，身、口、意清净。”","白","圣弟子要以“正念”及“良知”的铠甲，来守护“根本上师誓戒”是必要的。","",""
"004 酱缸的污染力","https://reader.tbboyeh.org/fullscreen_player.php#/?ebook_id=414&chapter_id=c004","空行母说：","“远离破戒者，远离邪人，是必要的。因为相处在一起，必被污染。”","首先，我对这句话存在着“异议”。","我说：","“一个证悟者，不是要视众生平等而无分别吗？依佛性论，破戒者亦有佛性，邪人亦有佛性，岂可分别善恶？”","白空行母笑了：","“只有卢师尊，平等无分别。但，尚在修行的行者，是要远离污染的。”","白空行母说：“看啊！”","一个破戒的弘法者，会带走一个同修会。","一个破戒的弘法者，会带走一个分堂。","一个破戒的弘法者，会带走一个雷藏寺。","为什么？","答案是“污染力”。","","●","","卢师尊终于恍然大悟。","孟母为什么要三迁？","近朱者赤。","近墨者黑。","","我想起了韩国人的“酱缸文化”，他们的酱缸好大好大。里面放糖、放盐、放醋、色素、香精、酸、甜、苦、辣等等等等。","于是，将所有的青菜放了进去。","埋入土中。","取出后，则成酱菜。","没有一种青菜能保持永远的清白，只要一入酱缸，必成酱菜。","这就是酱缸的污染力，酱缸是非常可怖畏的，入鲍鱼之肆，久而不闻其臭，言之有理。","又说：","十里不同风。","五里不同俗。","这“风俗”全是环境导致的后果。","","如果我们发觉了，弘法者渐渐偏离了“传承”，弘法者非常的“自满”，弘法者非常的“高傲”，弘法者自认有“功德”。","弘法者不屑于“根本上师”。","弘法者自认为自己最“伟大”。","弘法者批评：","“根本上师”。","“佛陀”。","“真佛密法”。","“其他弘法者”。","牢记住、要牢牢记住，这位行者已经摇摇摆摆了。在“敬师”、“重法”、“实修”上，他已是一个破誓戒者。","白空行母说：","“速速远离！”","","纵然你这位行者，穿着干干净净的白袍，然而，你处在一处污浊的泥泞之地，那些黝黑的污水，肯定会污染白袍，让你的白袍沾上了黑点。","同样的，纵使自己的三昧耶是清净的，也必然会被他人损坏的三昧耶所污染，成了一个一丘之貉。","在密教来说，只要你对根本上师、根本上师的法、根本上师传承、佛、法、僧，掺杂了一丝丝的怀疑，那就得不到相应的成果。","慎之！慎之！","牢记！牢记！","要远离破戒者呀！","","白","","",""
"005 常常想自己必将死去","https://reader.tbboyeh.org/fullscreen_player.php#/?ebook_id=414&chapter_id=c005","空行母说：","“常常想自己必将死去，如此，可以避免破戒的行为。”","我说：","“我已证悟无生无死，本无生死，修习无死虹光瑜伽，且已证悟，那何必常常想到死呢？”","白空行母说：","“卢师尊的无生无死，本无生死，已是最高的无上正觉。自然任运自在，不执着依恋。但，一般行者及凡夫不同。”","白空行母又说：","“一般的行者凡夫，都是有执着依恋的。由于执着依恋才会犯下破戒的恶行。”","例如：","贪婪财物。","迷恋女色。","争夺高位。","享受美食。","荣华富贵。","这是世俗人的贪婪依恋，永远不会满足的。一个修行人，也一样会受其污染，而犯下了破戒的行为，所以常常想：","“自己必将死去！”","","人生苦短，所以不需苦苦追求世俗的事物，避开了污染之源，就不会堕落到三恶道的歧途。","牢记必将死去，毕竟无所得。","牢记来生无限，早证解脱。","","在台湾，我常说：","“经营之神，王永庆，他得到了什么？陈水扁总统，又得到了什么？还有温世仁，他又得到了什么？”","财。","名。","色。","最终全是空空如也！","我们修行人，如果因为贪婪财物、迷恋女色、争夺高位。","是“破戒”的。","必将死去！一切无所得！应该摒弃苦苦追求世俗之乐。否则，破戒难免，下三涂恶道难免矣！","我们相信因果，不管再怎么微细的恶行，仍旧会导致恶果。","","普贤菩萨偈：","是日已过，命亦随减。","如少水鱼，斯有何乐？","","●","","我们的弘法人员，很多位都被看出“贪婪财物”的，这些人，心中有数。","他们被列名在《极机密下三恶道名册》之中，因为他们爱钱。","这是很容易被看出来的！","反正，这个也要钱，那个也要钱，只要进了雷藏寺，一定被敲得断腿，用爬的，才爬了出来。这些爱钱的，实在有够夭寿！","","我个人主张：","“一切随意！”","随意乐捐，才是如法的！","强求，就是破戒！","以前世因果恐吓，也是破戒！","有些弘法人员，他们的戒律已受损了，但他们无动于衷，不但如此，继续违犯下去，掉入泥沼，愈陷愈深。","我奉劝：","“常常想自己必将死去！钱带得走吗？速速脱离险地才是呀！”","白","","",""
"006 三只碗","https://reader.tbboyeh.org/fullscreen_player.php#/?ebook_id=414&chapter_id=c006","空行母说：","“你当用性命来守护誓戒！你当用性命来守护誓戒！你当用性命来守护誓戒！”","白空行母说了三遍。","我很惊奇，一句话说了三回。","白空行母说：","“不用惊奇！誓戒是解脱的根本，解脱比性命更重要。所以不管你做什么事，都要如法，合乎誓戒，如此才能累积『资粮』、『功德』、『智慧』。”","","白空行母说：","“有三等人永远也无法解脱。第一等人，他根本不想解脱。第二等人，他一直在做不如法的事。第三等人，他的内心充满了五毒。”","","这句话警醒了我，令我想起“三只碗”的比喻：","一、覆碗——碗是覆盖着的，这等人不信有佛，不信有轮回，不信有因果，根本什么也不信。法乳想倒入碗中，此等人根本无缘。","（佛无法度化无缘）","二、破碗——碗已经破碎了，或是已经破了一个洞，或是裂了缝。这表示这个人的誓戒，已经破了。法乳想倒满碗，结果是流失了，永远也无法添得满，此等人无法解脱。","三、脏碗——这只碗没有破，只是这只碗是脏的，不清净的，用脏的碗来盛法乳，结果法乳也弄脏了。表示这等人的心很脏，充满了贪、瞋、痴、疑、慢。如果不清净，照样无法得解脱。","","白空行母说：","“重新皈依，马上忏悔，再受誓戒。就是还净的法门。”","碗朝上。","新碗。","洗净的碗。","（这才是正法器）","","●","","我卢师尊深深明白，白空行母的一片苦心，祂一直在帮助我救度众生。","白空行母具有最大的慈悲心。","祂希望被列入《极机密下三恶道名册》中的人，急急反省。","重新上路。","人之一生，除了证得佛果与利益众生之外，其他都是没有意义的。","不要去执着世俗。","世俗就是轮回之根。","先要如法的修练——","修出幻身。","修出虹光。","无惧于死亡及整个宇宙的毁灭。","要知道如何融入净光。","要知道如何证四圣位。","要知道如何去圆满佛果。","要知道如何自在如何任运。","","●","","我的誓愿是，不舍一个众生，我的法侣当然是无尽的，是不可思议的，有五百万个法侣也好，有百万也好，有十万也好，只有二个也好，我当然知道这全是一体的。","我要让我的法侣，分享内心的觉醒：","无漏法。","拙火法。","明点法。","（大乐成就、净光成就、幻身成就、虹光成就、无死成就、无生成就、自在成就、任运成就、大圆满成就）","","","白","","",""
"007 瑜伽士的宝剑","https://reader.tbboyeh.org/fullscreen_player.php#/?ebook_id=414&chapter_id=c007","空行母说：","“瑜伽士的宝剑，是守护誓戒的。守护誓戒才能如法的修行，日常的生活，就是修行，这日常生活也是在誓戒之中。”","“什么是日常生活的修行呢？”","白空行母说：","“食”的修行。","以肉、植物、矿物为食。","以“甘露”为食。","最重要的是以“气”为食。","（凡是有性命的，先供养、超度、感恩）","","“衣”的修行。","穿法衣变成甲冑。","或穿单衣或赤裸裸。","修出“拙火”或修出清净的“光明”，这是真正的“衣”。","","“语”的修行。","任何事均要持秘密的咒语。","清净自己的语言。","柔软的语言、随顺的语言、善良的语言、真实的语言。","或沉默让能量流动。","一切无聊的话尽量勿交谈。","破誓戒的话，一句也不可说。语就是“真言”。","","“身”的修行。","对坛城做大礼拜，对尽虚空做大礼拜。","对寺、塔、坛城，绕行礼拜。","净化行者的身体。","身要宁静、安住。身就是“清净”。","如果在短暂的时光中，轻忽了，那就是“过眼云烟”。","“意”的修行。","大乐的觉受、清净的觉受、光明的觉受、空性的觉受。","生起大圆满的觉受。","一直在“禅修”之中。“禅修”就是“意”。","","“法”的修行。","专一的。","修加行法、上师相应法、本尊法、气、脉、明点法、无漏法、拙火法、明点法、金刚法、无上密法、大圆满法。","依法修行，守护誓戒教义。","一一去证验。“悟”就是“法”。","","“利他”的修行。","以利益众生为第一。","仁民爱物。","依止大乘发菩提心、修行“无我”，不是只顾自己，而是利益他人，帮助他人。","","“大悲”的修行。","视你的仇人如同父母长辈。","爱众生如同自己。","视一切世俗的东西，例如：房子、汽车、金银珠宝、金钱如同粪土。","去帮助他人。","布施他人。","白","能“舍”一切世俗，就是“大悲”。","","●"
"008 请勿随意毁谤","https://reader.tbboyeh.org/fullscreen_player.php#/?ebook_id=414&chapter_id=c008","空行母说：","“当你并不了解一位行者，或只是听来的，或片面之词，就请勿随意毁谤。除非你已完全证悟了般若，你完全有了他心通。否则，请勿随意毁谤。”","“毁谤”是世人的通病。","最容易犯的誓戒，属于口业。","","世俗人容易毁谤他人。","行者也不例外。","行者易犯毁谤其他的宗乘。","行者易犯自赞毁他。","行者易犯挑其他行者的过错及迷妄。","行者毁谤其他的教法。","行者有宗教的偏见，不了解而毁谤“宗师”及其弟子，所以舍弃“偏见”及“执着”是非常重要的。","","●","","我在台湾时，看了几本书，是毁谤“密教”的，尤其是西藏密宗。","这几本书，是一位学“唯识”者所写，他更批判了密教祖师“莲华生大士”。","这位行者，也批判了三论宗师“印顺导师”。","他认为：","西藏密教“邪淫”。","“莲华生大士”是“邪淫的魔”。","“印顺导师”只认定六识。至于“七识”、“八识”，印顺导师认为只是“唯名”是错误的。","","我特别在此说明：","莲华生大士有五位特殊成就的女弟子，她们都是莲师的法侣。","这五位是：","移喜蹉嘉。","曼达拉娃。","释迦爹娃。","卡拉悉地。","达絺。","这五位都是得大成就者。","另外经续中有记载的，除了这五位之外，还十五位得成就的。","除了这二十位之外，还有更多。","她们都是莲华生大士的“明妃”。","因此，“莲华生大士”被毁谤成邪淫的祖师。","西藏密宗是邪淫的宗派。","","据我所知：","莲师的“双身法”是有秘密意的，属于无上的秘密，此法的修习，易得“大乐”、“光明”、“空性”，对密教“气”、“脉”、“明点”均得大用。","“无染的”。","“超脱的”。","“圆满的”。","这种秘密的传承，是恰当和正确的，是生起次第及圆满次第的结合，以方便法门达致超脱的如来智慧。","（这是世俗人难以理解的，所以令人垢病。写书的行者当然尚未证验此法，所以毁谤难免了）","由于不知秘密意，犯了毁谤的口业，这是这位行者的破誓戒。","这位行者以“唯识”，攻讦其他的宗乘，这也是犯了毁谤之业。","","我认为：","这世间，太多的人，均犯了毁谤的口业，只因为众生盲目的居多。媒体的渲染，众生之口的错误传播，有心人士的谣言。","于是，不正确的信息流布于世间，真正的“真相”被湮没了。","白","这世间，行者应保持沉默！避免犯戒！","",""
"009 “无明”是轮回之根","https://reader.tbboyeh.org/fullscreen_player.php#/?ebook_id=414&chapter_id=c009","空行母说：“从无始以来，人们已经转世了无数次了，但，始终未能终止轮回，未成就四圣位。究其原因，是『无明』障碍的过患。”","白空行母的这句话，令我感动深深。","是的。","很多很多人，他们的人生过程“大同小异”：","“出生”、“幼稚园”、“小学”、“初中”、“高中”、“大学”、“硕士”、“博士”。","“就业”、“退休”。","“结婚”、“成家”、“生子”。","“子女结婚”、“子女生孙”。","“老”、“病”、“死”。","","所以陈传芳说：","一岁出场亮相。","十岁学业至上。","二十岁春心荡漾。","三十岁职场闯荡。","四十岁稍微发胖。","五十岁老当益壮。","六十岁血压向上。","七十岁记忆渐忘。","八十岁摇摇晃晃。（走路不稳）","九十岁迷失方向。（失忆）","一百岁挂在墙上。（去世）","","这就是“人生”，大致上，很少人能脱离这个框框，这个人生的模式。","在这模式中，所有的人，对世俗事物穷追不舍，因为穷追不舍，便有了“贪”、“瞋”、“痴”。因此，煽动自心，犯了很多的黑业，黑业累积，造成了下“三恶道”的因。","白空行母说：","“这是无明！”","","我说：","如果有人能有机会接触到“佛法”，这真是三生有幸，因为只有佛法能接引你，离开俗世，进入圣域，解脱轮回，达到四圣界。","有些人虽然已接触了“佛法”，也遇到了“大善知识”，但，仍然受不了世俗的诱惑。","和增长恶行的人为伍。","追逐功名。","贪色。","伤害别人。","强取豪夺财物。","为贪食而杀生。","贪豪宅、名车、珠宝。","","白空行母说：","“这一类的追逐，往往煽动自心造恶，永无止尽的追索而不疲惫，是快乐与痛苦的循环，不是得，就是失，不能让自心安住，也是无明。”","","我个人认为：","行者要专一的修持佛法。","始终将自己的身、口、意清净是绝对必要的。","要出离世俗。","自己想办法，对治世俗的贪求。","不只自己学习对治，还要度化他人学习对治，这是菩提心。","最重要的，不要有自私之心，时常观照自己是否自私。","更重要的是，要爱他人更甚于自己，这就是大慈大悲的心。","","白","白空行母说：","“只有这样的人，才叫真正行者，才算是出离了无明。”",""
"010 众生不可思议","https://reader.tbboyeh.org/fullscreen_player.php#/?ebook_id=414&chapter_id=c010","空行母说：","“众生不可思议，一个行者须以众生来锻炼自心，如此，对众生用慈悲，发菩提心，才能成就佛道，这就是佛出世间。”","我觉得这段话，不可思议。","我说：","“众生非众生即是众生。”","白空行母答：","“这是大悟者才知，所以是不可思议。一个行者，要成就佛菩提，要为众生而修习，一切为众生，借此才成就佛菩萨。”","我说：","“若无众生。”","白空行母答：","“无法成佛。”","“何以故？”","“菩提心无由发起故！”","","●","","卢师尊在此提醒所有的修行人。","就算你拥有般若之智，拥有最大法力的咒语，拥有大神的力量。","但，没有众生。","你发不起菩提心，就无法有成就，就算有成就，也等于零。","这是非常奇妙的一件事。","","我在一次说法中，如此说：","“卢师尊是一位具德的大善知识，但是若无众生来听佛法，有何屁用？”","不如涅槃算了！","不如入灭算了！","套一句现代话“毫无一点成就感！”","","所以，要依着众生，生起菩提心，这点就是成佛的口诀。","因为有了众生，才会有“烦恼”和“世俗”，行者要对治烦恼和世俗，这才会禅修。","行者因有了众生，修行除去一切世俗的“污染”，及世俗的“攀缘”，这才是大瑜伽士。","行者不贪图世间八法。","行者要救度众生。","行者在基本上，认知情器世间也是幻影，我们不堕落在幻影之中，而沉沦下去。我们借着幻影的众生，对治烦恼，发菩提心。","（这是白空行母的口诀）","","●","","我如此的说明，也许仍然有很多人不能明白和了解，或许会生起矛盾。","总之，我的旨意是：","行者不离众生。","又不受众生污染。","行者不执着世间八法。","对世间发菩提心。","行者要度化众生。","一切众生的幸福快乐，来自于佛陀的法教。","众生有苦有乐。","众生有善有恶。","行者在众生之中，要善护自己的誓愿及三昧耶，守戒律，不被腐蚀。","这样才叫“修练”。","我个人明白“白空行母”的旨意和口诀，一个行者和众生种种的关系。","白","众生可以帮助行者。","众生也可以毁灭行者。","众生实在不可思议，我的誓愿是，不舍一个众生，其意义在其中。"
"011 行者与众生的三昧耶","https://reader.tbboyeh.org/fullscreen_player.php#/?ebook_id=414&chapter_id=c011","问白空行母：行者与众生有三昧耶吗？","白空行母答：","有。","卢师尊可曾听闻一首颂偈？","","偈曰：","只要虚空仍然存在着，","地水火风空就必定遍满虚空。","只要地水火风空仍然存在着。","众生就一定遍满。","只要众生仍然存在着。","情欲与贪、瞋、痴就一定遍满。","只要这五毒仍然存在着。","行者的大悲就一定遍满。","","卢师尊啊！卢师尊，这就是行者与众生的三昧耶。","","我问白空行母：","行者对众生有什么三昧耶？","白空行母答：","行者如太阳，要照众生的黑暗。","行者如明眼者，要引导众生的瞎子。","行者如富者，要救济众生的贫困。","行者如转法轮者，要众生有依止。","行者如导师，要众生学习法教。","行者如金刚，要保护百病的众生。","行者如大悲观音，要行六度的佛法，施惠众生。","行者如菩萨，要能够利益众生。","行者如卢师尊，要不舍一个众生，对一切众生平等无分别的教授佛法，让众生个个能成佛。","这就是三昧耶！","","●","","我问白空行母：","众生如海，可载舟，可覆舟，当众生覆舟时，行者怎么办？","白空行母答：","我现在就教导行者如何修行，这就是行者修行的契机了。","当众生贫困之时，","就是教导行者“布施”的时机。","当众生侮辱你之时，","就是教导行者“忍辱”的时机。","当众生欺压你之时，","就是教导行者“精进”的时机。","当众生引诱行者犯罪恶的时候，","就是教导行者“守戒”的时机。","当众生盲目迷惑之时，","就是教导行者“智慧”的时机。","当众生颠倒妄想之时，","就是教导行者“禅定”的时机。","这也是三昧耶啊！","","我","●","","我卢师尊说："
"012 皈依的三昧耶","https://reader.tbboyeh.org/fullscreen_player.php#/?ebook_id=414&chapter_id=c012","空行母问：","“卢师尊！你知道皈依的三昧耶吗？”","我答：","“知道，皈依证书写的明明白白。皈依佛，就不能向其他神明寻求皈依。皈依法，就应该学习佛法，不伤害任何众生。皈依僧，就不能与外道为伍了。”","","白空行母说：","“卢师尊！你知道皈依的真实义谛吗？”","我说：","“皈依了三宝，佛就是大导师，法就是道路，僧就是法侣。”","我又说：","“最后证得佛果。”","白空行母说：","“什么是佛、法、僧？”","我说：","“佛是觉者，正遍知，无人能及，无上尊贵。法是佛所传下来的法，传承法教才能终结众生的生死轮回。而僧人，是执持法教者，正是我们修行的道伴。因此佛、法、僧是我们唯一皈依的对象。”","","白空行母说：","“你所说的全对，那如何是破三昧耶呢？”","我说：","“皈依了，又去皈依邪道，三昧耶就破了；皈依了，又伤害他人，三昧耶就破了；皈依了，又舍弃了三宝，三昧耶就破了；皈依了，为了世俗的追求，放弃了修行，三昧耶就破了；皈依了，不恭敬佛、法、僧，三昧耶就破了；皈依了，不论发生任何顺逆的事，都不应该舍弃三宝。”","","白空行母问：","“你只皈依一次？”","我答：","“不，我时时都在皈依！”","白空行母问：","“什么是时时皈依？”","我答：","“这是秘密，我每天念四皈依咒，时时忆念三宝、观照自己的皈依处，召请三宝，大礼拜三宝，大供养三宝，赞颂三宝，祈请三宝加持力，直至成佛我皈依。”","白空行母说：","“这才是正皈依！”","","白空行母问：","“你真正的皈依，又是谁？”","我答：","“这是非常秘密的。我真正的皈依，是自皈依，皈依自己的佛性。”我接着说：“我皈依圆满正觉的法身佛性；我皈依自性的殊胜寂静；我皈依一切同体的圣贤，无二无别。”","","白空行母赞叹我：","传承根本上师尊。","成就本源即本尊。","赐予加持空行母。","时时不离三根本。","","白空行母说：","你已“见”证佛性。","你已“修”入禅境。","你已“行”一皈依。","这已是最高境界的皈依了。佛果与轮回是一，不落入任何言诠，不落入任何范畴，这是无上正等正觉。","这才是：","密密密密皈依。","","白","","",""
"013 开悟者有三昧耶吗？","https://reader.tbboyeh.org/fullscreen_player.php#/?ebook_id=414&chapter_id=c013","空行母说：","“觉悟的佛也有三昧耶的！”","我问：","“佛的三昧耶是什么？”","白空行母答：","“大悲、空智、自在、任运、圆满。”","","我问：","“行者已达到开悟，开悟者也有三昧耶吗？”","白空行母答：","有的。","开悟者完完全全明白“心即是佛”、“即佛即心”、“自心即佛”，佛不离己，己不离佛，佛己不分，二是一的道理。","虽然已知道自己是佛，但，对于自己皈依的根本上师仍然恭敬。","承事。","供养。","敬礼。","祈请加持。","（这是开悟者与根本上师的三昧耶）","","开悟者已了悟万法唯心造，知道功德非功德即是功德。","所谓功德就是没有功德，因知没有功德，才是功德。","但，绝不中断累积功德的种种因缘。","（这是开悟者与功德的三昧耶）","","开悟者不畏惧一切，例如轮回、下三恶道、处险恶的环境......。","明知轮回是幻化，三恶道是梦境，险恶也是一时。","但，对于最微细的恶行，也摒弃而不为，不以恶小而为之。","（这是开悟者与恶行的三昧耶）","","开悟者明白“无上正等正觉”，了知许多净土也是化土。","知道阿罗汉、缘觉、菩萨、佛的任何法教。","知道小乘、二乘、大乘、金刚乘的法教。","知道圆满的法教。","知道三乘、五乘、九乘的法教。","但，不去诋毁任何的法教。","（这是开悟者与法教的三昧耶）","","开悟者已经证知许多三摩地，能入三摩地，证明了悉地。","开悟者修道有成就，菩萨十地，一一证明。","但，","不自满。","不自夸。","不骄傲。","（这是开悟者与证道的三昧耶）","","开悟者深深明白平等无分别的玄旨，根本了知自己与他人无别，自己与众生无别，我即众生，众生即我，原原本本就是如此，我与众生也是一时。","但，","开悟者不能停止对众生的大慈大悲的心。","（这是开悟者与众生的三昧耶）","","开悟者已明白轮回与涅槃二者，其本质是一，而不是二，所以轮回就是涅槃，涅槃就是轮回，烦恼即菩提，菩提即烦恼。","白","但，","开悟者并未停止“修道”。","（这是开悟者与修道的三昧耶）"
"014 精进的三昧耶","https://reader.tbboyeh.org/fullscreen_player.php#/?ebook_id=414&chapter_id=c014","空行母说：","“实修的佛法，是精进不懈的，如同大河的水潺潺，流入汪洋大海。”","我说：","“卢师尊精进第一。”","我这个人，什么长处也没有，但，谈起毅力，堪称第一。","写作，一天一篇，永不止息。","修法，天天修，永不止息。","画画，一天一张，永不止息。","读书，天天读，永不止息。","禅定，天天禅修，永不止息。","我说：“不管是禅、净、密、律的祖师爷，只要我走过他们的藏身之处，他们都会站起来，向我鼓掌，卢胜彦精进第一。”","其实我也不是“拚命三郎”，我是安止明觉，清楚、清醒、鲜明的精进。","我每天完成我的功课而已矣！","白空行母说：","“在这天底下，要找像你这种人，已难矣！”","我答：","“我只是全力以赴，其他不知。”","","白空行母说：","在这世上，有很多的行者，修到了某一境界之后，他就永远停留在那个境界之上，他们不知道，那只是暂时的禅境而已。","（这是犯了精进三昧耶的）","","例如：","修气脉明点，贪着于“气通脉”、“拙火通脉”，那种欲仙欲死的大乐觉受，确实是非常迷人的，这只是欲界天的欲乐禅定。","如果执着乐。","不再精进。","那就只停留在“欲界天”了！","","又：","行者从大乐禅定中，升起了“光明三摩地”，行者身、口、意无竭的光明成就，照天澈地，于是便认为“光明三摩地”已到地头，这也是很迷人的境界。","这是“色界天”的境界。","如果执着光明。","不思精进。","那就只停留在“色界天”了！","","又：","行者从“光明三摩地”升起了“空”，由光明进入“四空”，一空无边处定，二识无边处定，三无所有处定，四非想非非想处定。","行者认为已到地头了。","不思精进。","那就只停留在“无色界天”了。","","●","","白空行母说：","“这些都是有成就或大乐的觉受，行者经历了乐、明、空的觉受，这些都是暂时的禅境，不应认为了不起，很满足了，如果如此认为，就犯了精进的三昧耶！”","白空行母说：","“现代修行人，乐、明、空皆未证得，倒是证得烦躁、昏沉、呆滞，就停步不前了，这更是等而下之了。”","我说：","“瑜伽士的修行，就算到了无修瑜伽，其实无修也是修。”","","","白","","",""
"015 膨风法王","https://reader.tbboyeh.org/fullscreen_player.php#/?ebook_id=414&chapter_id=c015","度母（白空行母）说：","“有很多修行人，未得言得，未证言证，这都是夸大的。卢师尊，你当知，这是犯戒的，这是夸大妄语的三昧耶！”","我听了，汗涔涔下！因为在《下三恶道名册》之中，夸大妄语的，竟然比比皆是。所以，追寻具德的上师，才不容易落入魔掌。","","有一位“膨风法王”，膨风到了极点，可以说，无所不膨风。实在“太超过了”！","例如：","膨风法王说：","“原始佛（本初佛），现身，称膨风法王我为父王。给法王顶礼、献供、祈求加持，在本初佛之前，我才是无上佛。”","（事实上，膨风法王，不是很懂得佛法）","","膨风法王说：","“我的神通无人能比，宇宙是我创造的。具有无尽的神力，五方佛，甚至无量诸佛，全是由我调教而成佛的。”","（事实上，膨风法王从来未修持过仪轨）","","膨风法王说：","“卢师尊只是一个小有通力的人，是我给他加持的，我只需吹一口气，他就死了。他应该来皈依我才是，我不收拾他，是我的慈悲心，杀鸡何用牛刀，我只一念，他就圆寂了！”","膨风法王说：","“密教莲华生、龙树、毕瓦巴、那洛巴、宗喀巴，想当我的徒弟，我都不收。他们的根器都太差了，我得佛果比他们早。我不用禅修，就早已成佛，他们都需要禅修，才能成佛。”","（不禅修，能成佛，怪哉！）","","膨风法王说：","“我是不需要传承的，因为我是传承之始。在我之下，红、黄、白、花的上师，全是我的徒子徒孙，真佛宗的卢师尊，是我徒子徒孙之外的徒子徒孙，应该来服侍我。”","（没有传承，太夸大了）","","膨风法王说：","“我是不需要佛法的，我超越佛法之上。不需要法教，法教劣根的人才需要的。不需要守戒，因我在戒之上。我原始以来，已得解脱，已得证悟，佛法、戒律，在我眼中全是垃圾。”","（没有佛法，没有戒律。经、律、论全无）","","膨风法王说：","“要跟我学解脱，不用修任何法，只要我的加持力，你就能速速成佛。就算你在三恶道，我喊一声你的名字，你就解脱成佛了。而地狱，就在我的小指头的指甲之内。我只需一弹指。”","膨风法王说：","“不需要六度，也不用精进，成与不成，全包在法王一身。不必经过魔难，只要我念及你，你就解脱了。”","膨风法王说：","“解脱道只是名词，菩提道只是名词，我加持的，才是真实。”","说也奇怪，膨风法王这一套说词，听得一些人一愣一愣的，也有一批人会去相信他。","","然而，真正的行者，要紧记：","听闻法教。","明白佛法。","专一修法。","取得传承。","受持戒律。","禅修证悟。","","","","","","","","","白","","",""
"016 瞎猫碰到死老鼠","https://reader.tbboyeh.org/fullscreen_player.php#/?ebook_id=414&chapter_id=c016","空行母说：","“行者的过患之中，有一种是自述功德之罪，其实并无其事，但，行者为了名闻利养，便自述功德，久而成习，便犯了妄语的三昧耶！”","","我问：","“什么是自述功德？”","白空行母答：","“例子一。有一人去世，其眷属来告之行者，行者即说，昨夜亡者灵魂已来，我已特别超度接引，现在已达西方净土矣！其眷属一听，心存感激，奉送大供养，并且感动，供行者驱使。”","（其实根本无此事）","","白空行母又说：","“例子二。有夫妇二人，久无孩子，来告之行者，行者说，当给加持，后来真的生了一个孩子，行者说，这小孩是我从天上抱下来，送给你们的。孩子的父母，感激啼泣，当然，又是一个大红包，尊敬行者如神仙一般。”","（其实并无其事，偶尔中耳！）","","白空行母又说：","“例子三。有一人生病，久病不愈，来告之行者，后来好了。行者就宣扬，他到了天上界，请来神医，特别给病人治病，如今果然好了，又是一件大功德。”","（其实根本无此事）","","白空行母说：","“例子四。行者预言，此人半年内会死，该人心生恐惧，来求助行者，行者答应守护，半年后，该人并没有死，行者说，是他请了护法神将，上下左右守护，才不死的。”","（其实预言是“假”，守护也“子虚乌有”）","","白空行母说：","“例子五。行者自称知三世因果，凡有人至，就述说，在前世我就是你的上师，你发誓，生生世世要跟随我的，这一世，你非跟随我不可，于是，来人供其驱使。”","（事实是，行者根本不知三世因果）","","白空行母说：","“例子六。行者自称上天入地，其实从来也未上天入地，行者自称可以役使鬼神，其实鬼神常常暗中耻笑他。”","（行者根本功力不够）","","白空行母说：","“例子七。行者说，龙从湖中现身，向行者朝拜，他一去寺庙，寺庙神佛列队迎接，他走到何处，山神土地均给供养。”","（根本虚夸）","","白空行母说：","“行者自称，与诸佛会议，如何拯救地球，救度众生，全世界的修行人，唯他一人代表参与拯救人类的会议。”","（根本胡扯吹牛）","","白空行母说：","“例子八。行者自称天上的天人，全依止他为师，是天人师。地狱中的阎王判官，也听命于他，他是至尊，天上天下，唯我独尊了！”","（早呢！）","","白空行母说：","“这一类的行者很多，均列名《下三恶道名册》之中。其实夸大不实，妄语连连，久而久之，自然成习，为了名闻利养，犯下了一件又一件的罪业，无法超生出苦矣！”","此等事！","戒之！戒之！","","","","","","","白","","",""
"017 丘长春真人","https://reader.tbboyeh.org/fullscreen_player.php#/?ebook_id=414&chapter_id=c017","空行母说：","“行者的第一大戒，就是戒杀。五逆罪最重，也最难化解了。像杀父、杀母、杀阿罗汉、出佛身血、杀圣贤僧。这些杀的罪业，很难解除，如此，才称五逆罪。”","我问：","“破和合僧，罪业如何？”","白空行母说：","“和合僧是修行的僧团，破坏僧团，等同杀了众僧人的慧命，此罪业甚重。等同五逆罪，入无间地狱，求出无期。”","（以上是最重、最重的罪业了！）","","白空行母说：","“不管怎么说，杀业被列第一，下三恶道，第一重罪。行者要注意，勿犯三种杀业。一、出于贪的杀业，贪求牠们肉、贪求牠们的皮、贪求牠们获取的利益。二、出于瞋的杀业，因为嫉妒、吃醋、怀恨、为钱、为色......而杀害了人。三、出于痴的杀业，例如，毁了鸟巢、蜂巢、蚁窝等等。”","白空行母说：","“存心不良、计划谋略、实际杀生，并不忏悔，其罪不可赦！”","","●","","白空行母的说词，使我想起了蒙古的大汗“成吉思汗”（铁木真），成吉思汗的大军，英勇骁战，他建立了蒙古大帝国。","当年，成吉思汗攻打印度。","他想起了，在中国的北方，有一位有道行的丘长春真人。","成吉思汗在印度边境，约丘长春真人见面，请教他的道。","长春真人披星戴月，到了印度边境。","成吉思汗问：","“如何是道？”","丘长春真人只答：","“少杀人！”","成吉思汗与丘长春真人订了誓盟，铜符铁印。后来，成吉思汗攻入中国，在北方的居民，只要贴上丘长春真人的铜符，蒙古兵马便不入屋杀人，救了不少生命。","我说：","成吉思汗。","秦始皇。","汉武帝。","亚历山大。","凯撒。","......。","他们都是杀人无数的，像这样的人，在地狱中，罪业深重，往往都是求出无期的。到了现在，仍然在地狱中，唉唉叫！","","●","","密教瑜伽士，其修行的“气、脉、明点”，“气”及“拙火”，均借助动物的血肉。","密教瑜伽士，懂得不可杀生。","所以在“饮酒食肉”之时。","已做了超度。","须将被食的动物，以咒力、印力、观力，将动物本身，转投入更高的境界之中。","（这样才不会有过患）","","佛曰：","一口清净水。","八万四千虫。","如果不持咒。","如同杀众生。","","","","白","","",""
"018 瓜田李下","https://reader.tbboyeh.org/fullscreen_player.php#/?ebook_id=414&chapter_id=c018","空行母说：","“据他人财物为己有，或用暴力抢劫，或偷偷取走，或用诈骗手法。这些，是犯戒的，犯此戒，大部分生在饿鬼道。”","我说：","“尤其偷窃寺庙的东西，偷窃僧人的钱财，或用根本上师的名，去诈骗他人的钱财，这些都是非常要不得的。”","","以前。","有一位弘法人员，以自己的名义，在银行设立“供养卢师尊”帐户。","众弟子以为真的供养卢师尊。","其实是全部窃为己有。","等到有一天，弟子问我，师尊收到我们的供养了吗？","我哑口无言。","这时才拆穿他的诈骗手法。","","以前。","又有一位弘法人员，从寺庙取走大量的金钱，借口说要供养卢师尊。","事实上，私吞了去。","等到寺庙人员告知了我。","始知又上当了！","......。","","又有一次。","一位远地而来的贵宾，这位贵宾对我们真佛宗的未来甚为重要。","我们非常礼貌的接待他。","一切小心的侍候。","结果，他在听我说法的时候，却有人偷走了他的钱包。","他说：","“你们雷藏寺有贼！”","我汗涔涔而下。","我请问：","“这位贼，你听的，是什么法？”","","●","","无知的人。","无良心的人。","无道德的人。","无耻的人。","才会犯下了抢劫、偷盗、诈骗的行为。","我们学佛的行者，明知这是“五戒”的第二大戒，根本不可以犯，连“瓜田李下”都要避嫌，更何况去犯如此重戒，如此贪财之徒，不是修行，而是行恶，列入《下三恶道名册》之中。","","我卢师尊说：","“凡是贪取钱财的人，你们不要不自觉，在夜里，摸摸自己的良知看看，你是否太超过了？你是否拿了不该拿的？你是否贪欲过重？你还在修道吗？”","不要自欺。","不要欺人。","如果自欺欺人，下三恶道，你已列名其中。","","白空行母说：","“犯偷盗罪的，下饿鬼道。就算投生为人，一贫如洗，贫穷一辈子。尤其，这种不好的习性，将使你在未来世中，累世都会犯偷盗罪。”","我说：","“这种行为，连弘法人员也犯，我们不知，你弘的是什么法？”","我说：","白","“弘法人员，贪财习气太重，所有同门，用智慧之眼，看他！”","",""
"019 大乐的下堕","https://reader.tbboyeh.org/fullscreen_player.php#/?ebook_id=414&chapter_id=c019","空行母说：","“男女交媾是淫，如法的是正淫，不如法的是邪淫。正淫是正常的，邪淫是不当的。不当的邪淫会下堕到畜生道。”","白空行母又说：","“凡是出家的修行人，必须戒淫。连正淫也是不容许的。出家人在密教，属于单修行者，截然不同于在家人。比丘、比丘尼，均是如此，如果行淫，必下堕到畜生道。”","","白空母再说：","“密教是有双身法，道家亦有截接法。这双身截接，是极秘密的法教。上上根器，如法的修习，不是过患。但，一涉不法，即是下堕之因。故，由此道成就者，稀也。只有真正的金刚上师，才可以行之，否则，必入无间地狱，而且多世转劫，也是畜生道中。”","（在本文中，不谈双身法，不谈截接法，只谈淫，什么是不当的淫）","一、非自己妻子，即不当。","二、法律所禁止，即不当。","三、非人，即不当。","四、母亲或姐妹，即不当。","五、未成年，即不当。","六、出家人，即不当。","七、比丘尼、修女，即不当。","八、动物，即不当。","九、替代物，即不当。","十、二人以上，即不当。","白空行母说：","不当的时间——佛菩萨圣诞日。","不当的地点——三宝之前。","不当的交合——使用孔口。","","●","","据我所知。","人生于世，是由“淫欲”所生，也就是父母交合，父精母卵所生。","所以每一个人都有“淫欲”的种子习气，故有“食色”性也之说。","“淫”是人性之一。","“淫”也是人类众生，生生不息之因也。","“淫”生至乐，人生之乐，莫过于此。鱼水之欢，令人欲生欲死，沉迷于其中的人，乐此不疲。上至达官贵人，下至贩夫走卒，均是如是如是。","只要是人。","均是如是如是。","一般动物畜生如是如是。","","但，修行人，慎犯此戒，此戒非常容易犯，只因为人人皆有“淫欲”之念。","一般说来，唯有修至“气通脉”、“拙火通脉”、“明点通脉”的密教行者，才能以“大乐”胜过“淫乐”，如此，自然无欲。","禅宗的行者，以“禅乐”胜“淫乐”。","显教的行者，以“法乐”胜“淫乐”。","我说：","“大乐、禅乐、法乐，均称为法味，有了法味，才有可能胜过淫乐之魔。”","如果用压制法：","如同用石头压住草。","只要石头一移去。","草又长也。","我如此奉劝：","行者若尚未得“法味”，宜用“转移法”，将“淫念”转移。","如此幸甚！如此幸甚！","","","","白","","",""
"020 无的放矢","https://reader.tbboyeh.org/fullscreen_player.php#/?ebook_id=414&chapter_id=c020","空行母说：“不善的语言，容易犯。言语上颠倒是非，或是有的说成无，或是无的说成有，或是随口胡扯，久而成习，是口的三昧耶，是一种业，大祸由此而生。”","我说：","“出家人不打诳语！”","其实不只出家人不打诳语，连在家人也不应该打诳语的。","事实上，打诳语的人很多。","这世上，要找一位真正说“实话”的人，已几乎快接近于“零”了。","人人都在：“无的放矢！”","","●","","例如：","有某人编了一整套诽谤“卢师尊”的故事。","其他的人，看了，轰传全世界。","这个媒体也登。","那个媒体也登。","各个媒体也登。","卢师尊仿佛成了十恶不赦的、穷凶恶极的罪人。","然而，事实上，并非如此。","这就是言语上颠倒是非了！","我们修行人，不想答，也不想辩。","我一直在想。","“如果这故事是真实的，那就应该改过迁善。如果这故事是假的，诳语多多，那也就不必放在心上。”","（因为这是人间）","","●","","例如：","有一位同门带着孩子过海关。","海关问：","“你身上怎么带了如此多的钱？”","同门答：","“我卖了房子！”","同门的孩子在旁说：","“妈妈！我们没有卖房子呀！”","同门：“......。”","海关：“......。”","","所以诳语也分很多种：","一、无利无弊的。","二、有利无弊的。","三、无利有弊的。","四、有利有弊的。","另外，我曾说过，有的行者，自述自己的神通有多大，其实根本就没有神通。","（这也是诳语）","","白空行母说：","“不要无的放矢！无的放矢是有业报的。会堕入恶道之中，未来世讲的话，无人会相信。未来世，诳语连连，久而成习。”","我觉得“狼来了”这个典故，倒是给讲诳语的人，一个教训。","“狼来了！”大家四散逃跑。","说谎的孩子哈哈大笑。","“狼来了！狼真的来了！”大家又四散逃跑。","白","说谎的孩子又哈哈大笑。","有一天，狼真的来了。","所有的人，听说“狼来了！”也不跑了。"
"021 毒舌","https://reader.tbboyeh.org/fullscreen_player.php#/?ebook_id=414&chapter_id=c021","空行母说：","“有一等人，是两片唇动个不止，所说的话，都是不善的。专门毒害他人，说东说西，说来说去，引出了大祸。”","白空行母说：","“出口伤人，就是毒舌。未来下三恶道，成了毒蛇。此等人下三恶道，成了毒兽毒禽毒物，就算是人，争议不止，而且以两舌为乐。”","我们常听人说：","有人串门子，喜说东家长、西家短。","三姑六婆，专道人是非。","好朋友之间的离间。","双面刀鬼。","公说公有理。","婆说婆有理。","这等人，一大堆的道理，其实全是“歪理”，伤人无数。","其实，毒舌之祸，其祸不小，大的可以引起两国的战争。","家族与家族的战争。","民族与民族的战争。","家庭内的战争。","人与人的战争。","","在宗教界——","提婆达多的“毒舌”是最厉害的，他细数佛陀生活上的所有缺点，扩大渲染。","他在僧团中游说。","于是他把僧团分裂成两半，一半的僧人对佛陀信心尚坚定，跟随了佛陀。","另一半的人相信提婆达多所说的，随着提婆达多走了。","僧团分裂。","这是佛陀的十恼之一，佛陀最大的忧患。","","我们宗派中，当然一定有这种人，在宗派中混水摸鱼。","说东道西。","表面上是真佛同门，其实是离间真佛同门，有智慧的人仔细看，仔细听。","谁在分裂僧团？","谁在离间同门？","谁在搞私人的小圈圈？","非常清楚的。","（只是卢师尊一向抑恶扬善，不愿道出而已，众弟子何不睁大眼睛看）","","●","","白空行母说：","“说善言。”","白空行母说：","“沉默是金。学一学少说话，多念佛持咒。”","白空行母说：","“禁口。”","","我分析：","一、有人是公然的离间。","二、有人是迂回间接的离间。","三、有人是私下讲悄悄话的离间。","这三种，都是离间。同样都是犯口业的，弘法人员有“毒舌”的毛病，一定下三恶道的，何不扪心自问：","“你自己是不是毒舌？”","若有。","白","速速忏悔，以“还净法”清净。","这一类的“毒舌”很容易犯，甚至还有人以“毒舌”为乐，这种习性要不得，害人等于害己，是令人怖畏的！",""
"022 无止尽的“喋喋不休”","https://reader.tbboyeh.org/fullscreen_player.php#/?ebook_id=414&chapter_id=c022","空行母说：","“语的不善包含了绮语，绮语有三种含义：一、讲一些无聊的话。二、讲黄色的笑话。三、喋喋不休的闲扯谈。”","","我说：","“行者应该沉默是金，多做观修的功课，因为谈话太多，是无意义的聊天。一者，浪费了宝贵的时光；二者，言多必失；三者，祸从口出；四者，黄色笑话，也是犯三昧耶的。”","我常听人说：","我们谈了三天三夜。","我们聊天聊到天亮。","无聊的人找无聊的人聊天，聊啊聊的，聊到最后还是无聊。","很多人喜欢聊天。","很多人喜欢闲扯谈。","白空行母说：","“无足轻重的话，瞎扯的话，无关的话，还是少说为妙。因为浪费生命时光，会堕入三恶道之中，成了蝉、蛙、草虫等等，喋喋不休的叫个不止。”","“闲聊成习，以闲聊天为乐。”","“喜欢无意义的闲聊，对行者来说，影响了念佛、持咒、观修、禅定、精进、智慧，也容易犯了口的三昧耶。”","","我深深觉得：","人生已经过于短促了，时光经常不够用，再加上人人在职场经营奔波，所剩的时间，拿来修法都已经很不够用了。","如果：","聊天。","闲扯谈。","尽说无意义的话。","岂不浪费。","","●","","有人问我：","“卢师尊上了法座，讲经说法，天花乱坠，如果将说法集结，岂不是一座书库？这不是喋喋不休，是什么？”","我答：","“未说一句！”","有人问我：","“卢师尊写书二百多册，都是亲手写，花费时光四十年，那也是等于喋喋不休的书之以文，这时光岂不荒废？”","我答：","“未写一字！”","有人问：","“禅师与禅师彼此之间的问答，算不算闲扯谈？”","我答：","“教。”","“教什么？”","“电光石火，已历多劫。”","“不明白？”","我答：","“这漆桶。还不快参！”","我说：","禅师与禅师的对话，根本不是闲扯谈或是聊天，大善知识只是以口告人，用最简单的几句话带过，含有深义，震耳欲聋，教化众生耳！","","我说法是“般若”。","我写作是“佛慧”。","","","","白","","",""
"023 舌剑唇枪","https://reader.tbboyeh.org/fullscreen_player.php#/?ebook_id=414&chapter_id=c023","空行母说：“语的不善是恶口，这可恶的口，真是造业之源。伤害他人的语言，是破三昧耶的。”","白空行母说：","“勿揭人隐私、勿恶口伤人、勿说脏话、也勿背后伤人以口。”","我认为：","出口成脏。","舌剑唇枪。","辱谤他人。","公开隐私。","这都是“恶口”的业，“恶口”的三昧耶！","","我记得有一位成名的作家，很有才气及智慧的，他自杀了，自杀之前，留下一张纸条，上书四个大字：“人言可畏！”","这四个字，令人心惊胆颤。","我记得一位大企业家，正在奋发图强之年，因为媒体揭露他的隐私，也不算太大的过患，但他竟然跳“澎湖大桥”而自尽。","我看了深深悲叹。","诸如此类，均是“恶口”。","","我发觉：","不管中外媒体，均有八卦媒体，均以语不惊人死不休的姿态，尽其能力，不管真相如何，专门辱骂诽谤为能事。","这些报导，很多人喜欢看，这也是八卦媒体能够存在的理由之一。","他们以公开名人隐私为主体。","有人问我：","“这样的媒体，有罪否？”","我答：","“如果真相确实，报导正确，公平、公正、客观，我认为尚可。如果一偏颇，报导不真实、不公正、不公平、不客观，我则认为，那就是恶口！”","其实“恶口”是有因果的。","下三恶道。","未来世，常常触怒众人。","以“恶口”为乐。","","●","","我常说：","我这一生，是在伤害诽谤中成长的，如果要理会，理会不完。","因此，我全部不理会。","我知道，因为这里是“人间”，“人间”本来就是这样的。","明知，诽谤并不真实，但，我也不想辩白。","有其他团体，利用一位灵障的女子，大大的诽谤，我也不理会。","各方媒体报导，我也不理会。就算天翻地覆，我也不理会。就算弟子见了报导，背弃卢师尊，我也不理会。","为什么？","因为这里是“人间”。","","●","","一个开悟者，他知道，原来天下众生是一体的，均具有佛性。","众生皆是前世父母或亲眷。","我不会伤害众生。","害人就是害己，伤人就是伤自己。所以我发愿，我从来不告人。","众人诽谤我，正是教导我修“忍辱波罗蜜”的时候了。","“恶口”勿犯。","因为你是伤害自己也！","","白","","",""
"024 贪恋世俗","https://reader.tbboyeh.org/fullscreen_player.php#/?ebook_id=414&chapter_id=c024","空行母说：“行者应该避免贪恋世俗，因为贪恋世俗，不会上升，反而下堕。世俗包括一切有形无形，例如：名位、财物、美色。”","白空行母说：“行者的出离心是很重要的，如果没有出离心，修行无益。所谓出离心，当然要避免贪恋世俗。”","白空行母说：“不肯布施、贪他人的财物、贪美色、贪非自己之物、贪执美好之物，均是贪恋世俗。”","","我说：","金钱。","黄金。","珠宝。","股票。","豪宅。","名车。","这些都是美好的世俗之物，拥有不是不可以，而是不要太贪执，不要有了还想更多、更美好，积存世俗之财物，就是贪恋世俗。","我们都知道，生不带来，死不带去，世俗之物是“无常”的。就算富豪也只是一时，就算高官也只是一时，就算名人也只是一时，就算美色也只是一时，全部都是一时而已。","所以，白空行母要我们不要紧攫财物、名位、美色不放。","修行人了知一切“无常”。","不会去贪执。","不会舍不得布施。","应该要自然来，自然去，来就来，去就去。一切世俗美好，不放心中，如此，就是“无念”之行，“无念”之行，就是“般若行”也。","","●","","贪恋世俗有三种因果：","一、会下生三恶道。","二、就算转世为人，会投生在饥荒、干旱、贫困的地。","三、为人小气巴拉。","行者摒弃“贪恋世俗”是非常重要的。","","●","","记得从前有位弘法人员，他跟卢师尊比赛财富。","我有一部宾士车，他买了三部宾士车。","我有住宅一间，他买了住宅十栋。","我后来有了“彩虹山庄”（现已成彩虹雷藏寺），他在中部也建了“摩天山庄”。","他逢人便说：","“我要胜过卢师尊！”","我叫“莲生活佛”。","他的名片印：","“莲○活佛”。","后来他过世了。","我的内心哀痛。","","●","","又有一位弘法人员，他是买卖股票的，常常问我股票的涨或跌。","我说：","“股票不是涨就是跌，不是Ｍ字，就是Ｗ字，只是一时而已！”","我说：","“行者不应玩股票，赚了就喜，输了就沮丧，心牵股票，不是修行人所应有的。”","后来，他背弃“真佛宗”。","他太贪恋世俗了！","贪恋世俗的人，不是一位行者，行者是不把世俗放在心中的。","白","贪、贪、贪，会下三恶道的！","",""
"025 不可憎恨","https://reader.tbboyeh.org/fullscreen_player.php#/?ebook_id=414&chapter_id=c025","空行母说：","“不可憎恨，憎恨一定下三恶道，憎恨是犯三昧耶的，行者啊！慎之！慎之！”","白空行母说：","“贪爱与憎恨，虽然是相对的，事实上，同出于本源，是一体的。憎恨是对人有敌意，只要对人有敌意，就违背了道，如此就会下三恶道。”","白空行母说：","“佛的道理法教，是说，无缘大慈，同体大悲，大慈悲心，发菩提心，这些法教，行者都能明白，但，为什么做不到呢？”","","我听了白空行母的法教，汗涔涔而下。","我知道，做到的人，太少了。","我认为：","憎恨的产生有很多的因素：","一、人与人不合。","二、吃醋。","三、嫉妒。","四、由爱生恨。","憎恨原来是念头的不善，但，由憎恨所产生的行为，是令人怖畏的。行者要避免憎恨，不要因憎恨犯下了伤害自己及他人的恶行。","我们看多了：","人与人不合，杀了对方。","吃醋，杀了对方。","嫉妒，杀了对方。","由爱生恨，杀了对方。","（这是世俗人间，常常可以看到的。修行人要避免憎恨，连憎恨之念也不可有，因为，这是犯三昧耶戒的。）","","我们密教行者，要发四无量心：","一、慈无量——给人快乐。","二、悲无量——解除人的痛苦。","三、喜无量——欢喜的去慈悲。","四、舍无量——连生命、时光均要施舍。","","●","","我个人以为：","站在一切众生，都具有“佛性”的立场；站在一切众生都平等无分别的立场；站在一切众生与自己是一体的立场。","行者不能憎恨！","憎恨一定下三恶道！","例如：","一名女子，攻讦卢师尊不休，卢师尊不可憎恨。","一名背弃弟子，攻讦卢师尊不休，卢师尊不可憎恨。","反之，卢师尊要发愿，不舍一个众生，永远发大菩提心。","如是。如是。","又例如：","美国总统“柯林顿”与“陆文斯基”的事，曾轰动全世界。","这是一个“由爱生恨”的实例。","憎恨是很可怕的。","所以“情人看刀”的例子，非常多，非常多。","爱的时候，天翻地覆，恨的时候，同样也是天翻地覆的。","因为这里是人间，芸芸众生都是世俗凡夫之故。","然而，佛的法教不同一般人。","修行人要领受佛的法教。","“不可憎恨！”","我实实在在的告诉圣弟子，你如果有了憎恨的心，你就不是大乘的行者，连小乘的行者也不是。","白","有人憎恨你，你不能憎恨他，甚至设法救度他，如此，才是行者！","",""
"026 傲慢与偏见","https://reader.tbboyeh.org/fullscreen_player.php#/?ebook_id=414&chapter_id=c026","空行母说：","“自己未证悟，却说自己证悟。这是夸大！自己未得神通，却说自己已得大神通。这也是夸大！因为未证未得，便自夸大，就是自大，也就变成了傲慢。”","白空行母说：","“未证未得的人，自说佛理，就产生了偏见。例如，常见或断见。例如，苦行是至高无上的。例如，宇宙是暂时的聚合体。”","白空行母说：","“这些都是邪见，其结果将堕落三恶道之中。”","","我说：","在这世界上，很少人，很少人，真正了解正见与邪见的分别。","但，开悟者知道。","我说，像宇宙是暂时的聚合体，表面上是通的，但，仍然是邪见。","别人不知道。","我知道。","","又：","世人太半都赞扬苦行，有了苦行，便获得世人的认同，认为道德高深，修行成就。其实这也是邪见。","别人不知道。","我知道。","","又：","早期，我的长辈对我说，人死了，什么都没有了。天堂、地狱、因果、报应、轮回，全是宗教家编出来的。","我一听，便知道，这是“断见”。","死了，什么也没有，这是“断见”。","","又：","有人对我说，他什么也不信，只相信“钱”。只有“钱”才是真的。","豪宅、名车、美女、钻石、珠宝、名利、地位......。均可得之。","一切都是实有的。","我们要在现实世界中享受人生。","我一听，这是“常见”。","执持实有的世界，而不放，这正是“常见”。","这“断见”、“常见”全是邪见。","","●","","我（莲生活佛卢胜彦），可以批评一切行者，为什么？因为我是开悟者。","在这世界上——","如果你未达开悟，而去批评人的话，那就是“诋毁”，那就是傲慢与偏见，以邪引邪，以迷引迷，以盲引盲，全部入火坑。","但，","如果你是真实开悟，你是可以批评一切行者的，这是指引他们，证悟无上正等正觉的方法，是一种狮子吼，是正义的呼声，是唤醒众等，得到了“正见”。","事实上：","“常见”、“断见”会下三恶道。","“苦行”是邪见。","“暂时聚合体”是邪见。","......。","这世界上，有很多自认为博学的人，他们创造了很多理念。","这些理念，是抱持“邪见”的。","现在只有“明心见性”的人，才能真正的以“佛慧”去看透。","有什么疑惑？","看来，只有问“我”了！","","白","","",""
"027 最最严重的三昧耶","https://reader.tbboyeh.org/fullscreen_player.php#/?ebook_id=414&chapter_id=c027","空行母说：","“莲生，卢师尊，你当说明最严重的三昧耶戒，行者若犯了，一定下地狱、饿鬼、畜生。而且时间长到无间断、空间广大无边。其中之苦，千百亿万倍于人间世，不可想像。”","“为何是最严重？”","白空行母说：","“是因为对象不同、环境不同，而有了轻、重的程度差异，卢师尊，你当说明之。”","","于是，我说：","最最严重的杀生——是你杀了一位已证悟无上正等正觉的行者生命。由于这位行者的生命很重要，而你却杀了他，你等于杀死了千万人的慧命是一样的。","（杀佛杀菩萨，其恶业最重）","","最最严重的偷盗——是你偷取了“寺”、“堂”、“会”。把“寺”、“堂”、“会”的产权，归入自己的名下，非你所有，却偷盗之。","（以募款方式，建立寺、堂、会。后来私吞了事，这即是最严重的偷盗。）","","最最严重的邪淫——是你诱惑比丘僧，或诱惑比丘尼，犯下了淫行。这是比一般人更重的恶业。如果你强迫了一位菩萨与你行淫事，这又是非常重的恶业了。","（也就是说，诱惑修行人，犯下了邪淫，罪加一等）","","最最严重的诳语——是你欺骗了你的根本上师，欺骗师父，欺骗圣贤僧。对根本上师诈骗，任何一种方式，为了名位、金钱等，施行诈骗，是一定下金刚地狱的。","（欺骗根本上师，修法无益，不得成就。原因是失去传承，没有加持力）","","最最严重的两舌——你离间僧团，也就是分裂僧团。僧团是最主要的修行团体，你设法以口舌分裂之，形成了，僧团分裂，其罪业第一严重。","（叛逆佛陀的提婆达多，分裂僧团，就是最好的一个例子）","","最最严重的恶口——你以恶言恶语，或最是污秽的言词，去侮辱你的根本上师。你只是听来的，以讹传讹，或是编造的，如小说一般，并非真实见，你就诽谤，恶口一出，就是重罪。对一位实修者，也同样恶口，即是重罪。","","最最严重的绮语——你以无聊的闲言闲语，去扰乱别人的修行，或说黄色笑话，去扰乱实修者，扰乱阿罗汉。","","最最严重的贪——是贪三宝的钱。","（将供养根本上师的钱，据为己有。或私吞了去。或寺、堂、会的财政，卷款私逃，逃之夭夭。或贩卖佛具，收取回扣）","","最最严重的恶念——是不想出离轮回，是不想解脱烦恼，是不想生死自主。而你念头想的是，是世俗上的犯罪，尤其是“五无间罪”，或“五逆罪”。","最最严重的邪见——诽谤佛性、诽谤如来的智慧、诽谤三法印、诽谤一实相印、谤佛、谤法、谤僧、诽谤根本上师。","","白空行母说：","“戒律的法教，非常重要，要时时宣说。”","我问：","“在过去，我的书中，早已述说了，还要重复说明吗？”","白空行母说：","“戒律是一切法的基础，必须时常叮咛，若犯三昧耶戒，不但不得成就，还要下三恶道。”","","","","","","","","","","","","","","白","","",""
"028 佛陀的制度","https://reader.tbboyeh.org/fullscreen_player.php#/?ebook_id=414&chapter_id=c028","教原是佛陀的教化之意。佛教从印度传至东南亚、中国、韩国、日本。......","原始佛教，因为种种的状况发生，佛陀才颁布了戒律与制度。","什么是如法的？什么是不如法的？","在原始佛教之中，出家的比丘、比丘尼、优婆塞、优婆夷，被称为四众弟子。","比丘地位被尊崇。","比丘尼次之。","优婆塞（男性居士）再次之。","优婆夷（女性居士）最低。","其中的制度很多，论之颇繁复。","","然而，时至今日，男女已平等。情况略有变动，对于佛教的制度，我特别向白空行母询问，请白空行母给予法教。","我问：","“原始佛教的制度，我们在现代，是否要一一遵守？”","白空行母答：","“最好合于佛制。至于少少变动，亦可，但，仍然不宜偏离。”","我问：","“早期，真佛宗有带发上师，而比丘、比丘尼向在家上师顶礼合宜否？”","白空行母答：","“不合宜，最好在家上师应及时出家，把不如法变如法。居士在上，出家下座；白衣在上，比丘在下，向上顶礼，是末法时期的怪现象。经典曰，是魔相，不合佛制。”","我问：","“古代，比丘、比丘尼悬殊，今代，男女平等，比丘、比丘尼是否平等地位？”","白空行母答：","“修证至佛菩萨，当然平等。但，在人间，仍然有制度在，有人昌言改革，但，大致上，各个教团，尚遵守佛制。”","我问：","“居士上师坐中央，两排比丘、比丘尼坐两旁，合宜否？”","白空行母答：","“不伦不类。当然不合佛制。最好是，居士上师坐中央，比丘、比丘尼坐居士上师之后，是尊重出家人也，也是权宜。”","我说：","“如果在家居士坐中央，头戴五佛冠，比丘、比丘尼向上顶礼，是否可以？”","白空行母答：","“顶礼五佛，是可；顶礼个人是不可。这也是权宜之计。”","我问：","“如何是好？”","白空行母答：","“最好出家，一切问题，迎刃而解。”","“有人不想出家？”我说。","白空行母答：","“密教三重：菩提心、出离心、中观正见。没有出离心，如何是行者？”","我说：","“我曾言，在家居士与出家人，平等平等，这句话是否有错？”","白空行母答：","“没有错。至少在修证方面是平等无分别，均可证果。但，在佛制中，出家人执持佛法，在家人护持佛法。”","","","","","","","","","","佛","","",""
"029 什么是真正行者？","https://reader.tbboyeh.org/fullscreen_player.php#/?ebook_id=414&chapter_id=c029","日，真佛宗的弟子，遍满全世界，种族不同，言语各异，习性也不同。","弘法人员虽然奔波弘法，辛勤备至，但，亦有“莠草”藏在其中。","很多真佛行者问我：","“什么条件，才是真正的行者？包括上师、教授师、法师、讲师、助教、堂主、真佛同门。我们请问卢师尊，如何才是标准的真佛行者？”","","我将此问题，问白空行母。","白空行母答：","做一个标准的真佛行者，至少有十个条件。","","第一——他从来不杀生。不但不杀生，还放生、救生。","食素亦可。","若不能食素，要懂得“供养”、“超度”、“清净”之法。","","第二——他不小气巴拉，喜欢行善布施，出钱出力，广结善缘，是一位乐善好施的大善人。","如果穷困弟子。","喜当义工。","也是大善。","","第三——他的生活纯正。不抽烟、不喝酒、不打牌、不赌、不淫、不斗。","不好逸乐。","不恶劳动。","乐观精进。","","第四——他是一个诚实的人。对根本上师不虚伪，恭敬佛、法、僧。对佛法尊重，对修行人恭敬。","不说谎话。","不出恶口。","不挑拨离间。","不讲无意义的话。","诚实无伪很不容易。","","第五——他聪明而有智慧。能分别善恶因果，对人世间的是是非非了了于心。有能力去调和他人的恩恩怨怨。","","第六——他行事慎重，一切都是如法的，不如法的事不做。不受色诱、不受财诱、不受名诱、紧跟着圣贤、具德、大善知识的脚步走，跟着根本上师的脚步走，而不是跟著有异心的弘法人员的脚步走。","","第七——他必须实际上的修行，修行身、口、意清净，深入三摩地中，常常有法流灌顶与加持，有了证验的。","尊师。","重法。","实修。","","第八——他发了大菩提心，慈悲喜舍，爱一切众生更胜于自己，这是大乘。","如果爱自己更胜于他人，这是小乘。","如果恶他人，下三恶道。","真正的行者，是发大菩提心的，爱他人更胜于自己。","","第九——他出离心很重。","出家修行第一。","在家修行，心中也已出家。","世俗的事很淡泊。出离世俗、出离贪财、出离贪色、出离贪名、出离贪欲。","","第十——他对根本上师没有怀疑，只有净信，必得加持。","","今","这十个条件具足，你就是真正的行者，最终证得果位。","否则，尚不是真正的行者。",""
"030 以“无我”为第一的教戒","https://reader.tbboyeh.org/fullscreen_player.php#/?ebook_id=414&chapter_id=c030","问白空行母：","“无我法是何义？”","白空行母答：","“佛性的修练。”","我问：","“如何修练？”","白空行母答：","“渐渐免除二元分别的执念。”","我问：","“如何实修？”","白空行母答：","“离开于一切的造作。”","我问：","“是自然吗？”","白空行母答：","“对世间的利衰、毁誉、称讥、苦乐，了了于心，但，心不受束缚，而是让心休息。无念、无念，不执、不执。”","我问：","“是三轮体空吗？”","白空行母答：","“正是，正是。”","","●","","白空行母说：","“很多修行人，都有自私的念头，还有一些自私的人，去追随自私的修行人。这些修行人实在愚蠢而无知，而追随者更是无明深重。只要有自私的念头，或是执着二元分别的人，就无法证悟无我的佛性。不但如此，还会下三恶道之中呢！”","白空行母说：","“自私的修行人，是以『自我』为中心的人，以自我为中心者，必然有敌、友之分，有自、他之分。如此，就与菩提心背道而驰。如此之行者，必愈陷愈深，无可救药，堕入三恶道之中。行者自己，及一切追随者全部入火坑。”","“为什么全部入火坑？”我问。","白空行母回答：","“二元性，认定有利的为友，认定伤害的为敌。如此一来，便产生了贪爱与憎恨，由这二项，就造出了恶业，由恶业便入轮回及下三恶道之中了。”","白空行母说：","“拔除人的自私吧！这自我是魔！”","","白空行母的法教是：","自修无我，教授人人无我。","追随无我者。","追随无我的根本上师及无我的大善知识，不要追随自私的行者、自利的行者，因为，他们没有证悟无我。","要舍弃分别，例如国家、家族、地域、阶级、敌人、友人等等。","不要贪名。","不要贪利。","不要贪自己的肉身。","不要贪自己的家族。","认识无我。","认识佛性。","要知道一切的名相皆无实性。","要知道世界众生及万法皆无实性。","要知道好像有，其实如梦幻泡影。","无可得。","无何有。","无可住。","","我","","",""
"031 “无我”的深密","https://reader.tbboyeh.org/fullscreen_player.php#/?ebook_id=414&chapter_id=c031","天的深夜。","白空行母告诉我：","“你的侍者之一，莲宁上师，是大紫莲花童子的转世，你当指引他『无我』的深密，这是甚深无上的大法了。”","白空行母说：","“莲宁上师是未来的大法王，是了悟自始无生的本净，你要点醒他。”","于是，我对莲宁上师说：","你要参《金刚经》的二个偈：","无我相。","无人相。","无众生相。","无寿者相。","","又：","一切有为法。","如梦幻泡影。","如露亦如电。","应作如是观。","","我告诉莲宁上师，离开一切的概念与一切言诠的限制。","离开一切作为，大圆满。","我对莲宁上师点了一点，石破天惊，令莲宁上师开悟。","莲宁上师也玲珑剔透的开悟了！","","●","","开悟自然是隐密的，因为世人无法了悟到这深密，太高深了，世人是不解的，故而不可说。","又因为超乎言语或心念的，故而不可说。","此曰：","无上。","无修。","任运。","","●","","这等人，是最上根器的人，那是修行到了最高的境界，只需一点即是。","这等人知道：","一个大明点的法身。","安住于无作的大空。","立断。","顿超。","我给莲宁上师，认可为大紫莲花童子的转世，给明力灌顶，让他明心见性。于是他应该了悟轮回与涅槃、烦恼与菩提、实相与方便。见到了本然的法身。","我说：","如果没有这个口诀的法教，就无法烦恼断除，就无法自主生死，就无法解脱，就没有办法去证悟。","可笑的是：","一些自称神通者，未修此法，是“依通”、“鬼通”、“神通”、“报通”，仍在险地。","一些建大寺院者，未修此法，是在边地。","一些只做济世者，未修此法，仍在资粮道。","一些大法师，未修此法，仍是有羁绊的过患。","......。","落入宗义者，而不自知。","","一","●","","我们要了悟："
"032 一整出戏","https://reader.tbboyeh.org/fullscreen_player.php#/?ebook_id=414&chapter_id=c032","师尊降生在一个平凡的家庭，一九四五年六月二十七日，正是美机轰炸嘉义（水上机场）的时候。","举家搬到牛稠溪畔的“鸡舍”出生，那年正是“鸡年”，我全身缠着“白纱”出生。","据说我是早产。（母亲说的）","父亲觉得这孩子来得奇。","不被重视。如同外星人一般。","于是，有一段日子，我被送给我阿姨养，我阿姨是“黄雪花”。","我这初生的婴儿，什么也不懂，后来懂了，有几个意义在其中：","一、白纱——是白色天衣。","二、来历——是菩萨。","三、出生——奇特。","（这里面隐藏着一个非凡的一整出戏）","","●","","我问白空行母：","“为什么我的出生是一整出戏？”","白空行母说：","“来历非同凡响。”","我问：","“为何非凡？”","白空行母答：","“你直接入莲胎，未受父精母血沾染，出生未满足月，历经三教苦修，终于证得明心见性，广度众生，利益人天。”","我问：","“来历呢？”","白空行母答：","“莲花童子降生，阿弥陀佛是本地，毘卢遮那佛是根源。”","我问：","“白空行母的来历，又是何本地？”","白空行母答：","“般若佛母是本地。”","","●","","我问：","“这一整出戏，如何演化？”","白空行母答：","“你修证明心见性，截断生死之流，传无上法门，通晓一切法，八万四千种法门，创宗立派，利益一切众生。”","我问：","“如何教化？”","白空行母答：","“卢师尊生起一切的功德，以种种法门，善巧应用，调伏众生的习性。”","我问：","“仍然有不守戒，未受调伏的弟子？”","白空行母答：","“全然的正遍知，了悟生灭之理，无分别心，平等施予。就算未受调伏，卢师尊也明白其中的因果及根源。”","我问：","“如何教化不如法的弟子？”","白空行母答：","“具有信心、大悲心、利他的心、聪明及智慧的卢师尊，你当知道，什么是无一遗缺。”","我点点头。","我明白，根本上师的我，是一切如来菩萨的心中心，只要背弃一切如来菩萨的心中心，就是不如法的，这一点我深深明白。","卢","只可惜，众生似懂非懂，屡屡犯错，因为，毕竟这里是人间啊！","",""
"033 “门户之见”是过患","https://reader.tbboyeh.org/fullscreen_player.php#/?ebook_id=414&chapter_id=c033","空行母说：","“门户之见，是今日行者的大过患，绝大部分的行者，全犯此弊。”","又说：","“因为行者犯了如此的过患，因此，造了口业、身业、意业而不自知，纵然下了三恶道，仍然不知到底犯了何过？”","我听了白空行母之言，恍然大悟。","我说：","修行人不可有“门户之见”，就如同“善财童子”五十三参一般，通达一切法教。","所有的行者，都知道善财童子五十三参，但，没有一个“行者”办得到。","我卢师尊，是遨游二十八天的人，是遨游四圣界的，甚至遨游三恶道的人。见地深，见地广，不是小眼睛、小鼻子，自居于山头大大小小法师，所以，我无门户之见。","因为不拘泥于门户之见，所以能正遍知，了知一切法没有实性，知道一切法门全是方便，所以能不畏怯任何的事物，达到“无所谓”的境界。","我说：","我因为心胸宽大，所以宗宗非宗，法法非法。一切无明的黑暗，全然清清楚楚明明白白，我如同一盏灯，一入暗室，全部照见。","（观自在菩萨，行深般若波罗蜜多时，照见五蕴皆空）","","我说：","解脱万法，万法解脱，会吗？","一法通万法，会吗？","渐进，会吗？","顿悟，会吗？","如此，不犯三昧耶，会吗？","（不生不灭、不垢不净、不增不减）","卢师尊学习了一切的法教，精进所有的法相，因而解脱了一切门户。","什么叫“真佛”？","包容一切，解脱一切，叫“真佛”。","穷究所有的法教根源，了知所有的佛法宗派。","最终的是合一，一切法教都是一味，而一味又归于零。","当“般若”登峰造极的时候，了知所有的法教的真谛，是曰：“明心见性”。","","●","","白空行母说：","门户之见的三昧耶有：","任何法门都想，但，任何法门都不通达。","无法合一，无法归于零。","见不到真正的法界实性。","盲修瞎练，没有根本上师的口诀传承。","依盲目的师父。","不守三昧耶的戒律。","如法或不如法，根本不清楚。","不知道佛法只是一味，不知道佛法的真实见地。","佛法的根本是什么？不了解。","人云亦云，站在此山头，谩骂所有的山头。","没有见证到法性。","没有开悟，却建立了大山头，以盲引盲，全部入火坑。","我认为：","所谓的大宗师，如果没有开悟，是有门户之见，宗派之分的。用大偏见彼此攻讦，如此必犯三昧耶戒。","","","","","","白","","",""
"034 论“退失道心”","https://reader.tbboyeh.org/fullscreen_player.php#/?ebook_id=414&chapter_id=c034","问白空行母：","“如果戒律太严，或依佛陀的制度来实施，会不会令行者退失道心？”","白空行母答：","“道心建立在信心，信仰佛教的人，深信佛法能救度众生出轮回。一直依止这个信仰，有信心的人，一定会持戒，尊重佛陀的制度。”","我问：","“有人说，他退了道心。”","白空行母答：","“如果有道心，就不会退。”","我问：","“退了呢？”","白空行母答：","“他从来就没有道心。”","我为这个问题想了很久。","道心，道心，退道心，退道心......。","于是：","有人说：“我要退道心了！”","我回答：“有道心的人，不会退。你根本从来就没有道心。”","有人说：","“我要还俗了！”","我回答：","“你几时圣贤过，你本来就是俗，还需要还俗吗？”","（请三思这个问题）","","●","","白空行母说：","“道心如同大日，永远的恒在。悬挂在虚空之中，是恒在的，永不退失。所谓退失，是自己的无明、贪、瞋、痴，去遮住了大日，大日永不失，是自己迷失，而不是道心退失。”","我问白空行母：","“我一向主张自由、民主，要大家守戒律，遵守佛陀的制度，会不会太紧了些？”","白空行母答：","“所谓戒律是止恶。所谓制度是规矩。是教人免于过失，免于偏见，免于怨憎的，免于分别心的，免于模糊，免于失去礼仪。”","白空行母答：","“这样子的行者，如同黎明的天空，一切清清朗朗。如同水晶球般的透明。所谓国有国法，家有家法，宗有宗法，庙有庙规。完全自由、民主，就是一片混乱。”","我问：","“真佛宗欠缺什么？”","白空行母答：","“管理。”","“管理是什么？”我问。","白空行母答：","“戒律与制度。”","我问：","“我们弘法人员欠缺什么？”","白空行母答：","“部分人似乎只专注在财物上，在扩展地盘上，是为了发财扩充地盘。弘法只是一个幌子，佛法修行不是重心。这些部分人是知道财富不能带走，只是仍然迷惑不休。你，卢师尊，如何保证他们不堕入三恶道之中？”","我愣住了。","“他们已有神通耶！”我说。","白空行母说：","“是钱通，不是神通。”","","","","我","","",""
"035 肤浅的“神通”","https://reader.tbboyeh.org/fullscreen_player.php#/?ebook_id=414&chapter_id=c035","空行母说：","“是钱通而不是神通！”","这句话令我想起，在街上有些“算命仙”，专论人“三世因果”。","（知人的“三世因果”，这是“神通”。）","“算命仙”编出信众的“三世因果”。然后恐吓你，必然会有厄运。","你听了心生恐惧。","“算命仙”便说可以解除。但，需要一大笔钱，才能消灾解厄。","于是，你给了一大笔钱。","果然没有厄运发生。","这是“算命仙”的灵验，消灾解厄成功，双方皆大欢喜。","如果真的出现厄运。","这也是“算命仙”的灵验，消灾解厄钱太少，需要更多钱“补运”。","“三世因果”可以信吗？这其中，我认为“假”的居多，舌粲莲花的骗徒，多的是。","全是假的“神通”了。","","●","","白空行母说：","假的神通很多，例如，没有实际的修行功夫，而自称有神通，这种神通是肤浅的。","只有自私自利，开口要钱，闭口也要钱，这种天天要钱的人，自称有神通，这种神通一定是肤浅的。","不守三昧耶，违背根本上师的旨意，上师要他做的，他不做；上师不要他做的，他却去做，而自称有大神通，这种神通是肤浅的。","不守戒律，犯贪、瞋、痴、疑、慢、杀生、偷盗、邪淫、妄语、喝酒，而自称有神通，这种神通是肤浅的。","根本没有甚深的禅定功力，只是依靠鬼魂交通、精灵交通、低灵交通、动物灵交通、小神交通，而自称有神通，这种神通是极其肤浅的。","不是由佛法的修持，而是由邪神而获得的通力。根本不知佛法，不明白般若，而自称有神通，这种神通是肤浅的。","没有菩提心，不知道慈悲众生，根本没有利他的行为，不随喜功德，却在经营生意上非常的认真，而自称有神通，这种神通是肤浅的。","没有出离心，一切行为俗里俗气，做股票、开商店、买与卖、套滙率、赌钱、出入色情场所、舞、歌、享受、争名、争利、争地盘......，而自称有神通，这种神通是肤浅的。","没有正见，无明习气深重，邪见甚多，邪气满身，宣说的不是佛法，鼓励人只要去了天界就好，而自称有神通，这种神通是肤浅的。","一个言行都不如法的人，自称有神通，这种神通是肤浅的。","只知修四禅天的定，由初禅到无色界的禅定，不知有更甚深的禅定，而自称有神通，这种神通是肤浅的。","假的神通。","鬼灵神通。","小的神通。","邪的神通。","神的神通。","四禅神通。","白空行母说：","“这些自称有神通者，尚在肤浅的神通之中，何况其他。”","","","","","","","","","","","","","","","白","","",""
"036 烦恼如何断尽？","https://reader.tbboyeh.org/fullscreen_player.php#/?ebook_id=414&chapter_id=c036","空行母说：","“只有烦恼断尽的人，才是圣贤，才是大善知识，才是菩萨，才是佛。”","我问：","“这世间，谁烦恼断尽？”","白空行母说：","“卢师尊！”","我哈哈哈大笑三声。","我接着说：","“我的烦恼才大呢！你白空行母怎能说我没有烦恼？”","白空行母答：","“你不放心上，故，烦恼断尽。”","我说：","“这是一语中的。”","","●","","白空行母说：","学佛的行者，若不禅修断尽烦恼，灌一千个、一万个顶，也无益处。","学佛的行者，如果已明心开悟，但仍然有烦恼，这只是理上的开悟。在事实上，没有开悟的实践，仍然不算开悟。","学佛的行者，对佛法有信心，但，愈修烦恼愈多，这一定是出了差错，不能对治烦恼，这样子学佛实无益处。","学佛的行者，实修非常的精进，但，烦恼的困厄始终未去。","要去请教根本上师（大善知识），到底是什么地方出错？","刚开始修行很精进，后来却感觉到厌倦了，懈怠了，毫无成就感，赶快去请教根本上师吧！","如何修？修来修去，心愈是散乱，心永远不平静，心始终不安。","","圣严法师有一句话：","“心安就是平安！”","这句话很对。","但，这世界上有几个人，真正达到“心安”？","我请问圣严法师：","“如何心安？”","我实实在在的告诉大家，这世界上，只有一个人达到了“心安”的境界，这个人就是“莲生活佛卢胜彦”。","哈哈哈！","","白空行母说：","“要修戒、定、慧。要明心见性，要实践无念法门，要明白世间的真谛，要明白佛法的真实谛。”","如果禅定没有办法断尽烦恼，如果持戒没有办法断尽烦恼，如果智慧也没有办法断尽烦恼。","一点都没有办法？","只有去请教根本上师卢胜彦。","面对痛苦与困逆要如何？","卢师尊说：","转。","转不了？怎办？","出离。","出不了？怎办？","空。","空不了？怎办？","于是，我会告诉你，烦恼的实相，人的实相，世间的实相，众生的实相。......","如果你领悟了。","你就是“释迦牟尼佛”！","","白","","",""
"037 证量的象征","https://reader.tbboyeh.org/fullscreen_player.php#/?ebook_id=414&chapter_id=c037","空行母说：","“修行人常常提到证量两个字，有人把证量与神通划上等号，其实这是很可笑的一件事，因为证量与神通是毫无干系的。”","","“那什么是证量呢？”我问。","白空行母答：","行者对任何痛苦的事，已能承受，而且不觉得痛苦。","这即是了悟无常的证量。","","行者的烦恼不会生起，就算生起了烦恼，也能马上止伏。","这即是降伏烦恼魔的证量。","","行者在任何环境之中，不管是顺境，或是逆境，都能平静自己的心，完全不起波浪。","这即是禅定的证量。","","行者的修法，从来不觉得厌倦，恒长的精进，不懈不怠。","这即是心气任运的证量。","","行者对根本上师视之为佛，根本上师的优点是佛，根本上师的缺点是教化。","这即是无分别心的证量。","","行者妄念不起。","（定的证量）","行者明觉恒住。","（慧的证量）","行者五毒不侵。","（戒的证量）","白空行母说：","“真正的证量，是指这一些，这才是证量。至于眼通、耳通、他心通、宿命通、神足通、漏尽通，这是通力，只有漏尽通，可算烦恼漏尽的证量。","如果这些就是证量，这是鬼迷其心，《下三恶道名册》中，列有其名。","●","","白空行母又说：","另外有些小小的证量，也在此，特别述一述：","执着少了些。","烦恼减轻了，看得透了些。","比较不那么的自私。","名利心看得淡了，一切自然来，一切自然去。","不再嫉妒比自己更有成就的人。","离开了渴望求取。","就算在没有禅修的时候，也没有失去禅修的明觉。","任何念头的生起，均能一刹那之间的摒除，而不残留心中，就是无念法门。","涅槃也可，轮回也可，也就是无分别心的证量。","不攀缘了。","一切安住。","","●","","白空行母说：","有一些行者自称已拥有了证量，而且证量大得很，大到上了九重天外。","这些行者如果：","好名位。","白","争利。","争地盘。","迷惑其他行者。（不如法的）"
"038 遇见珍宝上师","https://reader.tbboyeh.org/fullscreen_player.php#/?ebook_id=414&chapter_id=c038","空行母说：","“在这人世间，要遇见一位珍宝上师是很不容易的，因为这人间，冒牌的上师特别多，有证量的上师很少。能遇见珍宝上师，一定是在累世之中，积聚了资粮功德。”","白空行母又说：","“卢师尊的出现于世，不是偶然，你是一位具德的珍宝上师。你自己所遇见的珍宝上师，像了鸣和尚、萨迦证空上师、十六世大宝法王、吐登达吉上师等，全是累世的善友道侣，这不是巧合，而是因缘。”","白空行母再说：","“当有志于修行的人，正好遇见你，又皈依你，这也不是巧遇，而是有缘的线把大家牵在一起。你是阿弥陀佛，根本就是事实，无数的莲花童子，也是事实。你们的前世修行的宿命全部被唤醒了，唤醒了珍宝上师与圣弟子，彼此相逢的事实，这些全是事实。”","","我问：","“那背弃的呢？”","白空行母答：","“就像大日被云遮住，就像驶船遇到大风，就像断了线的珍珠，就像覆了巢的卵，就像离群的飞雁。......这人世间，当然是不够完美的，羊群里会有几只骆驼，米桶里也会生虫，这时，珍宝上师也当知道，这是佛法碰上了莫名其妙的敌意，这也是一种教化，沉默及忍辱是最好的良方。”","我问：","“无法救度吗？”","白空行母答：","“恶业及污染，使弟子背弃珍宝上师，这也是事实。《下三恶道名册》中，均列了他们的姓名。只有信心及聪慧再起的时候，以还净法的教授，能令他们得到救度了！”","白空行母说：","“就因为有背弃的事实发生，你卢师尊了知诸行的无常、诸法的无我、涅槃与寂静，也就能转心出离人世间，远离俗世的生活，而领悟了实相，不是吗？”","","我问：","“为什么弟子会背弃珍宝上师呢？”","白空行母答：","信心不长远，只有暂时的感动是不够的。","信心低微，世俗心的企图太强。","自视太高，认为珍宝上师泛泛。","自认自己才是领导者，漠视珍宝上师。","欺骗珍宝上师，以获取利益。","根本没有把珍宝上师放心上，自认比珍宝上师还要行。","把佛法当幌子，目的在世俗利益。","把珍宝上师当幌子，目的是过河拆桥。","不实修，没有证验。","到处游走，信心不坚固，哪边有利哪边去。","夸大神通，吹嘘自己开悟，比珍宝上师更厉害，迷惑道侣。","喜欢搞是搞非，内心欠缺佛法。","江湖术士。","言行不如法，却凭聪慧自行解说。","谬见。","我问：","“还有呢？”","白空行母答：","“这样还不够吗？”","","","","","","","","","","","","白","","",""
"039 冒滥的上师","https://reader.tbboyeh.org/fullscreen_player.php#/?ebook_id=414&chapter_id=c039","问：","“有珍宝上师，岂无冒滥上师？”","白空行母答：","“怎会没有，不只如此，冒滥的上师，如同过江之鲫，而珍宝上师难觅。”","我问：","“谁是冒滥的上师？”","白空行母答：","“全列名在《下三恶道名册》之中矣！”","我问：","“为何会是他她？”","白空行母答：","佛法的宗旨，只为了“自主生死”、“解脱烦恼”、“弘法度众”。","舍了这三大宗旨，便是冒滥上师无疑。","","例如：","一位博学的佛学权威，研究三藏十分精通，经、律、论，均能通晓。","如果他没有“实修”，就是一位冒滥的上师。","","例如：","一位读过密教著作三百多册的佛学宗师，他自己也发表甚多著作。","如果他从未“皈依”、“灌顶”、“实修”，就是一位冒滥的上师。","","例如：","一位佛教的大宗师，他喜欢政治，专心于政治，胜过自我的修练。","纵然名气全世界知晓，也一样是一个冒滥的上师。","","例如：","一位受过皈依、灌顶的密教行者，凭着三寸不烂的舌头。","用金钱取得阿阇黎灌顶。","从此行骗天下。","欺骗世人说有实修，其实根本没有，这也是一位冒滥的上师。","","例如：","一位阿阇黎，口口声声讲“神通”，夸大了自己的神通，把神通说成佛法，把神通说成证量，这种高谈阔论的空话。","久久成习。","其实全是吹牛。","这一类的上师，正是冒滥的上师。","","例如：","一位阿阇黎，聚集“金钱”，胜过自心与佛法合一，这一定是冒滥的上师。","","例如：","一位阿阇黎，一心在自己的名位上打拚，“攀缘”于世界名人，成为最有名气的上师。（攀缘太过）","而事实上，自心与佛法并未合一，这一定是冒滥的上师。","","例如：","一位阿阇黎，广收徒弟，拚命扩充地盘，而自心与佛法并未合一，这一定是冒滥的上师。","","总之：","一位阿阇黎，专注世俗的利益，胜过出世间的妙果。","一位阿阇黎，专注于外相，忽视了内在的修为。","我","一位阿阇黎，迷于神通，不晓究竟果。","一位阿阇黎，追名逐利，虚荣，浮夸，没有真正的实修。","一位阿阇黎，作了许多恶行，不守戒律。"
"040 白度母的警告","https://reader.tbboyeh.org/fullscreen_player.php#/?ebook_id=414&chapter_id=c040","问：","“我们真佛宗走在正常的修持轨道上吗？”","白空行母答：","“真佛宗是有人在正常轨道上，但，多数人很腐败。”","我大骇。","白空行母说：","“有人只用嘴皮修法，真佛密法是幌子，自称是修行人，自称弘法人员，而最爱身外之物的冒滥行者太多了。”","我问：","“我们的缺失？”","“一盘散沙。”","“将来会如何？”我问。","“不具备丝毫的修行功力，有证量的弟子不多，毫无制度，世俗的追求太炽热，只有少数的人能够在轮回中解脱。”","我问：","“上师呢？”","白空行母答：","“自视甚高的、自认最上的领导者的、攀缘第一的、执着谬见的、未具出离心的、贪爱财物的、言行背弃传承的、根本不实修的、妄言讲神通的、蛊惑信徒的、催眠洗脑的、壮大自己想独立分枝的......。”","我听了脸色苍白。","我问：","“怎么办？”","白空行母答：","“下三恶道。”","我问：","“如何救？”","白空行母答：","“持戒是佛法的根本。若不守誓戒，真佛宗是一盘散沙。”","“上师最大的缺失是什么？”","白空行母答：","“离开根本上师愈行愈远，而且自以为是。所谓的虔敬心，只是表面上的。得不到传承加持力，不只如此，无法利他，只是利己。贪心的上师，愈来愈多，这是极其怖畏的。”","","我问：","“什么誓戒？适合什么人？”","白空行母答：","五戒适合刚皈依灌顶的人。","八戒适合于在家修行的居士。","沙弥戒适合于想出离轮回的人。","菩萨戒适合于慈悲喜舍修行的人。","比丘戒适合于男众出家人。","比丘尼戒适合于女众出家人。","愿菩提心戒适合于自、他平等的人。","行菩提心戒适合于视他人更胜自己的人。","事师法五十颂戒适合于密教行者。","十四大戒适合于修行瑜伽士。","具足戒适合于大修行者。","我问：","“这些重要吗？”","白空行母答：","“这些当然重要，如果僧人或在家居士，毫无戒律的话，整个真佛宗会松松散散的。修大乘的，没有菩提心；瑜伽士不守三昧耶；上师没有实修；行者拚命的不是成就，而是世俗之物的取得；好名好利好色。这样子一来，修行成就很困难，倒是堕入无间地狱很容易。”","我默然。","","","","我","","",""
"041 掉入陷阱的危机","https://reader.tbboyeh.org/fullscreen_player.php#/?ebook_id=414&chapter_id=c041","了家的修行人，“比丘”、“比丘尼”，一心只想出离世俗，走入圣道之中。","我问白空行母：","“比丘、比丘尼有歧途否？”","白空行母答：","“甚多！”","我请白空行母举例说明。","白空行母说：","例如：有一位比丘尼，“名声”非常的大，大到全世间的人都知道。","这就产生了掉入陷阱的危机，为了保有自己的名声，费尽了所有的心思，比丘尼反而更入世了，入世是歧途。（入世多于出世）","比丘尼忘却“修行”见道，出离“世俗”。","","例如，有一位大师，这位大师想获得诺贝尔奖的“荣誉”。","朝思暮想，就想获得诺贝尔奖，于是，大师必须挖空心思，去营造诺贝尔奖的条件，和平奖得之不易。","如果矢志在诺贝尔和平奖。","必然掉入陷阱的危机，无法“修行”见道，修出“究竟”。","","例如，有一位禅师，建了一座全世界最大的禅寺，建禅寺原本无可厚非。","然而，一座又一座的大禅寺，需要花费很多的精神及金钱。","“金钱”的获利，难以估计。","精神的耗费，难以评估。","如果禅师只重在一间又一间的大禅寺的建立。","如何“修行”见道？","忘却“出离”就是陷阱，就是危机。","","例如，又有一位禅师，矢志建一座佛教大学，这也是无可厚非的。","然而大学的建立，需要财力、又需要人力、又需要管理、又需要教学、又需要经营、又需要土地、又需要学生......。","出家禅师投入大学兴建，大学也非全是佛教，入世反而多些。","宜否？","请比丘、比丘尼三思。","是否是修行见道的歧途？","","例如，又有一位大师，大师有百万弟子，每位弟子都想见大师，谈谈话儿。","如果大师将全部精神，用在弟子身上，只想收更多的弟子。","大师又想天天面见弟子。","如此，弟子多，反而成了大师的陷阱危机。","修行“见道”，出离“究竟”有了阻碍。","","白空行母说：","亲戚会阻碍圣道。","经营会阻碍圣道。","生意会阻碍圣道。","等而下之的：","名声会阻碍圣道。","荣誉会阻碍圣道。","最最等而下之的：","享受会阻碍圣道。","懒散会阻碍圣道。","睡眠会阻碍圣道。","......。","如果有任何阻碍你“修行”见道及“出离”世俗的牵缠，都可能是陷阱及危机，必须调整自己的脚步！","","出","","",""
"042 幼稚幼稚又幼稚","https://reader.tbboyeh.org/fullscreen_player.php#/?ebook_id=414&chapter_id=c042","问白空行母：","“佛眼视众生如何？”","白空行母答：","“幼稚。”","我又问：","“菩萨视众生如何？”","白空行母答：","“幼稚。”","我再问：","“白空行母视众生如何？”","白空行母答：","“仍然是幼稚。”","我说：","“不是说，众生不可思议吗？众生非众生才是众生吗？佛出世间，佛是由众生出生的是吗？众生如何是幼稚？”","白空行母答：","“众生果然不可思议，从幼稚中，能见证佛性，这才是不可思议。”","我问：","“为何能如此？”","白空行母答：","“如来的教化！”","","●","","白空行母说：","“虽然有些人，已明白修持佛法，但，却幼稚得很，卢师尊，你要教化他们！”","我问：","“如何教化？”","白空行母说：","一面钓鱼，一面修四无量心，慈悲喜舍，那是非常幼稚的。","天天去请求上师灌顶，但，却不持守身、口、意清净的三昧耶，那是非常幼稚的。","天天去听上师的法语开示，却无法身体力行，根本不能照办，那是幼稚。","一面想做善事，但，却做出恶行，一面修忏悔法，一面又照做恶行，岂不是幼稚。","跟上师跟得很紧，随侍在上师之旁，但，恶行恶状，是不是幼稚？","已经灌顶为阿阇黎上师，等于是老师了，却在做世俗的生意，为世俗生意劳心劳力，这就是幼稚。","已经是上师，却天天去求，设法去求，求什么？诺贝尔奖、和平奖、亲善大使奖、慈善奖、成就奖、终身奖、大善人奖、人间之光奖......。助长世间荣誉，岂不是幼稚！","已经是上师了，还说，这人不好，那人不好，讲是讲非，真是幼稚可怜。","行者去受种种戒，却无法守戒，也是幼稚。","习气一点也没有改，却说自己修忍辱波罗蜜，真是幼稚。","每天惶惶恐恐，却说自己修禅定波罗蜜，真是幼稚。","每天忙进忙出，未修密法，却说自己修精进波罗蜜，真是幼稚。","自言开悟，又说自己被侮辱、很委屈、被排斥、受诽谤。......此等人尚未开悟，岂不幼稚。","说自己已成佛，却又不利生，岂不幼稚。","说自己是菩萨，却无慈悲心，岂不幼稚。","说自己已成就，却嫉妒他人，岂不幼稚。","已经皈依，也受了灌顶，得到了修法仪轨，坛城也设了，最后是没有时间修法，这岂不是非常幼稚。","","","","","","","我","","",""
"043 先修对治法","https://reader.tbboyeh.org/fullscreen_player.php#/?ebook_id=414&chapter_id=c043","问：","“所有的修行法，应该先修什么法呢？”","白空行母答：","“对治法。”","我说：","“是不是要永久修对治法呢？”","白空行母说：","“对治到不必对治时，明白心，见证了佛性，可以自在任运时。那时不用对治，也即是对治，这是至高的境界了。”","我说：“我明白。”","","我又问：“是哪些对治法呢？”","白空行母回答：","最大的对治是：","用出离心来对治世俗。","用菩提心来对治小乘。","用空性来对治轮回。","","一般的对治是：","用戒律来对治恶行。","用布施来对治小气。","用精进来对治昏沉。","用忍辱来对治瞋念。","用禅定来对治散乱。","用智慧来对治五毒。","","又：","忆念死亡可以对治你的懈怠。","忆念轮回之苦可以对治你的不善业。","忆念诸天乐境可以对治你对此生的迷恋。","忆念善缘可以对治一切不好的缘分。","忆念因果业报可以对治最微细的恶行。","忆念上师可以对治失去了加持力。","忆念佛本尊可以对治失去了摄受力。","忆念护法尊可以对治失去了护持力。","","又：","追求来生的更安乐，可以对治堕入三恶道。","追求善业的努力，可以对治轮回。","追求解脱，可以对治六道轮回。","（我如此说，行者的追求，不是世俗的名、利、色、享受，而是不落入三恶道，更不落入人道天道，最终的六道轮回均不入，证得解脱菩提道，从此任运自在了）","","又：","追随珍宝上师，对治邪慧上师。","追随佛法善侣，对治损友。","用忏悔法来对治过患。","用还净法来对治破誓戒。","用净信来对治疑惑。","用利他来对治嫉妒。","用平等来对治吃醋。","用自他无别来对治不平等救度。","用身清净对治身的不净行。","我","用口清净对治妄语、两舌、恶口、绮语。","用意清净对治妄念及散乱。","用单纯的生活来对治污垢。"
"044 斩魔的宝剑","https://reader.tbboyeh.org/fullscreen_player.php#/?ebook_id=414&chapter_id=c044","空行母问卢师尊：","“什么是魔？”","我答：","“大自在天魔、烦恼魔、五蕴魔、死魔。这是喜金刚，脚踏的四魔。”","白空行母笑了：","“这是四魔没错。但，你知道吗？最大的魔，是我执之魔。魔根本不在外，而是在内，你必须向内在的魔去斩除，外在的魔就不能作祟了。”","白空行母问：","“你明白内在的魔吗？”","我答：","“我执、法执。”","白空行母问：","“如何斩？”","我答：","“般若剑！”","白空行母说：","“你说的不错，可惜这世间的人，有谁有般若剑？大大师、大法师、大禅师、大和尚、大活佛，谁有般若剑？”","我问：","“这些大修行人都没有般若剑的话，谁又有般若剑呢？”","白空行母答：","“很少、很少。卢师尊是少数中的一个。”","","●","","“看啊！”白空行母说：","大权贵的人，被傲慢之魔所绑，他们无法成为行者。","大富豪的人，被金钱之魔所困，他们无法成为行者。","有大地位的人，被大地位牢牢卡住，他们怎可能卑下的修行？","一般的人，被无明之魔，矇住了眼，愚昧的不能成为行者。","企业家，被财富及忙碍之魔所限，很难成为行者。","大学者，被知识之魔所阻，很难成为行者。","大科学家，被科学之魔局限，很难成为行者。","大修行人，被山头所困，很难逃脱山头之魔。","大修行人，被宗派之魔所困，很难成为真正的解脱者。","大修行人，被大寺之魔所困，忙于寺务。","大修行人，被大群弟子所困，无法挣脱束缚及解脱。","大修行人，被世间俗务之魔所困，无法解脱菩提，真正证见佛性。","有些人被儿女、亲人所困。","有些人被可爱女人所困。","有些人被可憎之人所困。","有些人被名牌饰物所困。","有些人被美丽所困。","有些人被甜言蜜语所困。","有些人被贪爱所困。","有些人被宠物所困。","有些人被习气所困。","白空行母告诉我：","“执着大乐，被大乐之魔所困；执着净光，被净光之魔所困；执着空，被空魔所困。甚至执着功德、执着成佛......。全部被困住了！”","我问：","“如何才是般若剑？”","白空行母答：“无为。无作做！”","","白","","",""
"045 内心深层的痛","https://reader.tbboyeh.org/fullscreen_player.php#/?ebook_id=414&chapter_id=c045","空行母说：","“人世间，痛苦是多于快乐的，表面上的苦与乐是相对的，事实上，苦与乐是同一个心。”","我说：“是的。爱与恨，也来自于同一个心。”","白空行母说：","“所以是一心演万法了。”（万法唯心）","我问：“人间是苦吗？”","白空行母答：","“是苦。”","白空行母说：","“在人世间只有一种人，无苦无乐，无苦受无乐受，这种人超凡入圣，身在人间，心不在人间。”","我问：“心不在人间，心又在哪里？”","白空行母答：","“无心道人！你不明白吗？”","我明白，点点头。","","●","","白空行母说：","“不要以为追逐五毒的人，追逐财、色、名、食、睡，追逐贪、瞋、痴、骄傲、嫉妒的人，会得到快乐，其实这种快乐的深层也是一种悲苦罢了！”","我问：“如何说？”","白空行母答：","贪心的人，惶恐异常，其内心常处于痛苦之中，害怕东窗事发。","瞋心重的人，当他发火的时候，自己早已身处痛苦的火海之中了。","愚痴心重的人，如同飞禽走兽一般，弱肉强食，内心迷惑，无法自拔，一浮一沉，岂不是痛苦。","骄傲的人，早已在别人不屑之中，享受了痛苦的滋味。","嫉妒心强的人，企图心强，心机也强，事实上，嫉妒他人的，嫉妒就是一种痛苦。","","白空行母说：","卢师尊，你看看：","不能调伏自心的人，全是痛苦的人！","不能去除我执的人，全是痛苦的人！","不能够满足的人，全是痛苦的人！","不能去除物欲的人，全是痛苦的人！","不能忍辱的人，全是痛苦人！","吃醋是痛苦的人！","嫉妒是痛苦的人！","陷害他人是痛苦的人！","怠惰是痛苦的人！","折磨及被折磨的人，全是痛苦的人！","得也苦！","失也苦！","患得患失都是苦！","","白空行母说：","在轮回之中的，全是痛苦的人！","在追逐攀缘中的人，全是痛苦的人！","在最高地位中的人，全是痛苦的人！","在美色之中的人，全是最痛苦的人！","在迷恋之中的人，全是痛苦的人！","渴望者即痛苦者。","我问：","白","“如何不痛苦？”","白空行母答：","“了悟自己的心吧！”"
"046 最大的关键","https://reader.tbboyeh.org/fullscreen_player.php#/?ebook_id=414&chapter_id=c046","问：","“密教修持成就，最大的关键是什么？”","白空行母答：","“根本上师。”","我问：","“为什么？”","白空行母答：","“密教从皈依灌顶开始，而施皈依灌顶的，是根本上师。一切佛法，从根本上师传承下来，没有根本上师的传法口诀，一切行者如何得知？就算有了修法仪轨，但无传承法流的灌顶加持，行者也不会得成就。根本上师的成就口诀，行者也不会知道，所以修法无益。总之，密教根本上师，统摄佛、法、僧三宝，故而，传承根本上师的重要，是成就佛法的最大关键所在。”","我问：","“如果不敬师，也会成就吗？”","白空行母答：","“这是笑话。不敬师，就不重法，不重法，就不会实修，这是互相关联的。”","我问：","“如果只重法，只重实修，如何？”","白空行母答：","“根本上师的加持力，如果没有，就如同光有木柴，却无火种，永远也点不上火的。欠缺火种的修法，如何燃烧？”","","白空行母说：","看啊！破三昧耶的行者，是这样的：","只宣说自己的密教成就，却不说得自根本上师的加持，隐去根本上师名，或不敢说出，或故意抹去。","只宣说，一切的佛法，来自于天，或来自于梦授，或佛菩萨亲授，或异人传授，没有传承，没有根本上师，或得自于背后的高灵指点，如此宣称者，根本背弃密教，不符合密教。","（白空行母指示：这天、梦、佛、菩萨、异人、高灵，有可能是魔的变化，一人入魔，魔子魔孙全入了魔）","只宣说自己的名声，夸耀自己的名声，把根本上师抛至脑后。或说自己的成就，早早超越了根本上师，根本上师无啥！","只宣说自己是清净的，诋毁根本上师，一切过错全在于根本上师。","只宣传自己的成就如何伟大，而根本上师早已在自己之下。根本上师的境界，不如自己，评断根本上师的果位。","（事实上，根本上师的成就，弟子们不可妄测的）","只将自己领导的一群人，归属于自己，从根本上师这里分裂出去，将来准备跟根本上师，分庭抗礼。","只是在私底下，假装恭敬根本上师，事实上，早已具足了背叛的心，私自将根本上师的法本盗取，自己搞自己的。","将供养根本上师的资粮私吞。","将供养根本上师的物品盗取。","欺骗根本上师。","宣称：","根本上师不重要。","未得根本上师认可，却说自己已开悟。","根本上师没有加持力，自己才有加持力。","......。","我问：","“怎么回事，会出现这样的弟子？”","白空行母答：“人间。”","","","","","","","","","","","","","我","","",""
"047 修持成就的口诀","https://reader.tbboyeh.org/fullscreen_player.php#/?ebook_id=414&chapter_id=c047","问白空行母：","“什么是修持成就的口诀呢？”","白空行母答：","“一切从皈依具德的根本上师开始。”","我问：","“什么是具德的根本上师？”","白空行母答：","“说来话长，然而，最简单的回答是，这位上师是真实已成就，有修持成就的口诀。”","我问：","“有神通重要吗？”","白空行母答：","“只有清净的身口意，才会自然升起神通，如果不是，那是鬼通邪通。神通不重要，不代表修持成就。”","我问：","“我有意见，清净的身口意，当然是修持成就，而升起神通，不也算是成就？”","白空行母答：","“神通往往和修持成就混淆，事实上，神通只是修持成就的附带品。更何况，现今的行者，真正有神通的人不多，大部分的人是通灵，而不是神通。三世因果，也是通灵。能进出四禅，也不算修持成就的。”","","我问：","“要修持成就，有何口诀？”","白空行母答：","随侍根本上师很重要，取得口诀很重要。","虔敬根本上师，不虚伪，不要让根本上师心中起烦恼。","一切的恶行要遮止。","把根本上师当顶饰，永远头顶着根本上师，时时忆念，如此可以得到加持力。","连一点点违背具德的根本上师的旨意，都不可以有。","（我想，这一点，何人能做到啊？）","精进的每日修法，一日一修或一日三修、四修。重点在：","观想。","持咒。","入三摩地。（入我我入）","观想的重点是：","对生。","顶戴。","自生。","对于重要的口诀，要牢记于心，千万不要轻忽口诀的绝对性。","菩提心非常的重要，出离心非常的重要，正见非常的重要。","坚守誓愿及戒律，一切三昧耶戒，不能破，破了无法修持成就。","明心非常的重要，明心就是开悟见道，在此人世间，开悟的人不多，你，卢师尊，是一位真实的开悟者。","开悟不能随便泄露，只有见地相当的人，才可以点醒他。","修行见性是重要的，只有见证佛性才算修持成就，其他的都不是。","礼敬具德的根本上师。","礼敬本尊。","礼敬护法。","我问：","“有谁已修持成就？”","白空行母答：“卢师尊，你自己知道！”","","","","","","我","","",""
"048 大圆满的法教","https://reader.tbboyeh.org/fullscreen_player.php#/?ebook_id=414&chapter_id=c048","问白空行母：","“藏密红教的大圆满法，白度母有何特别的口诀吗？”","白空行母答：","“口诀是有，但，这是至高的大法，行者要修到如此的成就很难。世间之人，还是一步一步脚踏实地的修持才好。”","我问：","“先修资粮道、再加行道，直至见道、修道，最后达究竟道，大圆满成就是何道？”","白空行母答：","“大圆满法成就，即究竟道。”","我问：","“妙觉成佛？”","白空行母答：","“是的。”","我问：","“我修大圆满法究竟如何？”","白空行母说：","“莲生佛！”","","我说：","“请白空行母谈一谈，大圆满的口诀，好吗？”","白空行母说：","请仔细听：","一元非二元，这就是重要的口诀。空即是色，色即是空。轮回即涅槃，烦恼即菩提。","佛魔一如。","净垢一如。","善恶一如。","等等等等......。","","我说：","“这些，一般人无法意会。”","白空行母说：","这些只有“见地”到至高时，才有可能明白，一般行者是不知道的。","修行的口诀是：","在禅定中，不知是禅定。","无知如虚空。","烦忧也等于是没有烦忧。","不执着真佛宗的存亡，有真佛宗也等于没有真佛宗，何况其他。......","你我他皆不存在。","有相皆空。","（财、色、名、食、睡）","颠倒恐惧根本没有。颠倒恐惧不生起。","名誉不存在。","亲眷不存在。","没有爱憎。","没有悲哀，也没有快乐。","明白器世界的幻。色、声、香、味、触、法是幻。","连我亦不存在。","我说：","“这不是空了吗？”","白空行母说：","“这是大空而住。”","我说：","我","“空怎会快乐？”","白空行母说：","“舍弃就是快乐，开悟就是快乐，自在就是快乐，安住就是快乐，不牵挂就是快乐，没有我就是快乐，无念就是快乐。......这种乐才是永恒的大乐。”"
"049 最后的警告","https://reader.tbboyeh.org/fullscreen_player.php#/?ebook_id=414&chapter_id=c049","说：","“白空行母菩萨，这本书已写至最后一篇，你尚有何话要交代？”","白空行母说：","“警告、再警告、三警告。”","我说：“话说一次就可以了，何必重复？”","白空行母说：","“人们健忘，或明知故犯，或受不了迷惑，或以为可以幸免。人们忘掉了因缘果报是一丝不苟的，下三恶道的人，须修忏悔法、还净法，一点也不能马虎。”","我问：","“弘法人员还要注意什么？”","白空行母答：","自己常常没有修法，却要教人常常修法。","自己没有真正实修，却给人皈依灌顶。","自己没有相应，却给人灌顶相应法。","自己没有开悟，却说自己开悟，又去证明别人的开悟。","自己自利又自私，却要他人慷慨布施。","自己行为不正，又评论他人的行为不正。","自己没有定力，却教人禅定。","","总之——","弘法人员要做行者的榜样。","伪装。","心机。","虚假。","骗人。","欺瞒。","都是《下三恶道名册》中列名。","我问：","“守三昧耶和誓戒，是不是让佛法变得死板而无味，也无法实际应用，这样是不是不太好吗？”","白空行母答：","“要守戒，而不被戒守。这当中有许多巧方便，有时间再说，其实也可以灵活运用，绝对不是死板的。”","我问：“行者有什么须注意的？”","白空行母答：","“不守戒律、修法懒散怠惰、自己认为境界很高，轻视自己的根本上师，这样的行者修行绝对不会成就。”","","白空行母又说：","喜欢世俗的，不会成就。","谬误的修法，不会成就。","欺骗上师的，不会成就。","江湖术士的，不会成就。","贩卖佛法的，不会成就。","腐败的生活，不会成就。","不守三昧耶，不会成就。","专讲神通的，不会成就。","渴求物质的，不会成就。","野心企图的，不会成就。","不会忍辱的，不会成就。","白空行母说：","“这些都是没有正见的，如果不下三恶道，也会转世成为邪见之人、食人魔、夜叉、罗刹鬼、精灵。”","我请白空行母再教示。","白空行母最后说：","“请细读本书，牢记于心，一再的思惟。”","我","“此书重要否？”","“第一重要！”白空行母答。",""
"050 附录：嶽神受五戒","https://reader.tbboyeh.org/fullscreen_player.php#/?ebook_id=414&chapter_id=c050","嶽“元珪禅师”，专修戒律。后来得“安国师”授法，顿悟玄旨。","有一天，有异人峨冠裤褶而来，随从很多，轻步舒徐，来参访元珪禅师。","元珪问：","“为何而来？”","他答：“禅师认得我吗？”","元珪说：“我看佛与众生等，吾一目视之，没有分别。”","他说：“我嵩山岳神，能令人生死，禅师安得一目视我！”","禅师说：","“我本不生，汝也不死。我看身与空等。看看自己与你，你能坏空及你吗？如果能坏空及你，吾则不生不灭。你尚不能如此，又岂能让我生死。”","嶽神听了，稽首说：","“禅师广大智辩，我求正戒，令我度世。”","于是禅师给嶽神授五戒。","","●","","禅师问：","“你能不淫否？”","答：“我有妻。”","师说：“不是谓此，而是不多欲。”","禅师问：“你能不盗否？”","答：“我是嶽神，何有盗取之事。”","师说：“不是谓此，而是贪求供养。”","禅师问：“你能不杀否？”","答：“我是司生杀之神，岂能不杀。”","师说：“不是谓此，而是滥杀、误杀、疑杀、混杀。”","禅师问：“你能不妄否？”","答：“我正直为神，岂有妄？”","师说：“不是谓此，而是合不合天心。”","禅师问：“能戒酒否？”","答：“能。”","禅师说：“以上正是佛的五戒！”","读完了“元珪禅师”给嶽神授“五戒”，我有一些感悟，如下：","守不淫戒，指的是邪淫、多淫、乱淫。","守不偷盗戒，指的是贪供养、多取、偷、拐、抢、骗。","守不杀戒，指的是不该杀而杀。","守不妄语戒，指的是出口合不合天心。","守不饮酒戒，指的是迷乱心性的，不沾唇。","这五戒原是一切戒律的根源，要学佛得成就，须守五戒，否则，顿失人身。","","●","","我觉得真佛宗的弟子，人人都应该守五戒，因为只要是佛弟子，这五戒不守，就已是俗人一个，佛不能成，人身也不保。","所有弟子都应该守五戒，更何况是金刚上师、出家法师等等弘法人员。","若多淫欲——犯戒！","若贪供养——犯戒！","若多斗争——犯戒！","若妄语多——犯戒！","若饮酒等——犯戒！","我发现有些弘法人员，贪求供养已经太过份了，多了还要更多，已经到了无法无天的地步，弘法人员贪求供养，不守本份，是等同“偷盗”的。","我更发觉，有些弘法人员，出口便是妄语，不只是偶犯，而是随口便是不实之言，真正成了“白贼七”，惨矣！","还有些弘法人员，争抢地盘，争名夺利，互相斗争，与世俗人何异，学佛不成，成了阿修罗了。","嵩","我见如此弟子，深深觉得可悲可叹，也可惜他们错失成佛的大缘份。","我无语问苍天！坐观这些人的伎俩把戏。",""