"chaptername","chaptername href","chapterbody","chapterbody 2","chapterbody 3","chapterbody 4","chapterbody 5","chapterbody 6","chapterbody 7","chapterbody 8","chapterbody 9","chapterbody 10","chapterbody 11","chapterbody 12","chapterbody 13","chapterbody 14","chapterbody 15","chapterbody 16","chapterbody 17","chapterbody 18","chapterbody 19","chapterbody 20","chapterbody 21","chapterbody 22","chapterbody 23","chapterbody 24","chapterbody 25","chapterbody 26","chapterbody 27","chapterbody 28","chapterbody 29","chapterbody 30","chapterbody 31","chapterbody 32","chapterbody 33","chapterbody 34","chapterbody 35","chapterbody 36","chapterbody 37","chapterbody 38","chapterbody 39","chapterbody 40","chapterbody 41","chapterbody 42","chapterbody 43","chapterbody 44","chapterbody 45","chapterbody 46","chapterbody 47","chapterbody 48","chapterbody 49","chapterbody 50","firstcharacter","chapterbody 51","chapterbody 52","chapterbody 53","chapterbody 54"
"目录","https://reader.tbboyeh.org/fullscreen_player.php#/?ebook_id=423&chapter_id=c999","序 释迦牟尼佛早就给我授记(序)","001 大洪水来了","002 串珠般的“星光身”","003 化身为白发老翁","004 这是怎么回事？","005 龙袍救人出地狱","006 大神也皈依卢师尊","007 宗喀巴大师的现身","008 大预言","009 我化身为跨海大桥","010 六千万吨的雨水","011 断人生？断人死？","012 我发愿：绝不告人","013 给与梦示","014 空中出现“六足”印","015 突然闪过的一念","016 佛语无虚言","017 在卢胜彦的头上小便","018 被烫死的小孩","019 法王的旧内衣","020 要如何修心？","021 山顶上的老法师","022 杨移圳医师如是说","023 今日心情好否？","024 禅定的游戏？","025 熊处长如此说","026 从十一楼跌到地面","027 到“香华雷藏寺”开光","028 明天会醒过来","029 乌鸦同时大叫","030 ОО一号的建筑执照","031 李幸枝的小故事","032 现在的“南山雅舍”","033 避开杀人犯","034 我签了“不气切、不插管”","035 癌细胞的不见","036 化身为救火员","037 宗教如何融合？","038 史蒂芬‧辛格","039 三座金桥","040 一个老头与一个小孩","041 一个神奇的梦境","042 魏青萍夫人","043 长寿的莲花益明法师","044 李翱究竟有无悟道？","045 同学会的奇事（之一）","046 同学会的奇事（之二）","047 王蓝生的问疑","048 四如意足","049 后记感言","","","","",""
"序 释迦牟尼佛早就给我授记(序)","https://reader.tbboyeh.org/fullscreen_player.php#/?ebook_id=423&chapter_id=c000","很久很久以前的那一年。","我从美国西雅图回到台湾台中，住进台中公园旁的“敬华大饭店”。","有一天晚上，我“星光身”出神。","我见到了“释迦牟尼佛”。","佛陀说：“你知道我是释迦牟尼佛吗？”","我说：“我当然知道，就算变了装、化了灰，佛与佛，彼此都知道的。”","佛陀拿起笔，给我授记，写上了：“大光自在佛”。","我说：“大字不好，人家会以为我自大自傲。”","于是，佛陀将“大”字改成“华”字。","我与释迦牟尼佛，相视而笑，哈哈哈，大笑三声，彼此之间谈了很多昔日在人间的往事，相见非常的欢喜。","","●","","又经过一段时间之后，我终于开悟明心了，在开悟明心之后，大开佛慧，拥有了如来的智慧。于是我明白了：原来如此、原来如此、原来如此、原来如此、原来如此、原来如此、原来如此、原来如此、原来如此。","写了九个原来如此是：","一悟永悟。","唯一无二。","绝对绝对。","无上无上。","我所明白的开悟，等同释迦牟尼佛在菩提树下的开悟，是一样的。我明白这种开悟，世间上的人，是没有办法去想像的，很堪难的。","明白，为何佛陀只“拈花”。","打地和尚只“打地”。","我（卢师尊）只有“金鸡独立”。","因为：“不可说！”","如果说了，未达如此“无上殊胜”者，必然会有大毁谤之故。","会不信之故。","会嘲笑之故。","会大怖畏之故。","然而，你只要开悟了，你参禅宗公案，绝对没有看不懂的。","你阅读大藏经，没有看不懂的。","千经万典，一而贯之。","哈哈哈！苍天！苍天！","如同“一口饮尽千江水，一眼看遍万重山”，我这位“了义”者，从此明了什么是“不了义”，什么是“了义”。","","●","","二Ｏ一一年五月一日晚上，有人持西藏的一本经典，中文名“圣大解脱经”，又名“大方广忏悔解脱成佛经”，经文明白示出。","未来三千成佛者。","第一千佛，以“华光佛”为上首。","第二千佛，以楼至佛为上首。","第三千佛，以弥勒佛为上首。","善哉！","太感应了！","","莲生活佛卢胜彦联络处","Sheng-yen Lu","17102 NE 40th Ct.,","Redmond, WA 98052","U. S. A.","","在","编者注：本有声书系由莲竫法师录制","","",""
"001 大洪水来了","https://reader.tbboyeh.org/fullscreen_player.php#/?ebook_id=423&chapter_id=c001","一年，某国干旱缺水，各地方的水库，水位已下探最低点。原来“湖水泛舟”的小舟，搁在龟裂的湖底。全国缺水严重，已全面限水了。","老百姓叫苦连天。","连餐馆的饮用水，都是限量供应的。","河流干了！","湖已见底！","井水也打不到水！","情况确实非常严重，政府派出消防车，挨家挨户的给一点点水。","真佛宗的弟子，连署写了一封求救信给我，他们的祈求如下：","有一台风逼近。","祈愿台风进入该国。","因为唯有“台风环流”的水气，能够令全国的旱象解除。","以解缺水之苦。","","●","","于是，我在美国西雅图。","在自家后院，设立香案。","立下八大龙王之位：","难陀龙王、跋难陀龙王、娑伽罗龙王、和修吉龙王、德叉迦龙王、阿那婆达多龙王、摩那斯龙王、优钵罗龙王。","立下『风天』（）。","置“甘露法雨”幡，及甘露瓶。","作法时：","将风天引入某国。（以指示印）","再将甘露撒点水，撒在该国的大地上。","持密教真言：","“嗡。缚日罗。儞罗。梭哈。”（风天）","持密教真言：“南无。三曼多。勃陀喃。米伽。设宁玉。梭哈。”（龙）","结八大龙印。","大拇指相交。","伸其他四指，如展翅，手心向外。","然而，我发觉到：","也不知怎么一回事，甘露瓶竟然倒了，流出的水，湿透了该国的某一部分。","我见状，大骇。","惨了！这已注定了该国有大难临头，我有一种不祥的感应。这感应非常真实，决定不假。","我本是救旱灾的。","但在作法的过程中，甘露水倾倒，湿透一大块地图，岂非天灾吗？岂非浩劫吗？","","●","","那一年。","台风果然进入该国。","倾盆大雨而下，据气象台报告，下一天一夜的雨量，等于是全年的雨量。","天啊！","大洪水来了！","大土石流来了！","大山崩了！","大河流改道了！","大桥毁了！","大洪水如同水淹“金山寺”一般，原来是旱灾，竟然成了人间浩劫的大水灾。","我无语问苍天。怎么办？","那","有时候，什么都不做，又觉得于心不忍，菩提心在哪里？","有时候，我做了，想把世界的灾难抚平，给与幸福美满。但，偏偏的灾劫难逃，去了一难，又来另一难啊！","",""
"002 串珠般的“星光身”","https://reader.tbboyeh.org/fullscreen_player.php#/?ebook_id=423&chapter_id=c002","Ｏ一一年，五月一日，我在下午二时，将前往香港博览会的会馆，主持“孔雀明王水供法”的大法会。","在这次大法会中，将赐授：","“孔雀明王星光身法”。（灌顶）","“孔雀明王祈雨法”。（灌顶）","“孔雀明王甘露水法。”（灌顶）","我从“W” HOTEL，出发。出发前，我向孔雀明王祈祷：","“您会给我吉祥的感应吗？”","孔雀明王答：","“会。”","我问：","“是怎样的感应呢？”","孔雀明王答：","“珠串般的。”","我问：","“什么是珠串般的？”我莫名其妙。","孔雀明王答：","“时至即知！”","当我上了游览车，大家坐定，车到饭店前的十字路口，众人大叫：","“珠串般的法拉利跑车，车阵。”","众人看窗口。看呆了。","车窗外，约百辆的“法拉利”车，列队通过十字路口，“法拉利”跑车，是最昂贵的。我大骇，这就是感应到了。","“法拉利”的珠串车阵。","尊贵的大法。","竟然这也是大感应。","（该次大法会，吉祥圆满，共有三万的同门，参与是次的法会，三个大场地，满！满！满！）","","●","","我觉得，“孔雀明王星光身法”，我所说的，虽然是精华，但，略法中，仍然需要有些补述，免得同门虽知此法，而无下手处。","我补述如下：","一、以梵字“玉”，变化孔雀。","以梵字“班”，变化莲花。","以梵字“摩”，变化明王。","二、孔雀明王住行者对面虚空，仍然以“”字光，融入行者额头。以“”字光，融入行者喉际。以“”字光，融入行者心际。","行者身、口、意清净。","三、孔雀明王化为“”字光点，进入行者的中脉，在中脉中，成为“”的珠串。","四、由“”字转化成孔雀明王珠串。","五、行者以“宝瓶气”运气，将孔雀明王送至黑暗星空。","六、每颗星星的光与孔雀明王合一，也即是一颗星就是乙尊孔雀明王。","七、再将星光融合的孔雀明王收摄于中脉。","八、中脉中充满珠串的孔雀明王。","九、如此吐纳往返修练，直至千百亿化身的孔雀明王“星光身”。","这也是“身外化身”之法。","此法须相应孔雀明王后，才起修的。相应后就容易了。","","●","","密教的修行，有广、中、略三种。","“广”是总说。","“中”是实修法。","二","“略”是简法精华。","在此次法会中，我所述说的“星光身法”、“祈雨法”、“甘露水”法，全是“略法”。","圣弟子要谨记，凡一切法，须由行者心领神会，一一变化，实修久久，自有相应之时。",""
"003 化身为白发老翁","https://reader.tbboyeh.org/fullscreen_player.php#/?ebook_id=423&chapter_id=c003","一年，某国大地震，屋宇全倒或半倒，有很多人埋身在土砾之下，哀哀待救。","世界各国的救难队，纷纷飞至该国救难，用仪器及救难犬，去发现地下有无活人。","救难活人，不能用大型机械，恐伤身命。","但用手及工具，又恐救援不及。","黄金八小时。","黄金二十四小时。","黄金三天。","黄金一星期。","被活埋的人，时间愈长，存活率愈是小了。","正当过了廿六天之后，有一位小朋友被救了出来，这是非常奇迹的。","人们都不相信。","二十六天，没有水，没有食物，怎么活？","小朋友说：","“渴了，饮雨水滴入夹缝的小水滴。饿了，快晕了，眼前现光，一位白发长须的老翁，给我食物吃，所以能活下来。”","记者睁大眼睛：","“你饿晕了，出现幻觉。”","小朋友说：","“真的。”","记者说：","“难以置信。”","这件事被报导出来了，有的人，啧啧称奇，有的人根本不信。","这种事，学科学的，学医学的，站在他们的角度，是毫无根据的。","我看了报导，哈哈哈，大笑。","","●","","有一天，观世音菩萨来看我。","菩萨说：","“卢师尊，是你做的。”","我答：","“我在这国，他在那国，太远了。”","菩萨说：","“道岂有太远之说吗？”","我无语。","菩萨说：","“为什么不显化你的本尊，而变化成白发老翁？”","我答：","“若太显化，便教我无喘息之地，我岂有安身立命之处？”","“显化白发老翁？”","“图个天下太平。”","菩萨说：","“有教派要抚养这位孤儿一生，也有他教派要认养他这个孩子，你为何不认？”","我答：","“他们是耳畔打钟声，而我是只具一只眼。”","观世音菩萨笑嘻嘻走了。","","●","","我当然有菩提心！","众生于我有恩，我悲悯所有的众生，有缘的众生要度化，无缘的众生，同体大悲啊！人生太苦了，怎能不感同身受呢！救度众生是不分彼此的，若有分别，如何是平等智？","那","只要遇上了，你就是我要救度的人。","只要发现了，我就化身救人。","只要我能够，我一定是菩萨。","只要你需要，我就给与。"
"004 这是怎么回事？","https://reader.tbboyeh.org/fullscreen_player.php#/?ebook_id=423&chapter_id=c004","美国，要建立一座寺庙，并非很容易的事，这是众所周知的。","首先，要“公听会”，需要周遭的邻居，方圆几百户的邻居点头同意。","寺庙的土地是“宗教用地”，须由当地政府的规划成“宗教用途”。","所以，西雅图雷藏寺，是千辛万苦始出来，“公听会”有十一次之多，其中的困难，说了起来，可以写成一本书那么的多。","然而：","“彩虹山庄”是我个人花钱所设立，建立的地点是在西雅图的东方，约四十分钟车程的“诺斯面”市，属于郡政府的辖区。","“彩虹山庄”的地，是“住宅用地”及附近有“轻工业区”用地。","我当初建立“彩虹山庄”是为了“度假”、“休闲”、“闭关”而设立的。","“彩虹山庄”有四十亩，周遭有“纱帽山”、“屏风山”、“天马山”、“贵人峰”、“印山”、“鼓山”、“旗山”，所以是“七星落地”的大地理。","“彩虹山庄”是我的家。","“彩虹山庄”有我祖先的灵场。","“彩虹山庄”有坛城、护法殿。","“彩虹山庄”是供奉“水子灵”的地方。","“彩虹山庄”有护摩宝殿。","“彩虹山庄”是同门闭关的宝地。","“彩虹山庄”山顶有健行道及健身设施。","但，“彩虹山庄”是“住宅用地”，并非“宗教用地”，这是绝对的。","","●","","那一年的有一天。","有一位王姓的同门，无意中在电脑上看到了“彩虹山庄”的地目，吓了他一大跳，因为地目显现出“彩虹山庄”是“宗教用地”。","这位同门是建筑工程师，知道美国的土地规划法规，不可能由“住宅用地”突然自动变化成“宗教用地”。","王同门将消息告诉我们，告诉大家，我们大家都吓了一大跳：","这是怎么一回事？","瑶池金母去申请的？","公听会呢？","“地目”如何会自动变更？","我们根本没有申请？","佛菩萨去申请的？","搞什么东东？","然而，“彩虹山庄”自动变成“彩虹雷藏寺”，神不知也鬼不觉。","","●","","天啊！这是哪门子的神通演化？","有一天晚上。","我的头顶“百会穴”，爬出一尊光灿灿的佛，佛飞到“郡政府”负责“地目”的官员家。","官员在睡梦中，佛进入官员的脑袋里。","第二天，官员上班。","官员在自己管理的地目上，把“彩虹山庄”的“住宅用地”，主动的打入“宗教用地”。","一切迷迷糊糊的。","于是，“住宅用地”就变成了“宗教用地”。","我说：","人助天助。","心想事成。","有时候，什么都不做，一切自然成。","没有“公听会”，没有申请变更“地目”，而“彩虹雷藏寺”自然的屹立。","","","在","","","",""
"005 龙袍救人出地狱","https://reader.tbboyeh.org/fullscreen_player.php#/?ebook_id=423&chapter_id=c005","人出车祸，送至医院急救，呈昏迷状态，躺在医院加护病房等死。","我赶至，脱下身穿的龙袍，盖在病人的身上。","约过了六小时。","车祸病人醒了过来，他述说，他去过地狱的经历，闻者皆大叹不可思议。","他说：","他自觉已经死了，独自一人走过一条黑暗的甬道，也可说黑暗的幽谷。","来到一座大厅，已经有很多人列队，排了很多排在那里，就像等候点名一般。","众人集合之上，坐了三名官吏模样的人，一一阅名，一一点名，就像分配“牢狱”一般，非常的庄严及肃穆，一点声息都没有。","亡灵列队而行，突然叫到车祸病人的名字，他喊了一声：“有！”","官吏看一看他，很诧异的问：","“你身上是什么衣服？”","车祸病人答：","“我也不知，不知谁给我披上。”","","正在此时：","龙袍大放异彩，金光闪闪，瑞气千条，整座幽灵大厅一时光明万千。","官吏大骇。","幽灵惊叫。","“这件衣服是怎么回事？”","冥吏回答：","“这是件龙袍，是卢师尊的龙袍，有法力的龙袍，能护守生人。”","官吏察看车祸病人的来历说：","“此人一生，善恶业相等，但尚有一段修行因缘，就让他还阳去吧！”","冥吏带着他，走到一个悬崖旁，悬崖下，烟雾弥漫，冥吏推他下去。","他大叫一声，便醒了过来！","于是，他告诉我们这段经历。","信者动容。","不信者，认为是幻觉。","他本人深信不疑，因为一切经历，历历在目，连细节都很清楚。","有一天，他来找我，他说：","“官吏说，尚有一段修行因缘，不知如何做？我从未修行，不知如何开始？”","","我告诉他：","你是因有了死亡经历，才知修的。你当坚固你的道心，常常思念：","死无法避免。","寿命有减无增。","寿命不定。","死缘非常的多。","死时一点也带不去。","死时孤独无伴。","他听了，悚然！","我说：","活着时，人们虽然无暇修行，但仍然非修行不可。","他点点头。","我说：","死亡时，唯有修行佛法外，才可救度，其余多无益处。所以你只有先皈依三宝，学习正法修行，才可以解救你的死亡，不下三涂。","他说：","“是的，是的。”","于是，我先给他“皈依”，教他“持戒”，最后教他修“上师相应法”及“本尊法”。","","有","","","",""
"006 大神也皈依卢师尊","https://reader.tbboyeh.org/fullscreen_player.php#/?ebook_id=423&chapter_id=c006","一位老妈妈，她得了一种病，遍寻名医诊治，均无法痊愈，有医生看到没有医生。","不得已了，人家请她去问大神。","大神降临，“嘶！嘶！”的叫。全身抖颤。","老妈妈问：","“我的病请大神法力治疗。”","大神说：","“你要去雷藏寺找卢师尊加持。”","“为什么？”老妈妈相当讶异。","大神说：","“卢师尊是当今的佛，最有法力的，你不找他加持，如何能痊愈？”","老妈妈说：","“我找大神就好。”","大神说：","“我也皈依了卢师尊，当代的佛，当代的法王，我大神也是卢师尊的弟子。”","老妈妈问：","“他真的有法力吗？是真的佛吗？”","大神答：","“我教你念他的心咒，『嗡。咕噜。莲生悉地。吽。』念愈多愈好，卢师尊会现身加持你！”","“系真Ａ？”","“真Ａ。”","","●","","老妈妈深信大神的话，真的念“嗡。咕噜。莲生悉地。吽。”老妈妈早也念，晚也念，连睡觉前也念。念个没完没了。","有一天。","她在庭院乘凉，坐在凉椅上，闭着眼念上师心咒。","突然，四周全在念：","嗡。咕噜、莲生悉地。吽。","很大声。还夹有鼓声、钟声、法器声，仿佛是千万人齐念：","嗡。咕噜。莲生悉地。吽。","她老妈妈张开眼，吓了一大跳。","因为眼前，是一位戴五佛冠，穿白衣，坐在莲花座上的莲花童子，全身放光，这莲花童子卢师尊还伸手加持老妈妈。","如此过了约三分钟。","老妈妈愣了三分钟。猛然跳起大叫特叫她的儿子、孙子、媳妇......。","一边叫，一边说：","“系真Ａ、系真Ａ、系真Ａ......。”","“真Ａ啥米？”","“真Ａ卢师尊来加持我。”","","●","","老妈妈及一家人全到雷藏寺来皈依我。","我告诉他们：","皈依实有“一般皈依”及“特殊皈依”。","一般皈依是从现在起至临命终时，便结束了。","特殊皈依是从现在起至证菩提果成佛究竟才终止。","老妈妈一家人，全受“特殊皈依”。","我说：","恶趣痛苦烈火怖畏中，诚心实意皈依三宝尊。","诸恶断除众善资粮修，能作虔诚精进求加持。","有","世间人：","颤抖眼大睁，四方寻救护。","见四方无依，心中极懊丧。","彼处无所依，彼时己何从。"
"007 宗喀巴大师的现身","https://reader.tbboyeh.org/fullscreen_player.php#/?ebook_id=423&chapter_id=c007","“宗喀巴大师”圆寂之后（一四一九），据我所知，宗大师曾经多次的现身。","其一，克主杰因为众生迷恋于“自赞毁他”、“虚妄”、“绮丽”、“邪命”，心生悲悯之时，至心哀祷。","宗喀巴大师现身，骑白象，威光赫赫，对克主杰说：“儿啊！勿忧，如果有人，时时忆念我，我必现身，能净治往昔所造之恶罪障，这是极为难得的。”","其二，克主杰在显密二教甚深扼要之处，不能决疑，因而生出悲切的心。","刹那间，宗喀巴大师突现金身，坐在无量摩尼真珠的纯金宝座之上。","由许多天子，擎持而至。","宗大师对克主杰说：","“儿啊！般若法门与密教法门二者互通互辅，要有般若上的见地，以密教之修法，而修证之。此乃教法及证法，二者不可偏废。”","其三，克主杰读宗大师的著作，觉得其中，阶梯分明，无欠无余，前后兼顾，次第宛然，深觉师父的伟大。","又想到众生的无知，五浊恶世之中，他们很少精研宗大师的甚深法义，因此有了无限的哀思......。","","此时。","宗喀巴大师又现身了，大师全身金黄色，现文殊师利相，骑狮子，对克主杰说：","“儿啊！如果有人阅读我的著述，且能深具信心，专心修持甚深法义，其得佛位，如在掌握。你当宣扬我法，去饶益众生，众生之中，仍有少数法器在的。”","其四，克主杰时时忆念宗大师，有一回，涕泣伤感之后，至诚祈祷：","“具足三恩无与伦比之上师啊！我何时能再逢上师，到上师的足前？”","于是，宗喀巴大师骑着猛虎，瞬间出现于对面的虚空之中，现金刚瑜伽之相。宗喀巴大师对克主杰说：","“我永远在你身旁，你我不分彼此，我并没有远离他去。你若念我，可阅著作，这些著作里，均有我的存在。你可发愿，到空行的世界来。”","其五，克主杰不知宗喀巴大师究竟在什么处，于是陈设上妙供品，至诚祈祷：","敬礼父师三世佛，众生唯一皈依处，","结尊文殊无能胜，祈请慈悲降临此。","于是。","宗喀巴大师坐金刚座现身，双手转法轮印。","宗大师说：","“我的化身遍一切处，有的在空行世界，有的在覩史陀天（兜率天），有的在南赡部洲，有的在五台山，在任何一处。”","","●","","宗喀巴大师的最主要的弟子有：","贾曹杰、克主杰、扎巴坚参、绛阳却结、绛钦却结、罗追僧格、根敦主巴等。","我在本文中，提到“克主杰”多次看见圆寂后的“宗喀巴大师”。","我也告诉大家：","我在讲述《密宗道次第广论》之中，第一次开讲就亲见宗喀巴大师，出现在我正前的上方。化身非常庄严，现文殊相，四周放光如网，细细绵绵，光芒罩住我身。我得到宗喀巴大师的现身加持，这种亲身的体验绝非虚言。","我卢师尊也如此说：","“将来我圆寂化去，我的化身遍一切处，随处祈求随处现，圣弟子若忆念我，我必然现身在他眼前。”","","","","","","","","","","","","","","","","在","","","",""
"008 大预言","https://reader.tbboyeh.org/fullscreen_player.php#/?ebook_id=423&chapter_id=c008","住台湾的时候，那是二Ｏ一一年。","有一位王老师预言，二Ｏ一一年五月十一日十时，台湾会出现十四级的大地震。","台湾会断裂成两半。","有超级大海啸。","会死亡数百万人。","这位王老师的预言造成了大轰动，媒体争相报导。王老师也不含糊，在埔里建了很多货柜屋，囤积米粮可以吃一年。","王老师的预言，据说根据“金线之路”的易经八卦推演出来的。","十四级大地震。","大海啸。","台湾裂两半，死数百万人。","这算是大预言了。","我为了此事，请示了“瑶池金母大天尊”。","我问：","“五一一末日说，是真的吗？”","金母答：","“没有这回事。”（安啦）","我问：","“大地震十四级，有无可能？”","金母答：","“有你在台湾，怎有可能。”","我问：","“我岂有那么大的能力，能镇住灾劫？”","金母答：","“你是佛。”","","●","","我很冷静的想了“大预言”。事实上在从前有位“陈恒明”的“飞碟会”，也曾预言“末日说”，上帝会派“飞碟”来接走他们。","结果是，不了了之。","今天的二Ｏ一一，五月十一日，末日说，也一样会不了了之的。","我有一个感叹：","“人恐惧末日，但，却不知修行，可算是大悲哀了！”","我问：","“我能够做大预言吗？”","金母答：","“你能。卢师尊无所不知，神通法力无边，一言中的。”","我问：","“预言什么？”","金母说：","“大地震、大洪水、大火山爆发、大台风。这些都不大。”","我问：","“什么才算大预言？”","金母答：","“太阳自动爆裂，地球冰解，这是大预言。九大行星脱轨，星球互相追撞，这是大预言。地球磁场消失，一切有情众生，被太空吞噬，这是大预言。地球裂成多瓣，人类生物全毁，这是大预言......。”","我问：","“有什么再更大的预言？”","金母答：","“人间根本没有存在过，这是最大的预言了。”","我说：","“这不可能，确实有人间啊！”","我","金母答：","“如梦幻泡影，如露亦如电，无我、无人、无众生、无寿者，这是什么？”","我说：","“这才是大预言啊！”（法尔本然）"
"009 我化身为跨海大桥","https://reader.tbboyeh.org/fullscreen_player.php#/?ebook_id=423&chapter_id=c009","一天，土石流从山上倾泄而下，而山下的人们全在睡梦之中，只一刹那之间，一个村庄全部被埋在土石流之下，全村的人，便化为孤魂。","几千名孤魂，根本就不知怎么死的？在一呼一吸之间，便全部丧失身命。","千名孤魂在山野里游荡。","有的寻找自己的伴侣。","有的寻找自己的小孩儿。","有的寻找自己的珍宝。","有的寻找自己的钱财。","祂们化为点点荧光，在黑暗的大地上，一闪一闪的飘泊着，不知何去何从？","这如同《修心七支论》的前行：","人身难得。","死殁无常。","深信因果。","轮回过患。","一大群冥吏出现了，冥吏驱赶这群土石流死亡的孤魂，进入黑暗的地狱，接受一次又一次的轮回之苦。","这一切，我全看到了。","","●","","我在一刹那之中，生起了慈悲心。","我想起，我若是那些孤魂的其中之一，我如何避免痛苦呢？我如何得到安乐呢？","眼见他人死。","心中热如火。","不是热他人。","快快轮到我。","这就是“自他平等互换”。我愿一切众生离苦得乐，我愿一切众生离于爱、恶、亲、疏之平等舍。","我想到：","“《入菩萨行论》有言：有情与诸佛，同能生佛法，如是敬诸佛，何不敬有情？”","于是：","我的身子起了大变化：","我的双手攀住西方乐土。","我的双脚踏在那个村庄。","我的身子变成了一条跨海的大桥，全身光灿灿的天桥啊！","那是黑暗大地的唯一光亮。","几千名孤魂从我横卧的清净光明大桥，聚集走向了西方极乐世界。","而冥吏，在桥下呐喊！","我的光让冥吏无法目视。","我以如来的大神通力，救度千名的苦难众生，往生到清净佛国。","那最后一名的女子叫：","“陈春娇”。","而我在媒体的死亡名单中，找到了她的名字。","","这是无上殊胜的感应。","我觉得这样的度化众生是最大的快乐。","《入菩萨行论》云：","世间尽所有安乐，皆从安乐他心生。","世间尽所有痛苦，皆出自身安乐欲。","何须更作多赘述，凡夫愚昧为自利。","能仁唯作利他人，此二所行之差别。","自受安乐他苦痛，若不清净相换者。","不能得证圆觉果，不离轮回亦无乐。","那","我现在终于明白了，在我生存于人间时，我的天命是“利益众生”、“帮助众生”、“救度众生”，让众生离苦得乐。","我化为跨海大桥，真实不虚。","",""
"010 六千万吨的雨水","https://reader.tbboyeh.org/fullscreen_player.php#/?ebook_id=423&chapter_id=c010","一年，某国又干旱了，春雷未响，春雨未下，水库的水干枯了。又成了沙洲龟裂。","分区限水开始了。","我请：","莲宁上师。","莲杰上师。","莲哲上师。","三位上师修“孔雀明王”祈雨法，观想“孔雀明王”赐下甘露于甘露瓶中，持孔雀明王咒语真言，持“祈雨咒”：","“嗡。摩玉利。吉拉帝。淅沥淅沥。梭哈。”","最后用“孔雀羽”撒甘露于某国。","","●","","我自己呢！由莲香上师、莲店上师、莉莉法师、莲真讲师、吴淑美、徐雅琪，及四位家妹等人，一起去澎湖。去澎湖有二个目的：","一、祭祖—我祖父卢昌，是澎湖西屿小池角人，有卢家祠堂。","二、去祭四海龙王。","我先到“天后宫”，妈祖娘娘天上圣母庙，祂那里没有奉祭四海龙王。","我又到通梁“王爷庙”，是康府王爷，也见不到四海龙王。","我请“莲店上师”查电脑，电脑显示，只有中国大陆湄州天上圣母庙有四海龙王。","最后我们到了风景区，有名的“澎湖观音亭”，观音亭面向大海，有彩虹大桥。","我进入观音亭，在右手厢房，赫然发现了四海龙王。","我上香。","可惜四海龙王都不在。","我又给观世音菩萨烧香。","我问：","“四海龙王，为何不在？”","菩萨答：","“云游去了！”","我问：","“何时归？”","菩萨语带玄机：","“出了寺门，唤你的即是。”","","●","","我从观音亭出来，看见架在海上的“彩虹桥”时，耳朵真的有人呼唤我：","“法师，我没有饭吃。”","我看他是一名乞丐，再看，是真的龙王化身。","我说：","“我身上有六千元，全给你。”","他答：","“心领了。我知道你找我的目的。你给我六千元，我就给你三天六千万吨的雨水。”","我心急：","“可以更多吗？”（我为众生请命）","他答：","“天数。”","（我与乞丐的对话，全用心灵语言，嘴皮动一动而已，传音入密。）","","●","","想不到的事情发生了！","那","我回台中，在“好小子”饮食店吃晚饭，下雨了！雨势相当大。","（是五月来第一次下雨。）","三天后电视报导：","“梅雨季节来临，全国水库，三天来，进水量，六千万吨。”"
"011 断人生？断人死？","https://reader.tbboyeh.org/fullscreen_player.php#/?ebook_id=423&chapter_id=c011","能断人生，我能断人死，你信不信？","我举例说明：","我的媳妇卢珊珊，要生孙女，请我挑个日子，我屈指神算，挑出：","“九月十一日”。","儿子卢佛奇，媳妇卢珊珊，均摇头说“不佳”。","为什么？","因为九一一是美国电话的紧急求救的电话。","而且九一一是美国纽约世界贸易中心，二栋双子星大楼，被恐怖分子炸毁的大日子。","儿子媳妇说：","“不用九一一，要用九一八。”","我说的不算。","然而，到了九一一的清晨，媳妇卢珊珊的肚子阵痛加剧，送到医院。","马上就生产了。","我的孙女诞生了，“卢君”出世了，她的生日，就是九一一。","所以，我能断生。","","●","","以前，我断人死亡日期，是百灵百验的。","有一天。","来了一个老妇人，请我屈指神算她的死亡日期，我说我不算，但，老妇人硬要我算，她说：","“我不怕死，绝对不怕，你就算吧！让我有个准备。”","我算了！","是一年后的三月二十七日。","老妇人回家后泪涟涟，家人问她何事，她告诉众人，卢师尊预告死期。","此时，她的儿子、女儿、亲朋、好友，全找上我理论，有的要打，有的要告，我不堪其扰。老妇人的家人，甚至要发动报复。","她家人，轮翻上阵，我实在受不了了。","终于有一天，平静了。","因为老妇人，果然在一年后的三月二十七日死亡。","从那次以后：","我不敢再断人死期。","","●","","又有一位刘堂发师兄，其妻蓝氏，妻子得了癌症，已至末期。","有一天，特别请我吃饭。","刘师兄问：","“妻能好否？”","我答：","“不能好，因有因果在。”","刘师兄问：","“妻与我，均是开明之士，愿问死期，请师示之。”","我答：","“死原有三不知。一、不知怎么死？二、不知死日？三、不知死后何处去？我虽知之，但，实在不想断人死日，因有了经验，我还是不说好。”","刘师兄说：","“不妨，我与师姐，均知因果，只愿生生世世跟师尊修行。”他与她均非常恳切。","我屈指一算：","“三月内。”","刘师兄及蓝师姐，没有恐惧，反而更精进的持咒念佛。","蓝师姐住“安宁病房”，二个月多，刘师兄问：“为何仍然没有？”","我","我答：“绝命方插香，即逝。”","于是“绝命方”插香。","就在二月底，差几天，三月内，亡身。","刘堂发叹曰：“卢师尊，果然神准！”"
"012 我发愿：绝不告人","https://reader.tbboyeh.org/fullscreen_player.php#/?ebook_id=423&chapter_id=c012","这一生，有三个地方，未曾进去过：","一、警察局。","二、法院。","三、监狱。","我曾经向大众发下了大誓愿，我这一辈子，绝对不会去告人（诉讼）。","为什么？","因为我是修行人，发四无量菩提心：","慈—给人快乐。","悲—拔除人的痛苦。","喜—欢喜无尽的去做。","舍—平等舍与。","我曾遭逢很大的毁谤，毁谤的文章中，只靠想像，毫无根据，内容也是捏造，根本不是事实，但，我看后，竟然若无其事。","原因是：","这样的毁谤太多了。","如果我是“白文政”，我也应该跳“澎湖大桥”了，甚至跳楼、上吊、农药、烧炭......。","我曾说过，如果我不是佛，自杀一百遍都不够，能够存活下来，是因为，我已证：","“无生法忍”。","","●","","有一回，又有大毁谤。","一位上师对我说：","“你看！你看！就因为你在法座上，宣称从不告人。现在人家谩骂你，一点顾忌也没有，你会被骂得体无完肤。”","我：","“哈！哈！哈！”大笑。","我说：","“这就是世俗人间的现象。”","我能稳坐紫金莲。","八风吹不动。","这也是“如来的大神通”了。","","●","","人们知道吗？","我这位怙主上师莲生活佛，修的是：“自他互换法”。我们是：","“知母”—众生父母。","“念恩”—念父母恩。","“报恩”—报众生恩。","“增上意乐”—上升的功德。","“菩提心”—行菩提、愿菩提、胜义菩提。","“自他互换法”—处处时时为他人想。","这是文殊菩萨传寂天菩萨，传金洲大师，传阿底峡尊者，传莲生活佛卢胜彦。","我每逢一事：","就用“自他互换法”，如果我告人，他人会怎么样？他人会痛苦不堪，我只能给众生快乐，怎能给众生痛苦？","故：不可告人也。","再说“自他互换法”是不为自己想，只为利益有情众生想，这样一来，我不负众生，终究修证“佛果”之因也。","","这是：","执爱自己一切衰败门。","执爱他人一切功德基。","我","是故自他互换之瑜伽。","能作修行精要之基石。","又：","诸佛所动作。"
"013 给与梦示","https://reader.tbboyeh.org/fullscreen_player.php#/?ebook_id=423&chapter_id=c013","名少女，因为感情因素，跳楼自尽，死了。","其父母伤心欲绝，由于是独生女，而且是掌上明珠，父母实在痛心。","事过三年。","她的父母感到奇怪的是，三年中，连梦也没梦一个，父母想念女儿。","女儿却从未报梦。","按一般人的习俗，日有所思，夜有所梦，但，父母想念了三年，女儿却未曾在梦中出现。","她父母听人介绍，来找我。","说：","“如果卢师尊，能令我两人梦见女儿，我两人愿意皈依卢师尊，勤修真佛密法。”","我说：","“给与梦示！”","就在我说“给与梦示”的当天晚上，她父母同时梦见女儿。","她素质高雅，穿着父母买给她的蝴蝶结长裙，如生前一般美丽。","在梦中，女儿对父母说：","“你们找对人了！”","“为什么？”父母问。","“卢师尊是佛啊！是华光自在佛啊！他有佛的神通力，你们修法，我就能出苦轮，我就等着你们的修法呢！”","父母听了，与女儿相拥大哭，哭到醒了过来。","其父母大骇。才一说“给与梦示”，就梦见了。","尤其父母两人醒来，梦中情景竟然完全一样，连蝴蝶结的长裙都一样。","两人飞奔至雷藏寺，当下祈求：","“皈依及受戒”。","","其二：","一位妇人来告诉我：","“有一颗八克拉的Ｄ级裸钻，遗失了，翻箱倒柜均找不到，地毡式的搜寻，各个屋角均找遍了，完全没有踪迹.........。”","我说：","“给与梦示！”","妇人说：","“卢师尊屈指神算便知在何处，何必给与梦示呢？”","我答：","“不然，梦示中亦有境界，境界中自有梦示。”","妇人回去，做了一个梦：","“梦见一位修水管的工人，此工人头壳秃得非常光亮，只剩两旁毛，在厨房水管转弯处，取出了八克拉的钻石。”","这一切的梦境一清二楚。","妇人猛然想起，她曾清洁饰物，可能因此流入水管。","打电话请水电工。","水电工一到，妇人大骇，正是那位秃头工人，又，果然在水管转弯处，取出光灿灿八克拉的大钻石。","梦示准！","梦示神！","令人赞叹不已！","","其三：","一同门莲花丽美问：","“与卢师尊的师徒缘分厚否？”","我答：","“给与梦示！”","梦中，卢师尊现庄严殊胜之身，云端现身，牵莲花丽美的手，飞向摩诃双莲池。善哉！缘分厚也。","","","一","","","",""
"014 空中出现“六足”印","https://reader.tbboyeh.org/fullscreen_player.php#/?ebook_id=423&chapter_id=c014","二ＯＯ","只要大家略略注意一下，这一年，是否有“天候异常”的现象，便知“莲生活佛卢胜彦”，究竟是何方神圣？或是何方魔怪？","初次在“台湾雷藏寺”讲《六祖坛经》。","雷藏寺的上空出现“六足”脚印，六个足迹排成一排，由大至小。","“六祖”与“六足”。","哈哈！大相应了！","一一年五月，刚好是整整一年的光阴。","●","","我办“孔雀明王”法会。","那天，天气燠热难当，在大太阳的寺前广场，人人都受不了。","我呼唤孔雀明王说：","“伸开的双翼，来遮住暴热的太阳吧！让听法的人，得到清凉。”","说时迟。","那时快。","空中有云飞至，如鸟之翼，刚好遮在雷藏寺广场的上方。","其他地方晴空万里，艳阳高照。唯有雷藏寺广场有华盖遮住，凉风习习。","有人从山下往山上看。","独独雷藏寺的上方，有华盖。","那人说：","“天哪！这么大的神迹！”","","●","","有一个台风来了！","气象台预报：","“从花东登陆，从大甲溪出去，大雨在北方，宜兰、北部大雨特报。”","我修法。","中央山脉的上空，筑成一道金光闪闪的长墙（气象报告），结果是：","台风从花东登陆，被“光墙”挡住，转了一个弯，向南走，台风从“曾文溪”出去了。","这“光墙”是异象。","太神奇了！","卢师尊勅令“台风转向”。","","●","","我到澎湖去。","澎湖的太阳，出现异常，太阳四周有很大的圆形光晕。","我带“四海龙王”回台湾降雨。（澎湖观音亭的四海龙王）","回到台湾当日，“新店”出现异象，“龙卷风”出现，把一部车子卷翻了。","“龙卷风”如黑龙，从天上卷到地下，如龙翻翻滚滚。","老天！","台湾怎有“龙卷风”？","我一下机。","雨就下来了，我要水库全部满水。","","●","Ｏ","我坐计程车，开车的一位小姐说：","“今年的台湾非常特别，冬天特别的长，春雷不响，春雨未到，冬天把春天给赶跑了，冬天又长又冷，不知怎么回事？”","从","我不说话。","因为我天生怕热，我喜欢冬天的凉爽。","今年，台湾什么都迟迟。","一"
"015 突然闪过的一念","https://reader.tbboyeh.org/fullscreen_player.php#/?ebook_id=423&chapter_id=c015","“温哥华”的一场晚宴，主办单位请了一位艺人表演，这位艺人是表演水晶球的。","水晶球如手掌那么大，透明、圆滚、沉重。","艺人玩水晶球的杂耍。","以单掌或双掌抛掷，由一、由二、由三、由四、由五、由六、由七……。","成了念珠一串，在虚空中。","艺人可正接球，转身接球，脚接球，肩膀接球。","另：","很多水晶球，可以从右手滚在手臂上，通过脖子，滚到左手臂上，在左手掌停下。","由头顶，跳到肩膀，由肩膀跳到胸，跳到脚踝，简直是神乎其技。","……。","同门看得目瞪口呆。","此时，我突然闪过一念，这是开玩笑的念头，让表演秀的水晶球，颗颗落地。","我只是一念！","说时迟。","那时快。","“碰！”“碰！”“碰！”，一颗颗水晶球，全滚出控制，落到地面上。","“啊！”所有的人一片惊呼。","艺人重新来过。","又“碰！”“碰！”“碰！”一颗颗水晶球在地上乱滚。","再试，亦然。","艺人汗流浃背，看着我说：","“卢师尊法力太大了，我失去了控制力，这是我演艺生涯中，第一次碰到这种事。”","艺人走下台，跪下，请我加持。","艺人重新走上台。","这回表演，神乎其技，连一个水晶球，皆未落下来，精彩极了。","","●","","我到印尼去，偶去同门家，同门是去过印度，见过“赛巴巴”的。","家中有一张“赛巴巴”的长方形大照片，“赛巴巴”留着爆炸头。","同门说：","“奇怪的事情发生了，『赛巴巴』的五官会从照片流出一点一点或长串的蜂蜜。”","我突然生起一念，这是显异惑众，照片就是照片，怎可流蜂蜜？","此念一生。","这张供奉的“赛巴巴”照片，从我去过之后，就不再流蜂蜜了。","去同门家，挂有“赛巴巴”照片的，只要我走过，蜂蜜从此不再流。","屡试屡验。","","●","","有一回，我在台湾讲《六祖坛经》，我拿起讲座的一张纸，叫它站立，它就站立了，我叫它躺下，它就躺下了。","突然来了一念，纸何不叫它自己站起来！","我这念头一出。","“咻！”","突然讲台就站立了一张纸，直直的站立着，不偏左，不偏右，在讲台上颤抖。","站立很久，也不倒下，有点像“大卫”魔术玩他的“领带”，或软或硬。","我与一万同门，很惊讶，这张纸怎突然竖立？","我说：","“够了！躺下吧！”","纸就缓缓躺下，再也爬不起来了！","在","","","",""
"016 佛语无虚言","https://reader.tbboyeh.org/fullscreen_player.php#/?ebook_id=423&chapter_id=c016","四十年前，我读过一篇文章，文章的名字是：“西北雨惹的祸”。","“西北雨惹的祸”内容如下：","四十年前，小镇的一家银行（合作社）。","有一天。","突然下了一阵“西北雨”，小镇只有“信用合作社”有骑楼可以避雨。","一时之间，“信用合作社”的骑楼走廊及合作社门前，挤满了人。","一位戴斗笠的村人，骑脚踏车经过“合作社”的门口，好奇的问：","“你们挤在门口做什么？”","内中有一人开玩笑的说：","“合作社倒了，我们来领钱的。”","这骑脚踏车的人，匆匆而过，信以为真，通报了全村的人，及其他村庄的人。一传十，十传百，百传千，一时人潮汹涌，全部涌到“合作社”。","“挤兑”。","小镇的“合作社”只一个下午。","便倒闭关门。","这篇文章，便是“西北雨惹的祸”的内情大要，一阵西北雨，一人说笑，一人信以为真，便使一家银行倒闭了。","“谣言”果然可怕！","","●","","自从我“开悟见性”，开玩笑的话不太敢说，因为我的话，往往会变成“法旨”。","如来无虚言。","佛祖无虚言。","我立一座雷藏寺，寺成“立匾”、“开光”，就“雷”声隆隆。","一逢大毁谤，不超过十天，必然有世界性的“大灾祸”发生。（屡试屡验）","我帮一个女生，取名“怡均”。","结果：","“怡均”、“怡君”、“宜欣”……。","泛滥成灾，成了菜市场的名字。","最糟的是：","我唱了“阳光与小雨”。","全真佛宗的弟子，人人都在唱：","“阳光与小雨”。","科学家说：","“世界会愈来愈热。”","我说：","“让天气冷吧！”","结果，不下雪的地方也下雪了，全美国只佛罗里达州未下雪，连南太平洋夏威夷也下雪，而且全世界均“暴风雪”连连。","","我说：","“这个打棒球的完了！”","结果：","“真的差不多完了！”呜呼哀哉！尚飨。","我说：","“这个人会当总统。”","结果：","“当总统了。”","在南部与一位大企业家见面，大企业家问我：","“家族大企业未来如何？”","我答：","“拱手让人！”","约","结果：","“拱手让人。”","另一位大企业家问：","“未来如何？”"
"017 在卢胜彦的头上小便","https://reader.tbboyeh.org/fullscreen_player.php#/?ebook_id=423&chapter_id=c017","有一次，欲赴某某雷藏寺开光安座，某某雷藏寺是积众同门的资金建立的。","出发前二天。","我打篮球，在篮球场奔跑捡球时，却因为水泥地及土壤的落差。","左脚踩在落差的中间，也就是前指端在土壤，后脚跟在水泥地。","如此，扭伤了左脚，“伤筋动骨”一百天，成了跛了一足的卢师尊。","（这是第一次的预感。）","我跛了一足，但，仍然赶赴某某雷藏寺开光安座，不影响自己预定的行程。","开光。","安座。","说法。","当我登上“法王宝座”的时候，这宝座的双手靠，是雕刻着“龙头”的，是龙椅宝座，而龙的须是用铜丝线象征龙须。","我坐下时，双手放手靠，一不小心，铜丝勾了我的手臂一下，我感觉到刺痛，马上把手举了起来，一看，早已划破了一点皮肉，手臂红红的，渗出了几滴血。","哇！出佛身血。","我忍住痛，也不声张，继续说法开示，然而我似乎有些预感。","（这是第二次预感。）","我这是脚伤及手伤，到了某某雷藏寺。","","●","","过后不久。","我入于禅定，看见某某雷藏寺的住持XX上师，竟然站立在我的头上。","他解开裤子的钮扣，竟然淋了我一头的尿水，真的在卢胜彦的头上小便。","我出定后，深觉这是不好的预兆。","（这是第三次的预感。）","我这个人，生性老实，很容易相信人，但，也就很容易被人出卖。","我拚命相信人。","也常常被人出卖。","（在我的理念之中，全部的人都是好人、善人。只因为在人间，人难免执爱自己胜过他人，由于执爱自己，便有了贪、瞋、痴。而我们修行人，要执爱他人胜过自己，这就是发菩提心｜愿菩提心、行菩提心、世俗菩提心、胜义菩提心。我虽常常被人出卖，但，我不怨叹，但愿他们体会我的心，把太爱自己，转成爱众生。）","这：","某某雷藏寺。","XX上师。","呼之欲出矣！","","●","","这几天。","我入禅定之中。","我看见另一位XX上师，爬啊爬的，爬到我的头顶之上，站立，用手撩起他的红色喇嘛裙，也一样在我的头顶之上，撒了一泡尿。","哇!佛头着尿。","唉!又来一位了。","(我的预感又出现了。)","我盼望真佛宗的圣弟子，要守“密教根本十四堕”、“事师法五十颂”……。","好好的看清戒律，守戒律，免得犯了戒、破了戒，堕入三涂恶道，求出无期。","圣弟子，慎之！慎之！","","","","","","","我","","","",""
"018 被烫死的小孩","https://reader.tbboyeh.org/fullscreen_player.php#/?ebook_id=423&chapter_id=c018","对年轻夫妇哭丧着脸，找到我哭诉：","“我俩最可爱的嘉嘉，死了啊！”","我问：","“怎么回事？”","俩人答：","“烫死的。”","我大骇。","事情原来是这样的：","这对年轻夫妇，未结婚之前，本来就是我的虔诚弟子，二位年轻人在分堂同修，彼此爱慕，我办大法会，他们是义工。","受菩萨戒，发菩提心，印善书、塑佛像、建寺院、斋僧、善行、华光功德会、卢胜彦基金会、日修二坛法、持上师心咒八百万遍、护摩供养，见根本上师、上师均做大礼拜、大供养，追佛族……。","后来结婚了。","受福证。","生了可爱的嘉嘉，连嘉嘉也皈依了，他俩特别抱来给我加持。","嘉嘉才三岁，就死了！","我问：","“怎么会烫死？”","俩人答：","“我俩在客厅看电视，嘉嘉一个人在卧房，后来也不知怎么的，他溜进了浴室，爬进浴缸里，打开滚烫的热水，就这样，没命了！”","“怎么可能？”我有疑问：“是烫死？还是淹死？”","“就是这样。”俩人落泪。","我自己眼眶也红了。","","●","","俩人问我：","“卢师尊，佛为什么没有保佑？”","我静默无语。","俩人问我：","“卢师尊，你为什么没有奇迹？我们一直持你的心咒无休无止。”","我静默无语。","俩人问我：","“卢师尊，是不是真的老天无眼？给我们大考验？我们给亲朋好友邻居笑死了，信卢师尊，竟然是如此下场。我们心冷了，快崩溃了，我们还修法吗？”","我静默无语。","俩人大喊：","“谁能还给我一个嘉嘉？”","","●","","这对虔敬的夫妇，安静的离开真佛宗二年多。","有一天。","他俩人又出现了。","他俩手上抱着一个小孩，很恭敬的向根本上师卢师尊顶礼。俩人说：","“卢师尊，我们向你忏悔，我们又回来了！”","我问：","“为什么？”","俩人说：","“嘉嘉真的回来了，我们又生了一个小孩，长相与嘉嘉一模一样。不仅如此，屁股有一样的胎记。不仅如此，右手尾指略屈。不仅如此，婴儿学语第一句的发音，竟然是烫……烫……烫。”","又：","“最奇的是，生嘉嘉之时，俩人梦，卢师尊在虚空中，抱嘉嘉，说，再还你一个嘉嘉吧！”","我听了，点点头，说：","一","“好好修法吧！”","","",""
"019 法王的旧内衣","https://reader.tbboyeh.org/fullscreen_player.php#/?ebook_id=423&chapter_id=c019","名女弟子“林林”，有机缘参加某国最高层次的国宴，她为了这次的国宴，颇费周章，想穿一袭引人注目的新装。","因为此次国宴，来参加者是：","国家领导人。","总理。","副总理。","……。","“林林”每天试装，均觉得不是很满意，她为此苦恼不已。","有一夜的梦中。","莲生活佛卢胜彦出现，对她说：","“我穿过的旧内衣，是无上珍宝。放射着稀有的光芒，此光芒能吸引众人的目光，同时，可以息灾难、除病业、增福、增慧、敬爱大圆满、一切怨敌退散、心想事成。”","林林说：","“穿在外面吗？”","我答：","“穿在里面。”","把男生的旧内衣穿在外面，固然是创举，但，也会不体面，贻笑大方，尤其是国家级的国宴。","","●","","“林林”来找我：","“请卢师尊给我一件旧内衣吧！”她说明原委。","“旧内衣？”","“是的。梦中指示清晰。”","我哈哈大笑：","“原来我穿过的旧内衣，还有这么好的益处。”","我把破了一个小洞的，破在腋下，准备扔到垃圾筒的内衣就交给了“林林”。","她穿着去参加国宴。","说也奇怪。","“林林”竟然成为国宴的焦点，成了国宴的奇葩，她大方翩翩，语出不凡，又是才女，又是美女。","总理认她为：","“女儿”","“林林飞上枝头当凤凰了！”","消息传得很远、很快。","","●","","十六年后。","“林林”回到台湾雷藏寺找我，怪的是，所有的人都说她不但不老，而且变年轻了，不但年轻，变得美得不得了。","黑色长发。","大而圆的眸子。","鼻子挺了。","嘴更俏。","下巴由尖变鹅蛋。","皮肤细白。","众人大惊，我亦大骇，十六年不见，竟然比十六年前更美，实在不可思议！","有人悄悄说：“整型。”","有人说：“去韩国。”","有人说：“去泰国。”","有人说：“玻尿酸、肉毒杆菌、微波拉皮、雷射、用屁股皮去补脸。”","我给“林林”摸顶加持。","她告诉我：","一","“没有。我只是穿着你的旧内衣，持你的心咒而已。”","她的美，令人啧啧称奇。","佛法是美容师？","信哉！"
"020 要如何修心？","https://reader.tbboyeh.org/fullscreen_player.php#/?ebook_id=423&chapter_id=c020","弟子问：","“卢师尊常常教导，修行就是修心，请问心要如何修才是？”","我答：","我以“修心七义”的第七节，修心学处回答汝等：","一、修学唯以“利他”之心，连饮食等一切瑜伽。","二、修学以遮遣一切魔障，发“自他互换”之心。","三、修学一切善行，皆先“发菩提心”，后以“回向”作印定。","四、修学令所有“苦乐”，皆成为修心之至友。","五、修学将一切誓言，尤其“修心誓言”如同生命般的护持。","六、修学于烦恼刚生之时，便即作“对治”，完全断绝其相续。","七、修学修法之主因，“依止上师法”，令自心成为堪能，成办修法所必须的一切顺缘。","八、修学“不退转”恭敬上师之信心，“不退转”修心之意乐，“不退失”对三律仪之护持。","九、修学三门“不离善行”。","十、修学对一切“无偏执”而修心。","十一、修学凡“所有显现”，皆用于修心。","十二、修学对特别专缘于己敌对等，而修“包容心”与“慈悲心”。","十三、修学不观待“顺、逆”二缘而恒长观察修心。","十四、修学总摄“心要”而修其“主要”。","十五、修学断除无能修善，却于此生俗事刻苦努力等六种颠倒。","十六、修学“长时”修行，不稍间断。","十七、修学不迟疑、犹疑而“专心”学习。","十八、修学反覆伺察而“舍离烦恼”。","十九、修学不于人前“矜夸”功德。","二十、修学“不言微小恶语”，“不暴躁”易怒。","二十一、修学令心“不生施恩图报”，及“贪图美誉”之名。","二十二、修学不作微小变化便作“宣扬”，莫对刚趣入便舍弃，应“长期保持”。","以上二十二条，是修心口诀。","","我个人对修心，有心要口诀，“修心七义”是提供仁人志士参考的。","我说：","不违背戒律、誓言。","不流于狂傲。","不堕于偏私。","不自私自利。","不揭人短处。","不分别自他。","不令烦恼增长。","不求利养。","不求名望。","不行恶、只行善。","不仇视恶人。","不还嘴。","不作报复。","不作伤害他人身心之事。","不告人。","不将过失推给他人。","不拥有财利，一切自然。","不侵犯他人，要救他人。","不令他人痛苦。","不令他人烦恼。","圣","不利己，只利他。","……。","我这修心口诀，常常反覆思索，精进而不退缩，这个誓愿没有止尽而不退却，这正是我的菩提心，有了菩提心，就是菩萨。接着便是圆满觉悟的佛果了。如此，必具有如来的神通力。",""
"021 山顶上的老法师","https://reader.tbboyeh.org/fullscreen_player.php#/?ebook_id=423&chapter_id=c021","中太平“耳鼻喉科”的老医师杨移圳，于二Ｏ一一年五月二十五日在“客家本色”餐馆，宴请我。","他说：","“当年，有一件事，非常的轰动，你还记得吗？”","“哪一件事？”","他说：","“你以法力，治愈一位精神病患的故事。”","我“哦”的一声，想起来了。","杨移圳医师说：","那一年，一对经商的夫妇，妇人突然得了精神病，访遍全省的名医，均无法治愈。","先生急如热锅的蚂蚁，又找遍了全省的奇人异士，想不到，愈治愈凶。","这对夫妇有结拜的兄弟多人，个个都是彪形大汉，但妇人一发作。","长发竖起，力大无穷，就算十个大汉都抓不住，众人东倒西歪，束手无策。","有人介绍：南投山上，有一座寺院，山顶上住着一位有大法力的老法师，可以去找老法师治。","他们一群人赶上山去，想不到的事，小沙弥一开山门，问明来意，进去禀报，老法师只回了二个字，这个“不见”。","小沙弥把山门关了。","只说：“不见！”","先生急了，心想，可能自己诚意不足，马上下山，找一家理发店，把头发理光。一个人跪在山门，哀求老法师救救自己的妻子。","老法师终于开门了，对他说：","“这个我救不得，只有台中有一个人可以救她，他姓卢，你去吧！”","","●","","杨移圳医师说：","他们夫妻及众人，来到卢师尊的住处。","妻子（精神病患）不敢进入。","结果卢师尊出来，才把他们带了进去，此时妇人变得很乖。","卢师尊说：","“客人走中路，青红请留步！我把那青红鬼挡在门外了。”","卢师尊画了三道符，给妇人服下，此符是“尚掩”符，是定“三魂七魄”的。","又问家中多少门窗，各安上一符，是“结界”用的，只要贴七天。","七天后，青红鬼不能入，自去了。病就好了！","他们问：","“就这么简单？”","我答：","“是。”","他们问：","“妇人会好否？”","我答：","“好。”","结果，七天后，妇人自己醒来，完完全全正常了。与得精神病时，判若两人。从此，一点“恍神”都没有，夫妻共同经商，高兴得不得了。","杨移圳医师说：","“这件事轰动媒体界、教育界、法务界、医学界，因为夫妇交游广阔之故！”","从那时起，全省各地治疗不好的精神病患全蜂拥而至，由“尚掩符”治愈的精神病患实在可以用火车载。","当时，连手扣住、脚镣锁住的病患也来了。","精神科的医师说：","“治不好的，找卢师尊去！”","","","","","台","","","",""
"022 杨移圳医师如是说","https://reader.tbboyeh.org/fullscreen_player.php#/?ebook_id=423&chapter_id=c022","移圳医师说：","“有一回，我带一名法院的庭长，来参访你，那一回也够轰动的，你记得吗？”","我尴尬的笑笑：","“是怎么回事？”","杨移圳医师说：","庭长有一个儿子，申请美国麻省理工学院入学，连续申请二年，始终没有下文。","庭长问：“今年有望否？”","我答：“七天后有消息。是好消息。”","庭长笑笑不说什么。","出了我家之门，庭长拍一拍杨移圳医师的肩膀，说：","“这一回你的卢师尊出糗了。”","“什么事出糗？”","“卢师尊这回一定不准。”","“为什么？”杨医师问。","庭长说：","“今年，我儿子根本就没有提出申请，没有申请，七天后怎有好消息？”","“这……。”","庭长说：","“你的卢师尊，这回『神算第一』的招牌，我准摘了下来。”","","庭长回法院，告诉同仁此事，大家莫不是说：","“神算失准！”","到了七天，庭长的儿子，接到美国麻省理工学院的入学通知，通知他可以入学。","庭长及其儿子均大骇。","今年又没申请，怎有可能通知入学？","答案是：","麻省理工学院，审察了庭长儿子的去年申请资料，决定今年准他入学。","于是，庭长的儿子，赶办签证，匆匆留学去了。","杨医师说：","“此事轰动全法务界！大家惊叹不已。”","","●","","杨医师说：","有一件事，也是非常奇特的。","卢师尊问事问一半，家中尚有一批人等着要问事。但，卢师尊却站了起来，说，要出去买一些东西，等一下再回来。","众人面面相觑。","于是，卢师尊扬长出门而去。","杨医师无事跟这一批人闲聊了起来。","这时，这批人才道出原委。","原来这批人全是来“试探”及“踢馆”的。","有人写好“住址”。","但这“住址”是随便捏造的，根本没有住址，是空号，来问：“家运？”","有人写好“人名”。","但，这个人早已去世多年，却问：“此人经商会不会成功？”","有人写好“八字”。","这“八字”是随便捏造的，来问：“考运好不好？”","有人子宫已切除。","要问：“她会生几个小孩？”","有人健康如牛。","杨","却问：“得了末期癌症如何是好？”","诸如此类。","这批人早已准备好棍棒，一不准就打个稀巴烂。","而我却站起来，出门而去，不再回来！"
"023 今日心情好否？","https://reader.tbboyeh.org/fullscreen_player.php#/?ebook_id=423&chapter_id=c023","二Ｏ一一年五月二十七日，我北上桃园，由温教授师带领，去参访“黄帝大庙”。","“黄帝大庙”的后面山顶，有一“观景台”，可以看见在氤氲的淡云淡雾之下的山山水水。","附近山峦起伏顿跌，类似三条长蜈蚣，所以我取学名是“蜈蚣穴”。","“黄帝大庙”面前，有三案台，有笔架山。","“黄帝大庙”面前，有明堂。","“黄帝大庙”有龙砂、虎砂。","“黄帝大庙”后靠三条脉。","“黄帝大庙”坐亥向巳。","“黄帝大庙”的形式大好，风水甚佳，我打分数是九十分。","这座大庙，当然中坐“轩辕黄帝”，右方是“皇母”，左方是“皇后”。","再右方是“瑶池金母”。","再左方是“天上圣母”。","我参礼完毕。","当晚，我们到“内坜”的一家餐馆用“晚餐”，晚餐中温教授师问我：","“今天心情好否？”","我答：","“什么心情？”","教授师说：","“近日有人消遣卢师尊。”","我答：","“真正的悟者，心情不起伏，也无瞋恚，可以说，实无心情可言。”","“怎么说？”","我说明如下：","不受损害与痛苦干扰之心是忍辱的表现，也即是瞋恚瞋恨心的对治。","忍辱分三类：","耐怨耐恨。","安受苦忍。","无生法忍。","","我自己说明这三条：","第一条——","修行人明知人生是“苦海”，是“火宅”，是“是非”，所有一切害我、损我，是自然现象。","因此而修“忍辱”，不生“瞋恨”，这是因为要解脱人世间的轮回，须忍受痛苦，就算无法忍，也要忍下来，避免再次的轮回。","第二条——","思惟对治，凡一切害我、损我的现象，是对方要教导我修持“忍辱”的机缘。彼方是大菩萨、大恩人，我们行者要感恩大菩萨、大恩人。不生“瞋恨”之心，反而要生感恩之心。","“忍辱”是成办佛果的资粮，害我、损我，正是由“忍辱”清净自己的罪障，圆满了“忍辱”之度。所以害我、损我是大恩菩萨，反而，更恭敬之。","第三条——","这是超越的。","我。","你。","他。","完全是同体佛性。","无我相、无人相、无众生相、无寿者相。处在“无我”、“无生”的状态之中。","实无害我、损我之人。","实无我相。","实无害我、损我。","如此，如此，证入“诸法遍乐”三摩地。","如此，证取“无生法忍”。","","","在","","","",""
"024 禅定的游戏？","https://reader.tbboyeh.org/fullscreen_player.php#/?ebook_id=423&chapter_id=c024","一天。","莲诃上师对我说：","“师尊，我要回巴西了！”","我说：","“好。知道了。”","隔了一阵子，莲诃上师又回到美国西雅图。","我问莲诃上师：","“上回你说你要回巴西，事实上没有回去，你到底去了哪里？”","莲诃上师怔了一征，一句话也不吭。","到了后来，莲诃上师才说：","“我同XX，去了XXX。向卢师尊求忏悔。”","我当然原谅他。","事实上，我在禅定中，早已知晓，莲诃上师去了哪里了……。","","●","","又有一次。","我在禅定中，移位到了“费德嘛”的超级市场的走道上。","很多买东西的客人，从我的身上走了过去。","我看见他们，他们看不见我。","我看一个同门走来，他穿过我的身子，走到饼干区，买了两盒饼干。","同门姓“徐”。","第二天，我碰到了“徐”。","我对“徐”说：","“你昨天下午，二点的时候，在『费德嘛』超市，买了二盒饼干，给谁吃啊？”","“徐”睁大了眼：","“师尊，你怎么会知道？买饼干的时候，左右都没有人。我小妹的儿女来了，我买饼干给他们吃，师尊，你怎么会知道？”","我笑笑不答。","","●","","西藏大活佛“贡唐仓”仁波切，是甘肃拉卜楞寺的五大法台之一。他到了洛杉矶，要回中国时，特别转机到西雅图来见我。他要告诉我一件奇妙的事。","他说：","有一回，他看大日，看见大日中，有一个人在禅定，用跏趺座。他看见这个人全身放着光芒，光芒胜过了大日，他知道这个人，一定是证得菩提果位的人，会度化很多的众生。他说，他努力看这人是谁？他发现是卢师尊。","我说：","不敢！不敢！","他说：","你就是禅定中去了大日，坐在大日的中央。所以，我一定要来拜访你。","","●","","禅定的游戏，实在非常好玩。","我曾经睡在台风眼的中心，把台风转向了去。","我在大地震之后，到了地层之下，守护一个小孩，等到他被救了，我才放心他去。","我去了月球。","去了达美克星","去了色究竟天。","去了地狱。","在禅定之中，我去了佛陀的金刚座，面见了释迦牟尼佛。","我去了佛国净土，用须弥灯王佛的法座，去接引我母亲卢玉女，往生南海普陀山。","有","我禅定，面见自己的第八识如来藏。","我禅定，见佛性。","见性成佛了！",""
"025 熊处长如此说","https://reader.tbboyeh.org/fullscreen_player.php#/?ebook_id=423&chapter_id=c025","投县社会处熊处长，参加了二Ｏ一一年五月二十八日的台湾雷藏寺“护世四天王”的护摩火供法会，熊处长如此说：","一、卢师尊在昔日，约二Ｏ","（熊处长，特别调出台风的纪录，仔细的看了一遍，大感惊讶，果然在卢师尊隐居的这一段时日，台湾连一个台风登陆都没有。）","熊处长说：","“真神奇！”","二、卢师尊创办的“华光功德会”，在台湾的九二一大地震，及八八水灾，对台湾救灾上，做出了很大的贡献，但，始终默默的做，没有出声，真的是为善不欲人知。","建“临时屋”。","发放便当。","善款给灾户。","造桥铺路。","送白米。","照顾弱势团体。","认养学校孤贫儿童。","……。","","做了这么多，但，报导非常稀少。","（熊处长取出二张感谢状，当场交给卢师尊，以示政府单位的感谢。）","三、一般的宗教团体，办大型法会，万人以上的大法会，一年大概只做二场或三场。","卢师尊的真佛宗不同，从二Ｏ一Ｏ年四月，卢师尊回台湾，到了今年二Ｏ一一年的五月，整整一年的时光，每一个星期六，在台湾雷藏寺办护摩火供法会，整整一年。","每场火供法会，人数都是万人以上，甚至达到二万人，每星期六，场场爆满，大爆满。","（坐满大殿、大殿外广场、大雄宝殿、餐厅……。）","这种每星期六，说法开示，长达一年的时光，连连爆满的纪录。","台湾没有这种现象。","只有真佛宗才有。","只有卢师尊才有。","（熊处长赞叹不已，他说，他当了十六年的县议员，看了不少宗教团体的法会，台湾雷藏寺的一星期一次的万人法会，只有卢师尊才有。）","熊处长说：","“请卢师尊长住台湾！”","","●","","我卢师尊告诉大家：","我不只是在人间说法。","我在幽冥世界，地狱界、饿鬼界，也办大法会，只是世人不知。","令寒冰地狱温暖些。","令火热地狱清凉些。","令饿鬼得食。","我在畜生界亦办大法会，只是世人不知。","令愚昧的畜牲，也得智慧。","我在天上界也办大法会，世人不知。","四天王天。","帝释天。","大自在天。","大梵天。","无烦天。","四空天。","我以出离心、菩提心、中观正见，集积福德智慧资粮，行六度万行，证无上菩提佛果。","Ｏ","","","南","","","","Ｏ"
"026 从十一楼跌到地面","https://reader.tbboyeh.org/fullscreen_player.php#/?ebook_id=423&chapter_id=c026","到“莲花华祥”的家，他的家是在大楼内，十一楼之四号。","家中住“莲花华祥”及“莲花继贤”两位老弟子，设有坛城，中央供主尊“观世音菩萨”，另有密教诸尊“绿度母”、“白度母”、“准提母”、“亥母”、“狮面母”、“莲师”等等。","他们请我加持坛城。","我加持中，看见“异相”，见到一位“幼童”，从十一楼的阳台跌落地下死了。幼童约六、七岁的男孩。","我大骇。","我问：","“家中有幼童吗？”","他们答：","“家中只有二老，退休了。只有精进的念佛持咒修法，准备将来往生，没有幼童。”","“确实没有？”","“没有。”","我再问：","“请仔细想一想，你们的亲眷中，是否有幼童会到你们家中。”","“莲花华祥”答：","“我有一个妹妹，住南部，她的小孩六岁左右，但因为在南部，彼此很少来往。有一回，她到北部曾住舍下，那是仅有的一次，她的小孩也没来，其他的，想不出来了。”","我转头看“莲花继贤”，他说：","“我有两位哥哥，孩子都读大学了，应该不是幼童吧！”","这回，换我愣住了，刚刚的景象非常清晰，这六、七岁的幼童是谁？","我说：","“这样吧！无论如何，我划一道『大地起云符』，请绑在观世音菩萨的胸前，祈请菩萨垂加持，没有事最好，有事，观世音菩萨伸手相助，这岂不是很好吗？”","两位老弟子称善：","“很好！很好！”","","●","","事情就是那么怪。","“莲花华祥”的家，其隔壁是十一楼之三，阳台非常的靠近。","隔壁家的主人来了访客，访客带着一名小男孩约六、七岁，很顽皮，在房子中待不住，就偷溜到阳台，爬上爬下。","大人们谈话起劲，就忘掉小孩的存在。","小孩试着从“之三”的阳台，爬到“之四”的阳台，在攀爬“之四”的阳台时。","一失足。","就从十一楼跌了下来，一直跌到水泥地上。","“碰！”一声大响。","大楼管理员出来看。","一楼住户出来看。","十一楼之三的访客闻声出来看。","十一楼之四的二位行者弟子，也匆匆下楼查看。","只见这幼童，坐了起来，站了起来。全身毫发无伤，没有流血，没有骨折，肌肤也无伤痕。","记者来了，惊呼：","“奇迹！奇迹！”","电视新闻也出来了！","“奇迹！命大！”","我在禅定中，看见落地时，大地化为云，把幼童托住了。","莲花华祥叹曰：","“卢师尊真神人也，救人不露痕迹啊！”","","","","","","我","","","",""
"027 到“香华雷藏寺”开光","https://reader.tbboyeh.org/fullscreen_player.php#/?ebook_id=423&chapter_id=c027","台湾弘法期间，我受邀到台中“香华雷藏寺”开光，香华雷藏寺是“莲杰上师”住持的寺院，由同门集资兴建而成。","原本是“香华堂”，我二十年前回台，“香华堂”是租的，在公寓之中，地方很小。我十年前回台，“香华堂”仍然是租的，老地方。","我叹了一口气：","“唉！怎么老是不长进！”","由于我的鞭策，他们自己买地，兴建了藏密式的寺庙，楼高六、七层，有大雄宝殿，有护摩宝殿，有僧舍，场地变大了。","我给“香华雷藏寺”题字。","题柱子的偈。","“香华雷藏寺”的落成启用，我自己本人也很高兴的。","一般台湾的分堂，原本都是小小的，有的在自己的家中，有的是租来暂用的，因此，同修的人数有限，也无法多度众生。","我盼望，真佛宗的分堂要走出去，要度更多的众生，不要只局限在自己的家中，或是租来的，要发扬光大才好。","","●","","开光的日子，我在“鞭炮”声中，“钟鼓”声中，进到了大雄宝殿，然后，乘坐电梯直达五楼，原来“莲杰上师”给我引见了两名马来西亚的功德主。","他们跪倒在地。","他们说：","“十多年了，夜夜失眠，求卢师尊解救！”","我说：“好。”","我请他们准备一杯水，我向虚空中请“瑶池金母”作主。","我念“六甲六丁神咒”。","“上清上帝东华大帝君，令吾莲生，受六甲天书，并使六甲六丁之神。天游十二溪女，那延天女五人。统摄神兵三员大将。火光大将，浮海大将，吼风大将。各领神兵百万，助吾法力神通，与道合真。急急如律令。摄。”","我挥舞双手印。","加持咒水。","而后令失眠功德主，饮下。","","我用天眼一看：","大骇！","原来这两人的头顶毛细孔，爬出千万只的黑色毛毛虫。","只只细小如蚊一般，一下子爬满了整座雷藏寺，我神色不变，不敢惊动大家。","我先开光。","再上法座说法开示。","我默念一咒：","“天圆地方，律令九章，施放天网，清净得安。急急如莲花童子律令。摄。”","这一念。","虚空之中洒下天罗地网，把所有爬行的小黑毛毛虫，全摄入天罗地网之中，化为黑水一滩。我收入我的衣袖之中。这一下子，香华雷藏寺就全部清净了，这是我佛的大神通力。","那一对夫妇功德主说：","“老天！那天晚上，我们沉沉入睡乡，是十多年来，第一次有如此的甜梦，真是叹未曾有。这种甜梦太美妙了！”","功德主夫妇从此不再失眠。","于是，我更忙了！","因为功德主夫妇一一告诉大家，带来了一大批失眠者，祈求我的帮助。","","","","","","","","","","","在","","","",""
"028 明天会醒过来","https://reader.tbboyeh.org/fullscreen_player.php#/?ebook_id=423&chapter_id=c028","Ｏ一一年六月一日，我搭乘“长荣航空”班机，ＢＲＯ二六的航次，从台湾飞回美国华盛顿州西雅图，正当我睡眠醒过来时候。","一位留着长发的女子，走到我座椅之前，合掌弯腰对我说：","“你是卢师尊吗？”","我答：","“我是。”","她说：","“真是太巧了，我们同一班机，同一客舱，同一前后排座位，太幸运了。”","我问：","“有什么事情吗？”","她说：","“我的母亲住在印尼泗水，母亲到过西雅图雷藏寺，她非常感激卢师尊的救命之恩。”","我问：","“救命？救谁的命？”","她答：","“救我弟弟的命，由于我弟弟因为事故，昏迷了三十五天，医师均放弃救治，母亲因此亲自飞到西雅图来求卢师尊，想不到一求你，你二话不说，只一静默，便说，明天会醒过来。”","她接着说：","“母亲一听，一则以喜，一则以忧。喜的是，明天会醒过来。忧的是，医师们（认为），以昏迷三十五天之数，认定无救之人，明天会醒过来，似乎不大可能，会不会卢师尊是安慰罢了，或是江湖术士，信口雌黄，胡说一通？”","最后：","“我的弟弟，果真的是，昏迷三十五天，第三十六天就醒了过来，怎么这样准？令人难以置信，不可思议！”","印尼泗水，长发女子的母亲，再次赶赴美国西雅图雷藏寺，亲自要答谢卢师尊，连去了二、三次，始终没有见到卢师尊。","“想不到的是，竟在班机上，同一客舱，坐得如此近，真是太幸运了，谢谢你！”","她一再的说：","“谢谢！谢谢！谢谢！”","我说：","“这是应该的。”","","●","","我慢慢从记忆之中，找寻到这一件事，我的印象是这样子的：","这位母亲来见我时。涕泪交横，跪地不起。","她的背后就跟随了儿子的“神识”，或可称“灵魂”，或可称“中阴”，或可称“中有”，或可称“鬼灵”。","她的儿子，头歪歪的，双手上枷，双脚上锁，一副无奈的模样。","我很同情这对母子，尤其是母亲为了儿子，千里飞过来见我。","我轻轻的在她儿子的头上吹了一口气。","她儿子的头就正了。","又吹一口。","手上的扣，就落了。","又吹一口。","脚上的锁链，就掉落了。","所以我说：","“明天会醒过来！”","（我在此特别强调，并不是人人求我，我就会伸手救人人，一切看机缘而定。有些定数的，我一样救不了。）","","","","","","","","","二","","","",""
"029 乌鸦同时大叫","https://reader.tbboyeh.org/fullscreen_player.php#/?ebook_id=423&chapter_id=c029","读“宋词”，喜欢“李曾伯”的词，他的别号是“长孺”，又号“可斋”，是覃怀人，寓居嘉兴。当官为湖南安抚使，进观文殿学士。又知庆元府，兼沿海制置使。有《可斋类稿》一书流传。","李曾伯的词，有一种“闲闲”的味道，例如：","鸿禧主人，一闲半年，未尝厌闲。","谓有溪可钓，有田可秣，有兰堪佩，有菊堪餐。羽檄秋风，胡笳夜月，多少勋名留汉关。","如今且，效樽罍北海，歌舞东山。","又：","轩冕傥来，功名杯水，行藏倚楼。","把方略评梅，功夫课柳，精神伴鹤，谈笑盟鸥。","草檄寻樵，移文问钓，任江上东南风未休。","君知否，问如今绿野，胜似青油。","又：","老子平生，萍流蓬转，昔去今来，鸥鹭都识。","拍拍轻舟，烟浪暗天北。","自有乾坤，江山如此，多少等陈迹。","世事从来，付之杯酒，青衫休湿。","","●","","二Ｏ一一年六月一日，我回到美国华盛顿州，西雅图雷藏寺。","同门弟子高喊：","“请卢师尊，常住西雅图！”","这个声音，此起彼落，令人动容。","我回答：","“除非西雅图的乌鸦，同时大叫。”","二Ｏ一一年六月二日，我清晨八时在“真佛密苑”之前闲闲而立。","突然一群乌鸦，从雷藏寺右侧，齐飞而至，在我顶上，齐声：","“啊！啊！啊！啊！啊！”大叫。","同时在我头顶上，盘旋三匝。","竟然相应了，我昨日所说的话。","莲旺上师看见了，说：","“好奇妙，好奇妙，卢师尊昨日才说，今日乌鸦真的齐齐大叫。”","我自己也觉得好奇怪，怎么？难道诸佛菩萨又要我常住西雅图吗？","我若常住台湾。","利益众生会很多很多。","中国大陆的弟子、东南亚的弟子、东北亚的弟子，新加坡、马来西亚、印尼、日本……，他们很容易到台湾来。","每星期六下午三时，人潮万人听法，而皈依的弟子有百人、千人之多。","约略估计，这次回台小住一年，听佛法的人，有四十万人次。","皈依的弟子，小小估计有七万人众。","","●","","我常住西雅图好呢？","或是常住台湾好呢？","或是印尼、或是马来西亚、或是澳洲？","我感应到，西雅图雷藏寺的佛菩萨，祂们也想留我常住西城雷藏寺。","我说：","“乌鸦一起大叫！”","果然：","“乌鸦一起大叫！”而且盘旋三匝。","我写词：","我","轻云过雨，炎晖无有，西雅图片片余霞。","曲径通幽，小阑斜护，湖色之畔是我家。","瞑色叫乌鸦，竹风吹松叶。","真是清透窗纱。"
"030 ＯＯ一号的建筑执照","https://reader.tbboyeh.org/fullscreen_player.php#/?ebook_id=423&chapter_id=c030","说：","在台湾的山坡地及农地，建筑寺院，申请建筑寺庙是非常非常困难的。","但，在台湾的山及旱田，却有很多的寺庙，这是怎么一回事？","答案是：","先申请盖农舍。","再变更使用。","（在台湾的山坡地及旱地，有些寺庙是没有“使用执照”的，这种事，见怪不怪。）","最近，“就地合法”的声浪非常大，合法了吗？我并不知道。","我们当初，在草屯虎山建雷藏寺，欲申请建筑执照，我先请教四大山头的大和尚。","大和尚说：","“卢胜彦作梦！”","大和尚说：","“不会准的。”","大和尚说：","“只有先申请盖农舍，盖好了农舍，再变更使用，这是大家通用的管道。”","我坚持一定要合法建台湾雷藏寺，大和尚嗤之以鼻，他说：“不可能！”","","●","","然而冥冥中自有定数，申请寺庙的建筑执照，须经过三个单位。","一、民政厅。（当年，省政府还在）","二、建设厅。（当年，省政府还在）","三、县政府。","这三个单位都通过了，才有可能拿到山坡地开发的建筑执照，尤其是寺庙的建筑执照，更是不容易。","民政厅是管宗教的。","建设厅是管建设的。","县政府是管通盘的。","任何一方不同意，均不可能有“建筑执照”及“使用执照”。","非常巧的是，诸佛菩萨神通妙用，阴差阳错，来了三位贵人——","张丽堂。","凃德锜。","吴敦义。","","这三位贵人，竟然分掌二个厅及一位县长，于是我们申请山坡地开发寺庙的建筑执照，竟然被批准了。","晴天一声霹雳。","把大和尚“咔”了一跳！","因为大和尚的山头，全是建农舍，再变更使用混了过来的。很多山头，违章建筑均不少，甚至很多是占了政府公地的。","大和尚认为不可能。","而我们竟然申请了下来，出乎意料之外，令其他诸山长老：","“啧啧称奇。”","我个人认为，诸佛菩萨皆有大神通力量，把很多不可能的皆变为可能。我们的寺庙建筑执照是Ｏ","我第一次回台湾，当日，建筑执照下来。","我第二次回台湾，当日，使用执照下来。","这么巧合？","就是这么巧合，你不信也得信！","我卢师尊一生有很多巧合的事，均是不可思议的。像“彩虹山庄”，突然之间变“宗教用地”，真是咄咄怪事，连申请都没有，你说怪不怪？","","Ｏ","","","据","","","","一号，唯一的。"
"031 李幸枝的小故事","https://reader.tbboyeh.org/fullscreen_player.php#/?ebook_id=423&chapter_id=c031","Ｏ一一年六月，我回到美国西雅图。","有一位昔日的老弟子，李幸枝女士，她的先生是林忠杯，是一位留美的食品博士。","有四位女儿，林佳蓉、林季蓉、林青蓉、林岱华。","李幸枝女士，年纪也大了，头发全白了，走路也不太方便。","我回到西雅图雷藏寺。","老李幸枝想到雷藏寺来见自己的师尊。","但，她不敢。","为什么？","因为她脸上的皮肤长了一大块一大块的黑疮，满脸是豆花，成了大花脸，所以羞于见人。","又：","她的腿，膝盖钙化，跪不下来，见到了师尊，不能跪倒，是很失礼的事。","（她是如此认为，我个人却认为合合掌就可以了。）","由于这二个原因，她一直不敢来见我。","","●","","六月四日，西雅图雷藏寺第一次同修会，李幸枝女士却来了。","原来，六月三日的晚上，一夜之间，她的脸上皮肤一层层的脱落，原来大花脸的黑块，这一夜全脱皮了，变成了白皙的皮肤。","还有，她觉得双腿变得柔软些，可以弯曲下来，竟然可以下跪了。","因此，她就来了！","她笑嘻嘻的向我跪倒。","我扶她起来。","她说：","“真的是奇迹！”","我微笑不语。","","●","","事情原来是这样的：","我回到美国西雅图雷藏寺，可以感应到圣弟子的心念。","李幸枝所想的，我全知道了。","于是，在同修会的前一天。","我制作了一个纸人。","在纸人的脸上涂满了黑色的斑点。","吹一口气。","再将纸人的脸上黑色大斑点，一一用白色的颜料，把它抹平。","又：","我又吹一口气。","念一念咒语，把纸人的腿弯了弯，是可以弯腰跪倒了。","朝李幸枝住家的方向焚化了去。","如此、如此。","她就可以来见我了！","","●","","我写一首偈：","轻轻画纸。","只点上些儿土。","喜看脱落新一层。","抹去那种不自如。","二","","晚上放出新新。","是谁把阴变成晴。","幸枝何时去也。"
"032 现在的“南山雅舍”","https://reader.tbboyeh.org/fullscreen_player.php#/?ebook_id=423&chapter_id=c032","现在所住的“南山雅舍”，是在美国华盛顿州“贝尔威”市的北方。原是一位篮球明星的房子，他自地自建，环境很优雅。","这是占地两亩的平房，房子宽大，花园整理得非常美丽，篮球明星精心设计这栋房子，所以一切非常完善。篮球明星住了二年，搬到加州去了，所以他才把房子卖出来给我们。","我搬进这房子，感应到房子有灵异现象。","灵异现象是这样子的：","我每次从卧室走过长廊，到客厅，会经过一间厕所。（客人用的）","每每经过会发生马桶震动，而发生“卡卡”的怪声。","每一次均如此。","我觉得非常的詑异。","他人走过那间厕所，均无所觉。只有我走过，就会“卡卡”的发出声音。","屡试屡验。","于是，我召请祂：","“你是谁？为什么住在我的家中？为什么我一走过你就发生巨响？”","祂答：","“我是原屋主的母亲，死于此宅。我儿子搬去加州，我不能去。由于你身上的光芒甚巨大，我被迫到厕所里。你一走过，由于光的力量，把我震到墙上，所以才会发出怪响。”","我问：","“这该怎么办？”我倒是生起同情心。","祂答：","“我也不知怎么办？”","我说：","“我超度你进天堂？”西方人都是进天堂。","祂答：","“我不信上帝。”","我愣住了。","我问：","“你为何不随你儿子去加州？”","祂答：","“我的身子被房子的灵力吸住，哪里都不能去。而且四周很多鬼灵，我很弱小，一出去，我被其他鬼灵欺负，我只能藏身房子中。”","","我不禁笑了，原来鬼也怕鬼欺。","我问：","“庭院你能住吗？”","祂答：","“庭院还可以，就是不能出围墙。”","我说：","“你总不能老是住在我家的厕所里，同时，我走过，你也会被迫到墙角。不如你住庭院，家门前的两棵树，你去依附吧！”","“你答应我去依附，我就去依附。”","我说：","“我每日供养鬼神众时，你就来吃甘露水好了，甘露水能令你清净。”","“谢谢！”祂竟然哭了，哭得如同嚎叫一般，真是鬼哭神嚎。","我也是第一次看见鬼哭得如此伤心，难免心中有凄凄之感。","之后，我回台湾一年。","我又回到“南山雅舍”，“南山雅舍”大门口的两棵树，竟然微微发黄。有枯黄的现象。","我问：","“树怎么了？”","祂答：","“你回台，没甘露水喝，只有喝树汁！”","","","","","我","","","",""
"033 避开杀人犯","https://reader.tbboyeh.org/fullscreen_player.php#/?ebook_id=423&chapter_id=c033","美国期间，我想起了一件事，不得不提一提。","约在二年前。","有一位同门，好意的带来二位西方人，一位名叫“亚瑟”，另一位名叫“强森”。","同门说：","“这二位全是杀人犯，被关在监狱里很多年，有轻度的忧郁症。最近假释出狱，晚上失眠严重，有被邪灵干扰的现象。我知道此事，便教他两人持咒，特别带两位来请卢师尊加持！”","同门说：","“我知道卢师尊的大愿，是不舍一个众生之愿，特别来请加持，并且皈依，常到西雅图雷藏寺，学习佛法。”","我转头看他们两位西方人：","一个红发，四方国字脸，胡须未修剪，鼻尖倒勾，唇薄，目露凶光。","一个金发，头发已疏，有点秃头，八字眉，口露齿黑，鼻甚大，目光闪烁不定。","这两位西方人，穿着破烂，已快接近“街友”的程度了。","我原本想加持他两人，也给他们皈依。","然而，突然心血来潮，看见了两位西方人的未来。","一刹那我看见幻相：","有一座越南人的寺庙，在外州。","这两位不知何故？","持枪撞入。","一阵枪响。","“达…达…达…达…达…。”","","八位僧人及俗家弟子，躺卧在地上血泊中，寺里一片狂乱，连佛菩萨也被扫射。","又是一件枪击案。","我见了“幻相”之后，心中悚然。","我对那位同门说：","“这两位西方人，与我无缘，佛不度无缘之人也，这是三不能之一。请另寻他处，自去吧！”","同门问：","“卢师尊不是不舍一个众生吗？”","我答：","“是的，但这两位缘分没有，不敢度之。”","同门问：","“不能皈依，也给加持吧！”","我答：","“加持他们，他们也无法领受，不如不加持。总之，不结缘的好！”","“师尊，连结缘也不行？”","我答：","“是的。”","（我莲生活佛卢胜彦，早已知道，这两位西方人仍然会杀人，怎可结缘？）","同门开车，带着这两位西方人，悻悻然的离开了去。","我向虚空合掌。","","●","","这位同门，是越南华侨，来自外州。","过了不久。","外州有一间越南庙，八位僧侣与俗家弟子，全被这两名杀人犯持枪狂扫，人死了，佛菩萨全是弹痕。","我所看见的“幻相”，正如同新闻报导的情况是一模一样。","“提婆达多”能度否？","“战遮少女”能度否？","“孙陀利”能度否？","我自己也茫茫然了，当初如果我留住两位杀人犯，西雅图雷藏寺会如何？","在","","","",""
"034 我签了“不气切、不插管”","https://reader.tbboyeh.org/fullscreen_player.php#/?ebook_id=423&chapter_id=c034","Ｏ一一年六月七日，下午，我在“真佛密苑”签了一份文件。","有两位公证人，一位是“炳祥”，一位是“树英”。由公证人（法律证明），签印有效。","这个文件是我自己要做的，其主旨是：","当我要离开人间时，或晕迷时，或任何危急状况时，勿“气切”，勿“插管”，任其自然死亡而去。也就是不必给饮水，不必给营养。","在美国，这是重要文件之一。","我的意思是说：","不用抢救。","不用切喉插管。","任其去也。","哈哈哈！","（这个重要文件，不可由亲属证明，妻子、丈夫、儿子、女儿均不可当公证人。而是由“外人”当公证人这才有效。）","","自从我开悟成就之后，把一切事情也全放下了，任其自然可也。","什么事都勿勉强。","要死就死。","要活就活。","“世间一切事，与我全无交涉”。","我喜欢自然些。","一首好偈：","剑倚青天笛倚楼。","云影悠悠。","鹤影悠悠。","好同携手上瀛洲。","身在阎浮。","业在阎浮。","一段红云绿树愁。","今也休休。","古也休休。","夕阳西去水东流。","富又何求。","贵又何求。","","我想：","“思量这世间的事，几千几百个翻来覆去，是非到底有多少啊！在我心中，还是随份随缘的好。我已悟道，不用去计较，此道与江山一样不老。道在先天里，神游逍遥，自然是长生之宝。”","我想：","“一件破袈裟，拖鞋踢踏，清风明月好。惊觉这百年也是一场梦，其中只有名利萦绕，何不学学野鹤东西飞，也学学孤云自在。面对落花芳草，拂一拂袖，自己去了。”","我的签署。","真的是大澈大悟。","又妙又好。","","●","","我佛在禅定中，见到了“慧觉禅师”，他老人家仍然说着老话：","大众！百千三昧，无量妙义，尽在诸人脚跟下。各请回去自取。","会吗？不管会不会，认取归家路。","智慧是桥梁，柔和作依怙，居安则思危，在乐须知苦。","君不见，那位庞居士，黄金抛却如粪土。","父子若相团聚，共说无生话。","无生语。","仍记取。","二","九夏雪花飞。","三冬汗如雨。","我佛说：“死了也欢欢喜喜！”",""
"035 癌细胞的不见","https://reader.tbboyeh.org/fullscreen_player.php#/?ebook_id=423&chapter_id=c035","Ｏ一Ｏ年期间，我去了一趟日本，在大坂的 HYATT HOTEL，神户同修会的“伊藤梨禅”来见我。","我一见她，大骇。","因为神户同修会的“伊藤梨禅”讲师，可以说是日本的美女。","她的相貌：","春从翠髻堆边见。","娇自红绡脱处生。","恰如伫立东风里。","犹听霓裳羯鼓声。","也即是：","纤巧之身。","芙蓉的脸。","缥缈如云。","袅袅襟袖。","","然而，这一次见面，她的神情憔悴，整个脸全成黑幽幽的颜色，昔日丰彩，全然不见。","我询问她：","“怎么回事？”","“伊藤梨禅”说：","“生了一场大病，我一直卧床不起，到了医院检查，结果在肠子、肺部、大脑、淋巴腺等，都发现了癌细胞。我不敢相信这个诊断结果，我怀疑这如何活下去？”","“伊藤梨禅”请求我的加持。","我特别用了“超级的大法力”，将我的神力，全部贯注在她的身上。而且周流其身。","当我和她合影的时候，虚空中显现了大红色的加持光。","临别时，我特别传授她，召请我的“真言”及“咒文”。","","●","","她接受了每天，二十次的放射线治疗，在激光之中，发生了不可思议的现象，因为卢师尊的影像，一一同放射线的激光一起出现，而且一起出现梵音的咒语真言。","她从高危险期中，解救了出来，她每天都纪录下卢师尊的救命之恩。","又：","有一段时期，病情突然急变，不停的出现便血，因为出血过多，引起了全身血液流失，所以得了贫血。她急速的祈求卢师尊的加持，她念了召请卢师尊的咒文律令，乞求救命。","才念完咒文律令。","即刻出血停止了。","她流下了感动的眼泪。","","●","","医院的各科医师及很多的实习生，都来诊察她的状况，因为她成了不可思议的患者，发生了让人无法相信的结果：","“一切正常痊愈！”","皮肤无疤痕。","脸变青春。","皱纹消失。","脚心鸡眼不见。","就像是身心全部净化一样，连她自己也难以相信这种奇迹。","“伊藤梨禅”特别写了一封感谢信函。","","我在救度病患方面，不敢说百分之一百，但，也用了毕生的精力，这是：","随时任运。","乐天知命。","病人念我。","夫复何疑。","二","","","",""
"036 化身为救火员","https://reader.tbboyeh.org/fullscreen_player.php#/?ebook_id=423&chapter_id=c036","Ｏ一一年六月九日。","一名“莲湘”弟子，匆匆奔入“西雅图”雷藏寺，对着我恭恭敬敬的叩了三个响头。","我问：","“有事吗？”","他答：","“感谢救命之恩！”他很激动的说。","我问：","“我几时救过你？”","他答：","“昨夜二时。”","在旁的信众，听得一头雾水，昨夜二时，卢师尊如何救你？","于是，他详详细细的说明原委：","他昨晚是一时三十分才上床睡觉，他的睡眠习惯是一上床，一觉到天亮，是在七时或七时半才起床，每晚睡六个小时，已成习惯了。","他从未半夜起床。","他从未半夜醒来。","但是，六月九日清晨二时，他才睡半个小时，却被叫起床。","“起床！起床！”有人叫他，又摇他。","他睡眼矇眬，看见床头站立一个消防队员，头上戴钢帽，身穿救火员的装备，脚上长筒鞋，叫他起床。","","他再一看。","吓！这个人竟然是卢师尊呢！","卢师尊说：","“厨房！厨房！”","他这才起床，一看，那位装扮成救火员的卢师尊，早就消杳了。","他赶到厨房去，这才发觉，昨晚，他煮东西，瓦斯炉的火，用的是中火，此时，锅中的水早已煮干了，煮的东西已焦了、黑了，而且已开始冒烟。他吓了一跳，赶紧把火关掉，打开窗子，让烟出去。","他想：","如果不是卢师尊化身为救火员来叫醒他，摇醒他，他是绝不会起床的。","如果不是卢师尊跟他大叫“厨房！厨房！”他也想不起厨房煮东西。","这个后果是很难想像的，锅子烂了，烟到处皆是，最可怕的是，火烧到易燃物，整座房子着火了。","他无处可逃，被火烧死了！老天！他愈想愈怕，愈是感谢卢师尊的救命之恩！","于是。","他于六月九日，赶赴雷藏寺，向我叩头谢恩！","","●","","他的这件事，使我想起从前，我刚得到“瑶池金母”开天眼。","每天起床，不用闹钟。我只向“瑶池金母”讲一声，我要几点起床，那就是几点自然醒，一看钟表，那就是几点，一分一秒不差。","又：","我如果睡得太深沉了。","“瑶池金母”会摇我的脚，把我摇醒过来，还叫我该起床了。","每一次都是这样，从来未停止过。","现在，我有了“星光身”，能到处化身，遍照整个山河大地。只要真佛行者，念念我的名号，念念我的真言咒语。","随时随地救人！","苦海常作度人舟！","","","","","","","二","","","",""
"037 宗教如何融合？","https://reader.tbboyeh.org/fullscreen_player.php#/?ebook_id=423&chapter_id=c037","位“原住民”的记者，她是属于电视台的，她问我一个问题：","“台湾的原住民，现在大部分的信仰，已转变成基督教。而你是一位佛教密宗的活佛，你对于各种宗教，有如何特别的见解？”","我答：","中国原有的宗教，我归类为：","儒教。","道教。","释教。","这是中国文化原有的，释教虽由印度传入中国，但，已在中国落地生根久矣！所以也算是中国的一大宗教。","后来移入的宗教是：","耶教。","回教。","","这二教，应该是近代才移入的外来宗教了！这些宗教，各有教主，各有教义，虽然都不尽相同，但，都有它的道理在，也各有偏重。","儒教教主是孔子，他专重于人伦、道德方面，这是人成即佛成，应该是人乘的佛教，也可以说是佛教的戒律学了。","道教教主是老子，真正的道家，是性命双修的，性是心灵，命是肉体，二者一半一半。修成了，可以称神，可以称仙。道家的修行，一部分类似佛教，一部分不是，但，其最终的成就，与佛教似乎一致。","释教教主是释迦牟尼，佛陀的教法，较重于出世解脱，也就是出离心。救世方面，则发菩提心，行菩萨道。其明心见性更是第一义。统摄人乘、天乘、声闻乘、菩萨乘、佛乘，以佛乘为最高成就。除了密宗之外，对命修较忽略。","耶教教主是耶稣基督，以信为基础，以愿生天国，以行为达到救度。这是属于佛教的天乘，信者上天国，不信者下地狱。","回教教主是穆罕默德，它的教义来自于“天启”，其中亦有许多戒律，类似人乘。一样宣扬“天乘”，以升上帝之国为成就。","这五位圣人是孔子、老子、释迦牟尼、耶稣、穆罕默德。","我说：","五位圣人，都是人类的老师，传道各有不同层次，但教法全是形而上的，除了孔子之外，孔子偏重于人伦，也较注重行为。","外国移入的宗教，以“上帝”为中心的有：","“基督教”。","“天主教”。","“回教”。","","另：","“犹太教”。","“东正教”。","这五个宗教，全是同一个“上帝”，同一个“天国”，但教义各不尽相同。事实上，本是同根生，相煎均太急了些，全是天乘。","我说：","释教似乎包办了所有的教理，一切宗教、哲学、文化、人文，均在如来的心中，其“明心见性”更是无上的形而上，是最高的成就。","道教从物理、心理入手，性命双修均是有功夫的，其修命的方法，有些类似密教。成神成仙，是最高的目标。","儒教以伦理立人为标准。","基督、回教、天主都是“天国乘”。","在我卢师尊的脑海之中，我的教法，是完全包容的，没有分别，只是层次的问题，因人而异，这是宗教的融合。","","","","","","","","","","","","","","","一","","","",""
"038 史蒂芬‧辛格","https://reader.tbboyeh.org/fullscreen_player.php#/?ebook_id=423&chapter_id=c038","Ｏ一一年六月，住在温哥华的熊漫师姐，到了西雅图雷藏寺，她告诉我：","有一天，美国明星“史蒂芬‧辛格”到了熊漫师姐的佛具店，购买商品。相谈之下，原来“史蒂芬‧辛格”是密教的弟子。","“史蒂芬‧辛格”对熊漫说，很多位西藏大活佛，到了他的家，均告诉他本人，他是西藏活佛的转世，他是被认证的仁波切（活佛）。","“史蒂芬‧辛格”看见熊漫家中及佛具店，悬挂“莲生活佛卢胜彦”的法照。","他说：","好极了！庄严极了！","这位法照中的人，是一位大活佛。","“史蒂芬‧辛格”请熊漫师姐带他，务必来拜访“莲生活佛卢胜彦”。","我说：","很好，欢迎“史蒂芬‧辛格”的到访！","","●","","记得我在台湾时，在高铁的月台，有多位西藏仁波切也在月台上等车。","我们彼此合掌问讯。","西藏仁波切们说：","“我们认识你，你是莲生活佛卢胜彦，我们都听闻到你的说法开示，是一位大活佛的风范。”","我请他们到雷藏寺。","他们说：","“我们都去过了，非常殊胜的庄严宝寺，真是大活佛驻锡之地。”","彼此相谈甚欢。","","●","","台湾台中萨迦寺的住持“蒋扬堪布”活佛，常常到台湾雷藏寺听我说法。","蒋扬堪布说：","“非常精彩，引人入胜，容易明白，把密教的法，传播得淋漓尽致。”","蒋扬堪布说：","“简直是无与伦比了！”","蒋扬堪布赠我以“哈达”及礼品。","顶礼致敬。","","●","","很早很早以前，陈健民上师还在世，他住在旧金山。","有一次，他到加拿大温哥华说法，开车载他的人正是赖文彦。","赖文彦正是现在真佛宗的莲高上师。","（那时候尚无真佛宗，而赖文彦只是赖文彦。）","赖文彦说：","“我想皈依你！”（指陈健民上师）","陈健民上师说：","“你不用皈依我，你的将来，会遇到一位成就的大活佛，这位成就的大活佛，他的光芒会照耀全世界的，是一位至高无上的佛，你去皈依他，这是你的福分。”","赖文彦后来遇见了我，告诉我这样的经过。","","●","","我说：","真正高明，懂得看相的人，一看面孔就晓得这个人修行得如何？","因为每一个人都有每一个人的“卦象”。","这叫“幽潜沦匿，变化其中”。","二","“二用无爻位，周流行六虚”。","释迦佛陀有三十二相，有种种随行好。","“史蒂芬‧辛格”从法相中，看见我，他到底看见什么？你知道吗？",""
"039 三座金桥","https://reader.tbboyeh.org/fullscreen_player.php#/?ebook_id=423&chapter_id=c039","Ｏ一一年六月十二日晚上。","佛陀与卢师尊感应道交。","（在此处，不得说佛陀已死了二千五百年了，也不得说卢师尊在娑婆世界已活了六十七年了。这种感应道交，是如来与如来之间，一切法皆能如理。）","有五大胜意：","一、如来是修因圆满无余。","二、如来是至果圆满无余。","三、如来是利益众生圆满无余。","四、如来是神变圆满无余。","五、如来是转法轮圆满无余。","佛陀说：","在过去，我与诸大弟子，行步于一山麓，见一地是佳妙宝地。","我赞叹说，这宝地可以建佛的宝刹（寺院）。","话才说完。","帝释天下降，取了三根茎草，插在我说的宝地之上。","帝释天说：","宝刹已建成。","于是，钟鼓齐鸣。","一切均殊胜圆满。","我说：","卢师尊对佛陀说：","在现代人间，我创办的华光功德会，以卢师尊名义。","在甲仙地区，建了一座“莲生一号桥”。","在桃源地区，建了一座“莲生二号桥”。","在那玛夏地区，建了一座“莲生三号桥”。","我卢师尊赞叹：","实在太殊胜了。","我说，这有五种希奇：","一、于诸有情，非有因缘，而生亲爱。","二、唯为饶益诸有情故，常处生死，忍无量苦。","三、于多烦恼的人世间，善能了解方便调伏。","四、于极难度之有情，能度之。","五、于人间具大威德之神力。","“一日光耀三百。”","我说完这五大希奇。","佛陀一挥手——","从帝释天，到三大佛土之间，建起显现“三座金桥”，这三座金桥，瑰丽庄严，光彩夺目，令诸天人叹为观止。","一词偈曰：","桥连诸天。","若娥眉横绝，天佛相连。","西来当便道，俯望那人间。","谁说攀缘。","黄金铸最胜，瞻那佛颜。","诸天只一握，度过天中天。","唯有金仙。","西游何日还，岁月无添。","随处皆悟入，管它人争喧。","","●","","佛陀说：","二","“当日帝释天给我三茎草。”","我说：","“今日我还帝释天三座桥。”","佛陀说："
"040 一个老头与一个小孩","https://reader.tbboyeh.org/fullscreen_player.php#/?ebook_id=423&chapter_id=c040","在“南山雅舍”的夜梦中——","一个老头与一个小孩来见我，老头发苍苍，脸上满布皱纹，却是大眼睛，大鼻孔，四方大口。小孩嫩嫩的，却动个不停。","老头说：","“卢师尊！别来无恙！”","“你住哪里，我怎么不认识？”我问。","老头说：","“唉！唉！我们是邻居，这一年，我儿子娶媳妇，生下一个小孩，这小孩是我的孙子。”","“孙子，生下来不久，就这么活泼，这倒是少见。而我们是邻居，我却不识？”","（我真是一头雾水。）","老头说：","“卢师尊，你去了台湾，我家的访客就少了！”","我“哦”了一声。","","老头说：","“生活相当艰苦！”","我又“哦”了一声。","我一直在想，这老头到底是什么人？我的邻居，我怎不识？儿子娶媳妇，我亦不知？小孩这么大了，我也不识？到底是谁啊？","老头说：","“左盼右盼，你终于回来了，我们盼望你来拜访寒舍呢？”","“哦！我回来忙着呢！”","老头说：","“卢师尊每每经过我的家门，却从来不进来，只是绕了过去，是不是忘了我这位老弟子啊！”","我瞠目结舌。","老头说：","“庙里的执事，各忙各的，连我老头娶媳妇，也没人理呢！”","老头一谈雷藏寺的庙，我就有头绪了。","西雅图雷藏寺的庙、邻居、老头子、经过家门而不入。","吓！有了！","老头说：","“卢师尊，你再不理我，我们就搬家了！”","我说：","“理，理，理，一定理。”","","●","","二Ｏ一一年六月，我回到西雅图雷藏寺，每天傍晚，我都带领西雅图的同门，绕寺而念佛，带同门共念“阿弥陀佛”。","绕佛的路线，从雷藏寺，绕行到庙前的山门，再绕回来，经过“地藏殿”，拜了地藏菩萨，再回到雷藏寺的大殿门口止。","二Ｏ一一年六月的十三日傍晚，路线稍有变动，从“地藏殿”绕佛完了，经过左手边的“龙王亭”，我们也进去参礼了。","我说：","“哈哈！疏忽了！对不起！”","同门一个又一个进到“龙王亭”参礼，绕了进去，又绕了出来。","同门问：","“今天路线不同，何故？”","我答：","“礼要周全才是。”","我从来没有想到，“龙王亭”在左手边的一角，被疏忽了，没有绕进去念佛，六月十三日，特别绕了进去，以补失礼之处。","唉！龙王娶媳妇，生了小龙子，又有谁知？谁能感应？","","","","我","","","",""
"041 一个神奇的梦境","https://reader.tbboyeh.org/fullscreen_player.php#/?ebook_id=423&chapter_id=c041","日，有一位男士，千里迢迢来到了美国华盛顿州西雅图雷藏寺，拜见了卢师尊之后，他在“真佛密苑”的问事房间，脱掉了他的上衣，露出他的前胸及后背。","我这一见，大骇。","这位男士，可不是扩背肌、胸肌、腹肌、臂肌的“肌肉男”，不是全身健美的海军陆战队的蛙人。","而是，他的前胸、背后、双手臂、腹部，甚至脖子，全部长肌瘤。","一粒一粒如乒乓球大小。","最大的如鸡蛋。","最小的如玻璃珠或鸟蛋。","全身上下约百多粒，看起来真的很吓人。","我问：","“啥东西？”","他答：","“肉瘤。”","我问：","“不是癌？”","他答：","“不是。”","我问：","“医师如何说？”","","他答：","“别人长肉瘤，最多一颗两颗，我这一长，就是百颗，又不能开刀，吃药也无效，就这样，也不特别再大，但也不会缩小，看来非常恐怖。这些大大小小的玩意儿，在我身上，共生共存已二十年，高中开始，一直到现在，听说有卢师尊，特来请求帮助。”","我个人平生，也只见到如此特异的景象，百多肉瘤，布满全身，上下凸凹。","我问：","“痛吗？”","他答：","“不痛。”","我特别用我的“天眼”观察，那肉瘤是啥玩意，原来那一颗颗、一粒粒，全是“冤魂”。","天眼中，这些“冤魂”全是学生。过去世，百多学生出游乘船，此人是导师，他租了廉价的破船，船翻了，百多学生覆没，这位导师幸免。","这一世，百多学生依附在他身，成了奇观。","我说：","“你念我的心咒，愈多愈好！”","“八百万遍？”","我说：“更多也可以！”","","●","","他回去后，念咒很勤。念了一年。","有一天梦中，我出现，浑身上下也一样百多颗肉瘤，长得一模一样。我笑嘻嘻的现身，上身不穿衣物。","他问：","“卢师尊怎么和我长肉瘤一模一样！”","我笑而不答。","自从那一天起，他全身肉瘤，渐渐的缩小了，一天又一天的小，小到完全和正常人一样了，这样也要半年的时光。","我二Ｏ一一年回西雅图雷藏寺，他也特别飞到西雅图来看我。他祝贺我的生日。","他告诉我：","“全好了！”","我说：","“恭喜！”","他说：","“那个梦境，是不是卢师尊替代？”","我答：","昔","“不是。他们全到摩诃双莲池了！”","","",""
"042 魏青萍夫人","https://reader.tbboyeh.org/fullscreen_player.php#/?ebook_id=423&chapter_id=c042","青萍先生，是我昔日服务于军中测量连的副连长，当时“五八Ｏ二”测量连，位于台中南门桥。","测量连连长是庄铭石。","副连长魏青萍。","辅导长皮志青。","我当时是测量官。","有一回，魏青萍与我，共赴澎湖“拱北山”测量。","魏副连长，当场手握“铜钱”，请我“灵测”手中有多少钱？","我答十四。","这件事轰动全测量连，魏青萍于是跟定我学佛法。（此事记载于《灵机神算漫谈》一书之中）","","●","","二Ｏ一一年五月间，魏副连长，突然夜间十一时左右，到了南投草屯雷藏寺找我。","执事安排先住宿于虎山山下。","第二天，我与魏青萍见面。","我们约四十年未见面了。","我已六十七岁，魏青萍约八十岁左右。","他住台北。他说，今天一整天，精神恍惚，似乎有人告诉他，去找卢胜彦。于是，恍惚之中，他上了车，又恍惚恍惚，到了南投，又恍神恍神，到了虎山草屯台湾雷藏寺。到雷藏寺时已夜深。","我当时不在寺。第二天我才上山与魏青萍见面。","他说：","“也不知怎么了，就是一定要我找着你，唉！四十年未见，老了！”","我问：","“你夫人，萧凤凰，怎没一起来？”","他答：","“死了！”","他一说“死了”，萧凤凰的灵魂从魏青萍的身后现了身。","我一看，便知道魏青萍恍惚恍神的原因了。我笑了。原来萧凤凰要魏青萍来找我，是他的夫人在后面催他的。","","我问萧凤凰：","“你死了，何不往生去？留在人间做什么？”","萧凤凰答：","“等你接引往生佛国刹土。”","我说：","“今天我做护摩火供，就接引你，用火供迁识，把你送上去。”","萧凤凰说：","“且慢，我知道你要回去美国，你先带我去美国，这是我的愿望，然后你再送我到净土佛国。”","“美国，你不会自己去？鬼有五通，一念即至。”","“鬼的种类甚多，大力鬼，五通具足。像我家庭妇女，是守宅鬼，没有能力。”","我问：","“魏青萍这一世修行不错，四十年来，念佛不辍，你为什么不跟着修？”","她答：","“俗事太多，杂念纷飞，定不下心来。如今，只有仰仗你的佛力了。”","","●","","二Ｏ一一年六月一日，我回美国西雅图，是带着萧凤凰的灵魂。在“彩虹雷藏寺”的火供之中，我用迁识法，将魏青萍夫人送上西方净土。","我写一偈：","独坐无为大宫殿。","度生随缘不间断。","昔日长辈未阻隔。","魏","弥陀与他重相见。","","",""
"043 长寿的莲花益明法师","https://reader.tbboyeh.org/fullscreen_player.php#/?ebook_id=423&chapter_id=c043","Ｏ一一年六月十六日，加拿大“莲花益明”法师来到美国西雅图雷藏寺。","莲花益明法师，年龄九十四岁，走路很有精神，礼佛不用人扶，见到卢师尊，下跪顶礼，有节有度，站起来，迅速有力。","老当益壮的法师，说话中气十足，不喘不咳。","莲花益明对大众说：","“要皈依卢师尊，他是真佛。”","又说：","“我找寻师父很久，有一天，到一书局，看见图书排列整齐，书万千册，全都黯然无光，此时，定晴一看，只有一本书放出大白光芒。我走到书前，把书拿起来一看，正是卢师尊著的《佛光掠影》，这一下子，我决定皈依我们的卢师尊。”","再说：","“我当年，患脊骨酸痛的毛病已有很多年，看见卢师尊时，对卢师尊说，我的脊骨酸痛很久，卢师尊，只对我的背，拍了一下，回去以后，不用吃药，不用看医生，竟然完全好了，这不是真佛，是什么？”","莲花益明法师说：","“我去过昆仑山，看到一名老和尚，年龄百多岁，相貌庄严，最奇的是，老和尚的双眉毛，竟然长得拖地。我一看，非常惊骇，心中想，这一位一定是有道高僧，就想再皈依这一位老和尚，想不到这一位老和尚说，你有一位真佛师父，是真佛，有这样的一位师父就够了。”","","●","","莲花益明法师一说完。","听众中有一名弟子说：","“我有同样的经验，我到一书局，想找宗教类的书看，突然看到一本书放光，拿起来一看，就是卢师尊著的《密教大光华》，这下子，高兴极了，马上找到卢师尊皈依。皈依后，把卢师尊的书，当营养品，一本一本的去搜集，现在收集得差不多，有二百多册了，本本精彩，非常有法味，获益良多。”","这位弟子说：","“以前我有近视，要戴眼镜才能看书，但看卢师尊的书看久了，竟然不用戴眼镜也看得非常清楚。有一件奇事，说起来也真是叫人难以相信，我去检查眼睛，竟然没有近视、没有远视、没有老花，白内障也没有了，是标准的视力一．Ｏ，我自己觉得奇怪，连朋友也觉得奇怪。”","又说：","“我介绍一名朋友来皈依卢师尊，他是皮肤病患者，全身搔痒难治，看过的医师恐怕也有二十多位，始终治不好。皈依后，卢师尊只给他摸了一下头，奇迹出现了，皈依回来，全身的皮肤搔痒，当夜就停止了。接着更奇，皮肤脱了一层皮，坏的皮肤全脱去，现在的皮肤白白净净，一皈依，全换了一个人。”","","●","","这两位弟子一说，很多同门纷纷说出他们感应的心声。","一个说，坐轮椅的已能站立。","一个说，耳聋的已能听见。","一个说，偏头痛完全消失。","一个说，经痛完全消杳。","......。","写一偈记之：","轻轻一摸头顶。","只是清净清净。","是谁拨云见晴。","放出一片光明。","","","","","","","","","","","","","","","","二","","","",""
"044 李翱究竟有无悟道？","https://reader.tbboyeh.org/fullscreen_player.php#/?ebook_id=423&chapter_id=c044","Ｏ一一年六月十七日，我在美国西雅图雷藏寺。","一位“莲讲法师”问我：","“唐朝李翱，究竟有没有悟道？”","这件公案，要从头说起：","李翱，是唐朝的湖南太守，他当太守时，听闻药山禅师的大名。","李翱上山找药山禅师。","药山禅师在看经书，连头也不回。","李翱自认无趣，便拂袖而去。","说：“见面不如闻名。”","药山禅师这才回话：","“勿贵耳而贱目。”","李翱才向药山禅师问道。","药山答：","“云在青天，水在瓶。”","后来，李翱呈上一偈：","炼得身形似鹤形。千株松下两函经。","我来问道无余话。云在青天水在瓶。","莲讲法师问我：","“这位李翱究竟有没有开悟？”","莲讲法师说：","“宋朝的宰相张商英，他也学禅，自称开悟，张商英认为李翱尚未悟道。”张商英写了一偈，这偈如下：","云在青天水在瓶。眼光随指落深坑。","溪花不耐风霜苦。说甚深深海底行？","","●","","我回答莲讲法师：","云在青天。","（是指眼光已达上乘。）","水在瓶。","（是指实修的功夫。）","任何一位开悟者，在理论上，已明白，开悟就是这个，身心已脱落，身子没有了。","但你如何实践，身心已完全脱落，这才是真功夫啊！","密教教我们修“无漏”，修“拙火”，修“明点”，修“中脉通”，修“五轮开”，这是使自己真正进入“三昧耶”（禅定）的功夫。","如果不“深深海底行”，如何真正达到身心脱落？所以显教也要“戒、定、慧”的功夫深，才能身心脱落。","身心都没有了。","才是真开悟！","否则只是理论上知道，但，身心的障碍，仍然不能算真实开悟的。","","临济祖师说：","“我有一位无位道人，每日在我门面上出入。”这就是真功夫了！","云门祖师说：","“我有一宝，秘在形山。”","这也要真功夫才能现形而出，如果身心不脱落，那一宝就不会现。","这“宝”就是“佛性”。","李翱是不是真正开悟，要看他是否真实的下功夫去修练，修练“中脉通”、“五轮开”，身心脱落，连身子也没有了，这才是真实的开悟了，理上如此，实际亦如此。","有人以为，学禅只是修“性”，而不是修“命”，我则认为“性命要双修才是”。","因为：","“命若通了，才可能身心大定！”","“命若不通，障碍重重，入大定不可能的。”","二","“云在青天水在瓶”其意义在此。","","",""
"045 同学会的奇事（之一）","https://reader.tbboyeh.org/fullscreen_player.php#/?ebook_id=423&chapter_id=c045","Ｏ一一年六月十九日，早上十时。","地点在“彩虹雷藏寺”的大殿。","测量学校（大学部）三十二期的同学，齐聚于美国西雅图彩虹雷藏寺，召开同学会。","与会人士共三十六人。（包含眷属）","这是一次别开生面的同学会，也算是创举，因为卢师尊的召请，而同学会会长杨雄飞的召集，才有美国之旅的同学会。","主持人是杨雄飞会长。","与会的人是：","王正珠、曾玮、王元本、李钰淋、王定平、林开华、柯丽、蔡明颖、杨淑梅、吕金龙、杨素玉、朱金水、陈泽霞、李林德、郭源、郭颜云、杨雄飞、杨洪飞、赵洋一、林梅玉、容承明、周伟铨、孔继曾、傅渝美、王丁财、苏秀琴、徐耀堂、曾育美、陈维义、陈夫人、岳良佐、王兰生、江庆珍、江夫人、卢师尊、卢丽香等等。","此次，随团照护是：","莲欧上师。","周衡医师。","周丽雀导游。","","●","","我们测量学校三十二期（大地系、地形系），共有六位同学已仙逝，他们是：","洪积强、陈震华。","陈　进、曾渝敏。","沈允海、傅正宏。","照往例，为六位同学默哀一分钟。","就在默哀一分钟之间，我看见“曾渝敏”同学现身，及沈允海同学现身，就在我们同学会“ㄇ”形的会议桌前的中间出现。","我随即说：","“卢师尊亲见曾渝敏、沈允海到了会场！”","众同学非常讶异。","我说完此话，当场，曾渝敏的夫人，王正珠女士，马上说：","“我相信卢师尊的话。”","她说：","“曾渝敏意外逝世了五年，我未曾梦见过曾渝敏，连一次也没有。而在赴西雅图之前的前五天，我先生曾渝敏才出现在梦中，殷重的吩咐，一定要带他到美国西雅图。”","此话一说。","震慑全场。","","●","","下午三时，我在彩虹雷藏寺，有护摩（火供），本尊是“佛眼佛母”。","我亲见“曾渝敏同学”非常欢悦的进入护摩火之中，由佛眼佛母摄受，往生到清净的佛国净土去了。","我告诉了曾夫人。","她感动流泪，也皈依了卢师尊，进入佛门。","曾渝敏是测量学校三十二期的老系长，为人非常忠厚耿直，学业名列前茅，是优等生，在学校时与我交情甚厚。","曾渝敏，个子高，略瘦，双目有神，是精神旺盛型的人，凡事尽全力以赴，同学时期，是学校的中坚人物。","我能为曾渝敏服务，是我的荣幸。","诗一首：","无复柔桑驯雉","何幸见","护摩小试","接引系长上天际","","","","","","二","","","",""
"046 同学会的奇事（之二）","https://reader.tbboyeh.org/fullscreen_player.php#/?ebook_id=423&chapter_id=c046","美国西雅图“彩虹雷藏寺”的同学会中，在默哀一分钟之中，我看见的第二位同学，是已仙逝的“沈允海”同学。","沈允海的出现很神奇：","他先显现胖嘟嘟的年轻模样，圆圆的脸，挂上一副眼镜，每回说话，先推一推眼镜的动作，笑起来，眼睛成了一缝儿。","接着，他再显现瘦怯怯的模样，也就是他生病之后的形象。","我坦白说，自从我分发单位到台中南门桥测量连，也就是大学毕业后，我与沈允海就此从未见过面，我三年服役于测量连，七年服役于制图厂，未曾与沈允海见过面，算一算，毕业后共四十三年，未曾见过面。","","所以：","他先显现学生时的沈允海。","再显现老病的沈允海。","在我的回忆之中，我对沈允海印象非常深刻，外号“沈胖”的他，就在我入学的那一刻，他就发挥了搞笑的天才。","我入学时，从高雄乘火车到台中，叫了一部三轮车，从台中火车站，到火车站后的测量学校，报到后，领了军校制服的衣服、皮鞋、帽子，被分发到大地测量系，一直忙到晚上。","然后分配床位，是军中的通铺，草席、蚊帐、棉被......。","熄灯号响。","新来初到，大家进军校，睡不着，有两位同学搞笑，讲话声音非常大，寝室内笑声不断。这两位同学，一位就是彰化的谢文雄，另一位就是台北的沈允海了。","我在欢笑声中，入了梦乡。","在测量学校大学部三十二期，沈允海就是学校的开心果。","我与沈允海交情不错。","","●","","再说，我在“彩虹雷藏寺”的护摩火供中，亦请沈允海入护摩火中，我请“般若佛母”、“佛眼佛母”，接引沈允海入佛国净土。","想不到沈允海说：“不！”","沈允海说：","“我是虔诚的基督徒，我是阿门，我等耶稣再来，一起升天堂。”","我这样一说。","","孔继曾同学给我印证：","“卢师尊所说，一点也没错。同学沈允海原本胖胖，圆滚滚的，后来得病后，突然之间暴瘦，这是卢师尊不知道的，卢师尊一直没有见过沈允海。”","孔继曾说：","“沈允海一直以来，他虔诚的信仰是基督耶稣，所以，他当然不会进入佛教密宗的『火供』之火，这也是卢师尊不知道的。”","大家一听，全震慑住了！","坦白说：","我真的不知道沈允海暴瘦！","我真的不知道沈允海是基督徒！","在学生时期，他胖嘟嘟的。","在学生时期，他好像没有信仰。","我们四十三年未见面。这是一件非常奇特的事，我不知，却能说出。","诗：","又是一桩奇特","四十三年未曾见面","山海信断","飘然的您来会我卢胜彦","","","","","","","","","在","","","",""
"047 王兰生的问疑","https://reader.tbboyeh.org/fullscreen_player.php#/?ebook_id=423&chapter_id=c047","美国西雅图的同学会中，有一位“岳良佐”同学，他的夫人是“王兰生”女士。","他们也移居美国，住在“纽奥良”。","王兰生对我的看见“曾渝敏”及“沈允海”，非常的好奇，于是她提出了很多的问疑。","她问：","“卢师尊看见曾渝敏及沈允海，是感觉到的呢？还是看见真实的形象？”","我答：","“心是明镜台。”","（当然感觉及看见真实均有。）","她问：","“除了这些奇事之外，还有奇事否？”","我答：","“天天奇事。”","她问：","“什么奇事？”","我答：","“任何事都是奇事，任何事都不是奇事。”","“不明白？”","我的心中想，要讲到明白，这很困难，除非对方已是修行有成的人，或可明白一些。","","我如此解释：","在密教是处处讲功夫，处处讲感应，但是密教的最高境界，是大圆满。到了大圆满，就是没有功夫，没有感应，但也是处处功夫，处处感应，我如此说，能明白吗？","又：","禅宗的法门，素来是不提到功夫的，因为一提到功夫，就不是禅宗了。可是禅宗也处处是功夫的。没有功夫，也不能达到至高无上的“无位道人”，没有深深海底行，如何高高山顶立？","王兰生问：","“卢师尊，你能够感应到每一个人，站在你四周的人的一些命运吗？”","我答：","“能。”","王兰生问：","“为什么呢？”","我答：","“每一个人的脸，就是八卦。”","我这里，又得解释“八卦”了。","“八卦”原由《易经》而来，“易”就是上头一个“日”，下头是一个“月”，古文“勿”就是“月”，“日”是代表阳，“月”是代表“阴”。","这一阴一阳在人的脸上，形成了八八六十四卦，这个人走到什么命运，脸上就出现了六十四卦的卦象，我们只要看卦相，就知道人的命运。","","这八卦的道理都是圣人的智慧，如伏羲氏、八卦祖师、周文王、周公、孔子、鬼谷先师......。","另外，邵康节先生更是厉害，从《易经》的原则，归类成一种神术，演变成今日的“邵子易数”（铁版神数），这就是术数了。","佛教讲神通有“鬼通”、“妖通”、“报通”，还有一种是“依通”。","依“八卦”原则，依“法则”，依“逻辑”、依“统计”，依“身体五官”来判别。","这也就是：","“干支”。","“阴阳”。","“消息”。","能够知道“消息”，就可以感通一切，这是一定的。","我说，最高的境界，是不占卜，善于“易”者，是不卜的。为什么？我答：知道又如何？不知道又如何？","","","","","","在","","","",""
"048 四如意足","https://reader.tbboyeh.org/fullscreen_player.php#/?ebook_id=423&chapter_id=c048","在二Ｏ一一年六月二十六日，于“彩虹雷藏寺”（彩虹山庄），做护摩火供（大黑天）时，讲“四如意足”。","我特别解释如下：","“足”即“定”也。","有四种定：","一、欲为主得定。","二、精进为主得定。","三、心为主得定。","四、思惟为主得定。","《智度论》有问答：","问：","“四念处、四正勤中已有定，何以故不名如意足？”","答：","“彼虽有定，智慧精进力多，定力弱些，行者不得如意愿。”","也就是说：四如意足，是三十七道品中，四正勤所修之行品，四种禅定也。四念处中修出智慧。四正勤中修出正精进。精进智慧增多，再加上定力，则定慧均等，所愿皆得。","《俱舍论》曰：","“此四如意足，依加行而立名：一、欲神足，依欲之力，引发而起。二、精进神足，于加行勤修之力，引发而起。三、心神足，于加行位，一心专注依心而行，引发而起。四、思惟神足，观察佛理，依观之力，引发而起。”","","●","","我说：","我依四如意足，进入“初禅”、“二禅”、“三禅”、“四禅”。在“四禅”中：","一、空无边处定—行者厌色之如牢狱，心欲出离，舍色想，入无边之虚空心，与空无边相应，是空无边处定。","二、识无边处定—行者厌前外之空，舍虚空缘内内识为心，识与心无边相应，故名识无边处定。","三、无所有处定—行者又厌其识，而观心识无所有，心识无所有相应，故名无所有处定。","四、非想非非想处定—心识是有想，无所有处是无想，舍有想，舍无想，故名非想（前者），故名非非想（后者），此乃非想非非想处定。","如果以文字形容：","如痴。","如醉。","如眠。","如暗。","无所爱染。","无所爱乐。","泯然寂绝。","清净无为。","","有法师问：","“禅定至此，有何意义？”","我答：","“身清净。口清净。意清净。”","有法师问：","“身口意清净，意味什么？”","我答：","“无漏、法味、清净。”","我说：","卢师尊依这“四禅”之法，得神足，有了神足，六通便具足了，所以密教有言：","大乐—法味。","光明—清净。","空性—无漏。","我有了四如意足，所以，我能亲见本师释迦牟尼佛，以及一切诸佛，所行皆如意，恒在于十法界，变化千百亿之应身佛。","","我","","","",""
"049 后记感言","https://reader.tbboyeh.org/fullscreen_player.php#/?ebook_id=423&chapter_id=c049","本书的完成，想想，仍然有一些话要说，于是就写在这里做一个交代吧！","书中的经历，很真实，好像在写日记，然而每篇日记都是奇妙的因缘际遇，因此，就非常写实了。事实上，在我的周遭，每天都有因缘际遇，就算没有写，一样继续不断的发生。","书中的“人、事、地、物”，我尽量的用真实姓名，然而，毕竟有些人，个性比较内向些，不想让别人知道他她的事，所以，我不得不隐其姓名，甚至发生的地点、经过，也经过修饰，免得影响当事人的感觉及觉受。","我总觉得，这样子的写书方式，是非常有意义的，而且高高兴兴的，我的作品之中，并不是只有故事，而是有我佛法的真谛在其中，放在读者面前的，绝对不是天外的，而是在人类中真实的呈现。大家不难发现，它们都有一个主题，这主题均是形而上的，开卷有益。","我始终用我独特的方式去写作，写作亦有独特的风格，故事、主题、文学之间，连成了一条线，这是我想出来的风格，是佛法，也非佛法，让人家能不枯燥无味的读下去。","这本书“天方夜谭”吗？","并不。","但，很出人意料？","是的。","我说：","不可思议的难思议。","是神通吗？","我说：","是如来的神通。","你是佛吗？","我不假思索，是的，我是。","我这个佛，在我的周遭留意属于感应的资讯消息，尤其是非妄语的，经得起考验的，而不是虚言、妄语。","每天，我写作的时间非常固定，早上九时至十一时，修法时间也非常固定。有人说，我好像在过军人的生活，是的，我是。","起床。","写作。","修法。","画画。","晚课。","早餐、午餐、晚餐，全是定时定量，甚至做伏地拜佛多少下，仰卧起坐多少下，漫步持咒多少圈，全是固定的。","","我认为一切照计划进行的生活，虽然千篇一律，但亦有法味在其中。","我的写作是永久性的，在我已是生活中不可分割的一部分，另一方面，在我的生命之中，早已知晓生命的奥秘，在佛法来说，正是指的“明心见性”。本来是不必再写文章、写书了。但，有也聊胜于无吧！","第二二三册文集，如果加上说法开示的，已有一层楼的高度了。我的脑筋中，永远有货，永远写个不完，我不担心我能写多少，因为活着，活着就是写啊写的。","请大家务必买来读。","读到你们读不到的。","请注意！","世界在这里。","真理也在这里。","在此时此刻。","（二Ｏ一一年六月，莲生活佛卢胜彦，美国西雅图。）","","","","","","","","","","","","","","","","这","","","",""