"chaptername","chaptername href","chapterbody","chapterbody 2","chapterbody 3","chapterbody 4","chapterbody 5","chapterbody 6","chapterbody 7","chapterbody 8","chapterbody 9","chapterbody 10","chapterbody 11","chapterbody 12","chapterbody 13","chapterbody 14","chapterbody 15","chapterbody 16","chapterbody 17","chapterbody 18","chapterbody 19","chapterbody 20","chapterbody 21","chapterbody 22","chapterbody 23","chapterbody 24","chapterbody 25","chapterbody 26","chapterbody 27","chapterbody 28","chapterbody 29","chapterbody 30","chapterbody 31","chapterbody 32","chapterbody 33","chapterbody 34","chapterbody 35","chapterbody 36","chapterbody 37","chapterbody 38","chapterbody 39","chapterbody 40","chapterbody 41","chapterbody 42","chapterbody 43","chapterbody 44","chapterbody 45","chapterbody 46","chapterbody 47","chapterbody 48","chapterbody 49","chapterbody 50","chapterbody 51","firstcharacter","chapterbody 52","chapterbody 53"
"目录","https://reader.tbboyeh.org/fullscreen_player.php#/?ebook_id=426&chapter_id=c999","序 敲开你的心扉(前言)","001 我是疯子吗？","002 鬼住我家","003 鬼藏珠宝","004 “闪米密西湖”的水神","005 鬼在妳的肩膀上","006 自杀鬼的诊所","007 赌场鬼多多","008 大医院的眷属鬼","009 “章鱼哥”的背后鬼物","010 球场上出现的鬼影","011 莲致上师说“殭尸鬼”","012 摩托车后座载的是？","013 卢佛奇见？","014 海滩上的大法会","015 父亲的往生","016 我与“城隍”是知交","017 三十六尊小地藏菩萨","018 北极玄天上帝荡魔天尊","019 开口就灵验","020 水天神的口","021 二位福神站岗","022 买二块小土地","023 口中吐出白莲花","024 法医杨日松","025 迦楼达神","026","东岳大帝","027 天上的答案","028 长廊昏暗的灯光","029 白空行母的大慈悲","030 未来接受供养？","031 福德正神请我买房","032 老鼠唧唧叫","033 评头论足刘德华","034 这几天你不要卖鱼","035 从“雾峰”走到“大坑”","036 真实的看见","037 不可执着没有莲花童子","038 妳不要去海边哦！","039 “店口碗粿”的一幕","040 我会带着你飞","041 曹仓铭如是说","042 “荷叶童子”念诵法","043 『报梦』给你知","044 摸顶加持的意义","045 通通有“舍利子”","046 狮子虫吃狮子肉","047 一封感恩信","048 摸顶后的感应","049 起信的秘密","","",""
"序 敲开你的心扉(前言)","https://reader.tbboyeh.org/fullscreen_player.php#/?ebook_id=426&chapter_id=c000","○一一年的十月，我在美国“西雅图雷藏寺”及“彩虹雷藏寺”，共传法两个月之久。这两个月中，所传的法，都是精要的口诀，很多都是很珍贵的。","另外：","我在巴拿马“常弘雷藏寺”传“九字真言切字口诀”及“时轮金刚日月合璧法”是非常难得的。","我在美国佛罗里达州“圣德雷藏寺”，传“天一神水法”是秘密中的秘密。","我在美国费城“莲彦雷藏寺”传“莲花童子传承法流”更是深不可测。","我在美国纽约“金刚雷藏寺”传“大随求菩萨念诵法”确实是难能可贵的。","我在美国德州休士顿“密仪雷藏寺”传“五轮法”及讲解“寂灭为乐”更是天下难闻了。","......。","","这些教言及实修的口诀，都是传承自我的根本上师，我敬礼：","了鸣和尚。","十六世大宝法王。（噶玛巴）","萨迦证空上师。","吐登达吉上师。","暨诸上师。","我的修行如同我的写作，是从来没有间断的，四十年来如一日，这种毅力与坚忍不拔的禅修，可以说，在今生今世，已经很难看见的了，所以我的加持力源源不绝，我获得了相等的成就。","","我亦可预言：","一、即生成佛。","二、往生净土。","三、常住世间转法轮。","我的这一世，真正达到了利益后代的行者，这正是我的心愿，也是我发的誓愿。","记得那是四十多年前，我在台中“玉皇宫”，巧遇“林千代师姑”指引。","得瑶池金母下降，开了天眼。","瑶池金母说：","“我找你已经很久了！”","又说：","U. S. A.","“我帮你调职，永在台中。”（指军中生涯。）","又说：","“当有大契机，有大传法给你。”","又说：","“一心学佛、一心学法、一心向善。”","（那时，我二十六岁。）","","从那一天开始，我天天几乎有神迹，述之不尽。","我飞行到莲华生大士的佛国。","在古墓或洞窟之中。","莲华生将我吞入口中，我从莲华生大士出生。","莲华生大士化虹光，我入虹光之中，沐浴了莲华生大士所传承的所有的灌顶；莲华生大士将所有的传承法流，灌顶在我的八万四千毛孔之中。","经历：","天空裂开。","山河大地震动。","我将经历写了出来，被大家误认为“疯子”。","（这是我起信的秘密。）","但愿这本《敲开你的心扉》能让大家起信学佛。","","莲生活佛卢胜彦联络处：","Sheng-yen Lu","17102 NE 40th Ct.,","Redmond, WA 98052","二","编者注：本有声书系由林素任录制",""
"001 我是疯子吗？","https://reader.tbboyeh.org/fullscreen_player.php#/?ebook_id=426&chapter_id=c001","实，我仿佛是有一点点疯，但是不到进入“精神病院”的程度。","疯的原因是：","与鬼做朋友。","与神做朋友。","与菩萨做朋友。","与佛做朋友。","这样的一个人，当然会被误会这个人，接近疯了，因为精神病院所关的，差不多都是这一等人。","","有一则笑话是这样的：","精神病院的院长问病患：“谁告诉你，你是耶稣？”","病患答：“是上帝。”","旁边有一个病患走过，对自称“耶稣”的人说：“我又没有告诉你，你是耶稣。”","我读了这则笑话，哈哈哈大笑。","所以有人知道我的状况，称我是疯子，我可不能见怪他们的。因为我同疯子差不了多少。","除了这个，我是一个正常的人。","该睡觉的时候，我就睡觉。","该修法的时候，我就修法。","该写作的时候，我就写作。","该画画的时候，我就画画。","夏天我不穿厚内衣，冬天我绝不会只穿汗衫，冷了就围围巾，热了穿薄袍。","我生活正常。","犯法的事不做，犯戒的事不做，生活作息很规律。早上六时吃早餐，十二时吃午餐，晚上六时吃晚餐，我与人来往，一切正常。","","我说：我也不是圣人，我也不是伟大，我只是一个平平凡凡的人，一切很自然，自然就是道，老子说：“道法自然也。”","我认为：“圣人，应该是世界上最愚蠢的人。”（自己绑自己）","我懂“易经”的道理：“夫大人者，与天地合其德，与日月合其明，与四时合其序，与鬼神合其吉凶。”","一、守道德。","","二、身口意清净。","三、自然生活。","四、知吉凶祸福之理。","","我这四则与易经的道理是相通的，我比一般人多了一样，就是与鬼与神做朋友，所以我是知吉知凶的人也。","我的鬼朋友甚多，祂们都是很好的朋友，当年，我有一件祸事临头。","鬼语我：“大祸将临。”","我问：“当如何？”","鬼答：“逃！”","“如何逃？”","鬼答：“声东击西。”","（让大家以为你在哪里，其实你是在其他地方，哈哈哈）","我的鬼朋友帮我，我的神朋友也帮我，让我安然度过大祸也。","这种与鬼与神与菩萨与佛做朋友，我不是吹牛，任何人都可以做得到。尧舜是人，人人可以当尧舜，释迦牟尼佛是人，你也可以当释迦牟尼佛，这一点，我不骗你！","","","","","","","","","","其","",""
"002 鬼住我家","https://reader.tbboyeh.org/fullscreen_player.php#/?ebook_id=426&chapter_id=c002","说，我在美国华盛顿州西雅图，搬了好几处家。","第一次，从“巴拉”搬“真佛密苑”。","第二次，从“真佛密苑”搬“幽灵湖”。","第三次，从“幽灵湖”搬“南山雅舍”。","第四次，从“南山雅舍”搬“新南山雅舍”。","“巴拉”的家有鬼，在地下室，此鬼对“佛青”、“佛奇”不太友善。","我搬走时，还听到祂们在地下室的“叹息”声音。","最后的家“新南山雅舍”占地二亩，房子较大，有二鬼住在“新南山雅舍”。","每天清晨起床，我走过长廊，经过长廊的客人用厕所时，里面一定“卡”的一声大响。","天天一样。","原来是我的光，照射到祂们，祂们受了惊吓。","原本只有一鬼，后来，我回台湾住久了些，“新南山雅舍”竟又多了一只鬼。","这两只鬼，对我们无害。","","其中一只鬼，竟然对我行“军礼”，祂是当过美国大兵的，知道我以前是少校军官，竟然一遇我，就行军礼。","鞋子相碰，也是“卡”的一声。","这鬼帮我很大。","我每回化甘露水供养：","大鹏金翅鸟。","旷野鬼神众。","罗刹鬼子母。","甘露悉充满。","嗡穆帝玉梭哈，嗡穆帝玉梭哈，嗡穆帝玉梭哈。","这美国大兵鬼，会帮我维持秩序，领取我的施食甘露。","曾有一位流浪汉的癞皮鬼，也想留在“新南山雅舍”，但，性情不佳，水准不够，被大兵鬼给揪了出去，请祂滚蛋。","","其实“真佛密苑”也有鬼，只是这些鬼是皈依我的弟子，祂们都非常的好，也懂修密教的法，帮我很多的忙，“真佛密苑”的鬼，均能飞行，也能神变，已经接近于“神”。","","我问祂们：“做鬼好吗？”","祂们答：“好！”","“怎么好法？”","鬼众说：“鬼无形体，只有精神，无形体则少病少恼，我们均有少少神通，能神变，会飞行，高兴到哪里就到哪里，太自在了，我们可不愿意被形体绑住，","一切太麻烦了。”","我说：“鬼也有转世再为人的。”","鬼众答：“少数了，祂们转世为人，是因缘业力使然。其实，人是鬼，鬼是人，一个有形体，一个没有形体而已，没有形体的，快活太多了。”","","我有一次出门。","鬼说：“记得带伞哦！”","“大太阳，带伞！”我莫名其妙。","“下午三时下雨！”鬼说。","到了下午，果然天变暗。","下午三时，大雨倾盆。","鬼说的真准。","我问：“祢怎知道？”","鬼答：“你不是讲，鬼有五通吗？”","","","","","","","我","",""
"003 鬼藏珠宝","https://reader.tbboyeh.org/fullscreen_player.php#/?ebook_id=426&chapter_id=c003","师尊与鬼为友、与鬼相应、与鬼交流、与鬼亲密，众所周知。","有一天，一位年老的女鬼，施施然而至。","此鬼神色木然，无表情，非常的落寞，也不说话，指指自己的心。","我问：","“有心事？”","祂点点头。","祂要我跟祂一起走，要带我跟祂去，其实我是不太愿意，但，艺高人胆大，说走就走，说不定，祂的女儿，是很漂亮的女鬼呢！","走进一个房子。","祂指着一张圆桌的桌子下的木柱。","祂说：“开。”","木柱分开，里面是镂空的，内中藏了一大批珠宝。我的眼睛一亮，看了看：","有钻戒、钻石。","有金块。","有珍珠项链。","有首饰。","有玉环。","一大包，全藏在镂空的桌柱，这倒是藏珠宝的最佳之处了。","我问：“是给我？”我心花怒放。","祂答：“不！是给后代子孙的！”","这回，换我表情木然了。","","隔了没几天，有庄姓人家到我处，说明有事相求：","老祖母生前有一大批金银钻石珠宝，死后，却不知去向。老祖母生前有藏东西的习惯，怕被小偷偷走，或被盗走。","她习惯藏在：","“天花板”。","“地下室”。","“板匾之后”。","我说：","“冰箱冷冻库”。","“沙发椅”。","“马桶”。","“弥勒佛肚子”。","“床下”。","“枕头罩”。","……。","","由于死时匆促，来不及说出，没有交代，我们子孙没有人知道珠宝去处，因此，特来请教卢师尊，老祖母的珠宝到底在何处？","我心想：","“终于来了！”","庄姓弟子说：","“我们如果找出，会有一个红包，给卢胜彦布施基金会的，这一点，我们会做到。”","我心想：","“这还差不多！”","我问：","“你们全找了？”","不错，从天花板到地下室，包括弥勒菩萨的大肚子，能藏的全搜了多遍。”","我说：","“在圆桌的镂空柱子内。”","他们回去找，果然找到。","庄弟子问我：","“卢师尊！你怎知道？”","卢","“哇！真准！”","“是你们老祖母亲自来告诉我的。”"
"004 “闪米密西湖”的水神","https://reader.tbboyeh.org/fullscreen_player.php#/?ebook_id=426&chapter_id=c004","住“真佛密苑”时，常常走到“闪米密西湖”，这个湖，是华盛顿州的第二大湖。","我曾经写了一本书，是《湖滨别有天》，是写这个湖的种种故事。","有一回。","我走到湖旁小公园的码头，码头有浮着的木板，伸延在湖上。","我走到了尽头，看着湖水底下的水草，水草上还有鱼在游来游去。我一向喜欢看鱼游泳，鱼总是很快乐，我的心也就跟着快乐。","突然，我仿佛看到湖底渐渐起变化，有两只大眼睛瞪着我。","眼睛上有浓眉。","有鼻子、有厚厚的嘴唇。","满脸胡须。","我大骇，首先以为是幻觉。","我看了看公园的树木，再看看对面的山，然后，再看湖底。","天啊！那张脸仍在，两只大眼仍然瞪着我看，瞪来瞪去的。","水底有一张脸，你说怪不怪！","后来，我曾在湖旁大树下静坐。","","有一个人走向我，就是那位大胡子的怪客，祂先问我：","“你看得见我？”","我答：","“看得见！”","祂说：","“我看见你眼神与人不同，你的眼有光明射出，是阴阳眼吗？”","我说：","“不是，我是天眼。”","祂显然很高兴，因为真的有人可以看见祂，祂很客气，就同我聊了起来。","祂说，那年冬天下大雪，祂的车子下滑，刹车失灵，车子滑落湖底。","祂成了水鬼。","祂问我：","","“水鬼怕不怕？”","我答：","“我是修行人，不怕。”","祂哈哈大笑！","祂继续说，祂死后，才知，闪米密西湖原来有不少水鬼，水鬼们见祂体格粗壮，推祂为鬼王，祂不久统领了闪米密西湖的众水鬼。","","有一年，同样下大雪，又有一部车，掉落湖中，众鬼庆幸有新鬼报到了。","鬼王突然大发悲心。","命令群鬼托住下沉的车子，且打开车门，让里面的人逃了出来，且扶着他，游泳上岸，那个人奇迹似的生还了。","我说：","“原来祢也有慈悲心！”","祂答：","“鬼也有不害人的。”祂继续说：“我觉得这样做很好，连续救了不少人。后来上天知道了，我由鬼王变成了水神。”","我恭喜祂。","祂说，祂也有光，能飞行，虽是水神，也能行走在人间。","我问：","“祢还想当人吗？”","祂答：","“人啊！救人的少，害人的多，不想当人。”","我听了，不无感慨啊！","","","","我","",""
"005 鬼在妳的肩膀上","https://reader.tbboyeh.org/fullscreen_player.php#/?ebook_id=426&chapter_id=c005","一位“罗珊安”小姐问我：","“我父亲生前非常疼我，临死前在我的耳旁告诉我，死后，我一定会回来看妳，但，为什么到现在为止，我都没有感觉到？”","我答：","“你父亲确实回来看过妳了！”","“没有啊？”","我说：","“祂就停在妳的肩膀上，怎会没有？”","“啊！”罗珊安小姐惊叫。","罗小姐说：","“在告别式的时候，有一件很奇怪的事情发生，突然，有一只鸟飞了进来，仪式进行到一半，无缘无故飞进一只鸟，吱吱的叫。最后，停在我的肩膀之上，停留很久，依依不舍，用鸟嘴啄着我的衣领，非常的亲热，难道这就是我的父亲，回来看我？”","我说：","“不错！”","","我告诉罗小姐：","“那只鸟就是妳父亲的化身。祂已实践了祂的诺言，回来看妳了！”","我父亲怎会变成鸟？”","我告诉罗小姐：","“灵魂本身无形体，但，唯有依附在有形体的动物上，才能再回来，让大家看见，而且见证到，祂确实回来过。”","我告诉罗小姐：","“有一回，我超度一位亲友，我说，今晚的超度很特别，我接到的信息是，凡逝去的亲友，将全部约在今晚，全部回来。”","“有何特征？”","“时到即知！”我很神秘。","到了晚上超度，从门外飞进一大批的“水蚁”，“水蚁”会飞，长着一对大翅膀，一群拥入，叹为观止。","我说：","“不要打死水蚁！”","我说：","“祂们全是灵魂的附身。”","","其中有一只水蚁，飞到我的唱诵经典之上不走，原来正是新死的亲友。","","我说：","“祢会懂得我的话，如果祢是亲友，飞去白蜡烛之上，绕三圈。”","那只水蚁果然很听话，真的飞到白蜡烛之上飞三圈。","参加超度者，莫不惊叹万分。","我告诉罗小姐：","藏密白教祖师玛尔巴大师，因为礼拜的次序颠倒，所以必死一子。","当其子骑马跌下死时。玛尔巴用法术“夺舍法”，将其子附身在一只大鸟身上，勅令大鸟飞到印度，去寻找一对尊贵的夫妇。","再投胎转世。","（这在西藏密宗，流传甚广。）","我说：","人死为鬼。","鬼会回来。","回来在祭台之上。","在祭台上的鬼附动物，勿轻易杀之，因为很可能是亡者的附身。","罗小姐的父亲死后，依附一只小鸟身上，飞入灵堂，就站立在罗小姐的肩膀上，这就是灵魂的事实，信乎？","","","","","","","有","",""
"006 自杀鬼的诊所","https://reader.tbboyeh.org/fullscreen_player.php#/?ebook_id=426&chapter_id=c006","从来不讳言，我的弟弟“卢昭蓉”是自杀死的。","他从小被溺爱。","被父母呵护的小孩，长大后，往往成了“草莓族”，身心均非常脆弱。","初中时，被一位学妹引诱，吸食“强力胶”，在幻觉中过日子。","那位学妹自杀了，他仍未醒悟。","高工毕业后，到玻璃厂工作，仍然吸食“强力胶”，女友阻止不听，而后分手。","我那位最小的弟弟，唯一的弟弟，因受刺激竟然吃下“氰酸钾”自尽。","“喉咙”烧破了，一下子魂归离恨天。","我那时，已在美国。","我家小弟，成了自杀鬼，祂随母亲来到美国寒舍，一夜，现身三次。","1、 给家母看，那时家母还在。","2、 给莲香看，伸手要钱。","3、 给我看，要我医治他的“喉咙”。","","我用了这“妙色身如来”的密法，以“气”的辅助，去帮小弟的忙，祂的喉咙发音，竟然能够痊愈，这实在很微妙。","事情传出之后，轰动“鬼界”。","很多自杀鬼就纷纷来我处求治，我的家，竟然成了自杀鬼的诊所。","服毒的，求治内脏。","跳楼的，治残肢。","上吊的，治喉。","烧炭的，治脑。","跳水的，治肺。","……。","","有一天，一位非常丑陋的女鬼现形，原来祂是自焚的，皮肤全完了！","我说：","“祢找皮肤科去！”","","祂答：","“皮肤科无效，非找卢师尊不可。”","我问：","“何以故？”","祂答：","“先生有『妙色身如来法』，依此法定可治我全身焚烧的皮肤。”","","于是：","我呵气在女鬼身上，呵一口，出现“妙色皮肤”，呵两口，出现两块。","呵乳头时，祂面有难色。","呵密处时，祂亦有难色。","三点全呵。","等全呵气了，吓！这位丑女鬼竟然如天仙美女一般。","足可颠倒我这位修行人呢！","那位美如天仙的女鬼，最后，竟然发愿当我的侍者，有了这位天仙的女鬼，人间的一些美女，倒成了糟糠了。","还好，我有修“白骨观”。","否则，说不定娶女鬼为妻呢！","坦白说，我喜欢鬼，更胜于人。有很多很多的鬼弟子，祂们也是“追佛族”，祂们在无形世界帮我，有时候，更胜有形世界。","鬼界，我可以通。","祂们都知道有一位卢师尊。","在这里，我仍然奉劝世间人，不要自杀，自杀后的业障更重，自杀的残障，就算转世，仍然带着残缺的记号。","我说，业力不可思议啊！","","我","",""
"007 赌场鬼多多","https://reader.tbboyeh.org/fullscreen_player.php#/?ebook_id=426&chapter_id=c007","麻将的人，大半都会经历到一些怪事，怪事之后，都会叫：“这牌有鬼！”","其实打麻将要四个人，三缺一是不成局的，大家都以为四个人打牌。","而我看，是八个人，其中四位是鬼，或者，更多的鬼在一旁观战。","又有一种经历，让你永难忘怀。","初学麻将的人，明明不会玩，乱打。怪的事是，凡是初学的都会赢。","赢得老手刮刮乱叫。","初学为何会赢。","无他，如有“鬼”助，拉你下赌海，迷上了赌，大家有得玩呢！","我看世人，世人皆有赌性。","看诸鬼，鬼更喜欢赌。","","有一回。","我到东南亚的赌场参观，一进赌场，群鬼大叫：","“鬼王来了，大家闪一闪。”","果然群鬼奔散。","我捉一鬼问：“何以叫我鬼王？”","鬼答：“你右手大拇指背，藏有笑面鬼王，祂一现身，我们不敌，你就会赢！”","我说：“我不是来赌博的。”","这时群鬼才又纷纷回笼。","我问：“祢们何以群聚赌场？”","祂们答：“我们是贡头师作法，要我们的庄家赢，大部份的赌场多有鬼法，令赌客输光光。我们会把牌，搬弄来搬弄去，就是要客人输，庄家赢。”","我听了大笑。","我又有一回，在“拉斯维加斯”的赌场看“秀”。","临时四位大妈赌一把。","","我在后持咒：","“普巴金刚”咒：","","“嗡。别炸。吉利吉拉雅。洒尔瓦。比嘎念。班。吽呸。”","又有“雄天尊者”。","此二位是大力鬼王。","吓得众赌鬼四下逃窜。","陈传芳、魏思颜、蒋冠蓉、孙爱珍，四人每赌必赢，庄家连换四位发牌手。","赌场经理赶至。","安全人员赶至。","每回发牌，奇迹连连，每次都是把庄家打得惨兮兮。","全赌场轰动。","迫得对方无计可施。","（其实不是我们的牌运好，全是二位大力鬼王在“乔”，众赌鬼不支倒地，我们没有一场输，令庄家苦笑连连无计可施，连连换发牌手，也是输）","","有我鬼王的老祖宗在。","众小鬼听令。","老子非赢不可。","我说：东南亚的赌场，大半请高人养鬼，五鬼搬运术，赌客皆输。","连西方的赌场，也有人养鬼。","所以，没有功力的，千万不要上赌场，纸醉金迷，一场豪赌下来，会输光光的，大家千万千万要小心了！最好不要赌。","","","","","","打","",""
"008 大医院的眷属鬼","https://reader.tbboyeh.org/fullscreen_player.php#/?ebook_id=426&chapter_id=c008","一次去大医院，我看见的鬼，那真是像菜市场一样，鬼来鬼往，络绎不绝于途。","医院的鬼，形形色色，老鬼、壮鬼、年轻的鬼、儿童鬼、男鬼、女鬼，另外还有“异形”。","每回，看见病房外或病榻前，站立了无数的鬼，我就知道，那病患时间已到矣！","我指着病房或病榻说：","“阿弥陀佛！病人快走了！”","被我指的，真的在“二小时”之内，便去世了。","人问：","“何以故？”","我答：","“所有眷属鬼闻风而至，鬼知时至，来接亲人走也。”（实在有够准！）","人问：","“不是冥吏来接走吗？”","我答：","“一般人是眷属鬼来接。至于冥吏来接，是业障重的，被带到地狱去了！”","有一次，是我的眷属要走了，病患看见死去的老公要来接她，看见自己过逝的儿子也来了，看见一批已逝的亲友全到齐。","","我说：","“不好！这是当鬼去了！”","我取自己的念珠，交眷属挂。","眷属一挂，所有的鬼物一概不见了。","只见晴空之中，西方三圣现身，把眷属带上了西天。","这位眷属在临终时，亲口述说，先看见所有的眷属鬼至，拿了我的念珠之后，就说鬼全不见了，现在接引，要去西方了。","又有一次，看见一名冥吏，拿了手枷，要来锁人。那冥吏东走走，西走走，走进一间手术房。我想，那病患完了，手术一半，就要被锁走了。","但是，锁的竟然不是病患。","被锁走的是手术医师。","只听手术间一阵大乱。","抬出来的不是病患，而是一名白袍的医师。据说医师手术一半，自己身体不支，晕绝在地，猝死了。又说医师是过劳而死的。","","而那冥吏的进出手术间，我看得一清二楚。","","我又看见一名护士鬼，那鬼戴白色的护士帽，又穿白色的护士服。","奇的是，祂在医院走来走去，进出所有的病房，巡视所有的病人，量血压、量体温、帮病人盖棉被等等。","我注意到护士鬼的名牌，是“温翠花”。","我问：","“医院有一位温翠花的护士吗？”","医护人员答：","“有。”又说：“她在前一星期过世了，她得了胰脏癌，得了癌症，却又工作不懈，直至去世，她的精神令人敬佩。”","医护人员说：","“全医院大大小小都敬佩这位护士，她太有责任心了，往往工作任劳任怨。”","我说：","“我看见祂，仍在医院工作！”","医护人员说：","“你骗鬼！”","我哑口不能言，因为温翠花护士，正对着我笑！","","","","","","","","每","",""
"009 “章鱼哥”的背后鬼物","https://reader.tbboyeh.org/fullscreen_player.php#/?ebook_id=426&chapter_id=c009","得电视台的报导吗？","那一年的世界足球赛，有一只水族馆的“大章鱼”，牠能预测，哪一国的球队会赢。","两国比赛，在水中设立两个四方盒子，上书比赛的两国名字。","当大章鱼坐在那一个盒子之上，那个国家就赢。","一次赢，或许是巧合中的。","二次赢，或许是机遇率。","三次赢，或许是运气好。","四次赢，就让人惊叹了。","五次赢，就令人不可思议了。","……。","","章鱼哥神算，有够“准”。","那些输的国家，把章鱼哥恨得牙痒痒的。","“吃章鱼的生鱼片！”","“生炒章鱼！”","“煮章鱼肉羹！”","“切片，沾酱吃！”","输的国家都要把章鱼哥吃掉，我看了哈哈大笑。因为我看电视报导时，我的“天眼”，早已看出章鱼哥的后面有一大鬼物。","那鬼绿眼。","眼球咕噜咕噜的转。","脑神经发达，有预知的大能力。","章鱼哥的背面鬼物操控，神算才会那么准，非关章鱼哥的事啊！","我卢师尊早就知道了，也看见了，这世界上的文明进步、科学的进步、医学的进步、创作作品、发明家的发明，背后都有“鬼”。","","你应该相信：","有鬼。","有神。","“真的吗？”","有一个人买了一部新车。","开车的时候，方向盘自己会颤抖，而且抖得很厉害，他跑去跟卖车的公司理论。","卖车人说：","“同样品牌的车，同一款，都没有发生这种事，唯独你的车发生。”","卖车人试开。","不抖。","车主人开。","抖。","咄咄怪事！","卖车人说：","“我们会把你的车子，完全修理到方向盘不抖为止，这是我的责任。”","修理车子，要找原因，原因找不出来，怎么办才好，技师自己开车，不抖。","交车了。","车主人一开，又抖了！","卖车的人，修理技师全傻了眼。","","最后，他们请我至，我念：","“嗡。别炸。吉利吉拉耶。洒尔瓦。比嘎念。班。吽呸。”","向车洒净。","我看见一鬼从方向盘逸了出来，飞向东南方而去，不见了！","我说：","“方向盘不抖了！”","车主说：","记","“真的。”","我说："
"010 球场上出现的鬼影","https://reader.tbboyeh.org/fullscreen_player.php#/?ebook_id=426&chapter_id=c010","高高兴兴的去看一场球赛，到了球赛场地，人潮如水，这场球赛果然是吸引万万人，把座位全塞爆了，站着的人也很多。","两队人马各有“粉丝”，啦啦队各展身手，气氛非常热络。","旗旌。","帽子。","哨子。","纷纷出笼。","我观察一阵子之后，便静悄悄的先行离场，不敢久留。","为什么？","因为我看见很多很多的“鬼”也来观看球赛，我当然知道，这么多的鬼，一定有事，所谓“无事不登三宝殿”也。很多鬼很多鬼全部现身，象征大事要发生了。","我走了！","不看球赛了，因为我是“是非之地”不久留的人，“是非之地”不去的人。","","后来──","我在电视上看到，球赛进行到一半，裁判不公的问题，引起了球员彼此之争执，接着双方大打出手，“粉丝”们为自己的球队加油，纷纷下场助阵，演出了两队人马，棍棒齐飞的场面。场面失控，有很多人挂了彩，有人受伤，甚至骨折，有人被踩死，简直是乱七八糟。","人们在一时之间，失去理智。","情绪沸腾。","怎么会这样冲动？","我的答案是：","“鬼太多了，自然人人会失控。”","又有一回：","那也是一场明星赛，观众一样如潮涌入，坐满了整个看台。","这一回，应该是平安的球赛了，因为没有那么多的“鬼物”来参加。","我觉得很庆幸。","我只看见一位“障碍鬼”来。","这“障碍鬼”是认识我的。","","祂问：","","“卢师尊你看球赛！”","我答：","“我是球迷。”","祂问：","“你来看球赛不是别有目的吧！”","我答：","“有什么目的？我是纯粹看球。”","祂问：","“你不会用法力干涉我？”","我答：","“我们彼此不亏欠，我怎会干涉你？”","障碍鬼说：","“那我放心了！”","","在球场，我看见“障碍鬼”，突然东边冒出，西边冒出，南方冒出，北方现身。“障碍鬼”跑来跑去，不知干什么？","这时，有一名国手，跑垒，我看见“障碍鬼”用身子去挡。这名国手，说时迟，那时快，他被挡之后，身子一倾，身子压住了滑垒的脚，脚“卡嚓”一声，骨折了，筋扭了，马上躺地不起，被抬了出去，据说他有一年不能比赛了。","障碍鬼非常高兴。","我问：“何必如此？”","障碍鬼答：“他（国手）欠我的。”","","","","","我","",""
"011 莲致上师说“殭尸鬼”","https://reader.tbboyeh.org/fullscreen_player.php#/?ebook_id=426&chapter_id=c011","是一次的饭局。","莲致上师提到“殭尸鬼”的真实故事：","有一位同门，是大家族。","首先是家族中有一人死亡，办好了丧事之后，才隔一个月，又有一个人死亡。","他们认为巧合罢了，又办好了丧事之后，才二十天，第三人死亡。","咄咄怪事的是，这第三位是年轻人，不应该死而死，家族出现了骚动。","他们去请法师洒净作法，以为就无事了，没有想到的是，第四位又死了。","家族人人惶恐，半年不到，连死四位。","","更怪的是：","第五位又死了！","又请高明贡头师做“替身法”，以为有了“替身”便高枕无忧了。","第六位又死了！","老天！一年不到，死亡了六位，请风水师来看“阳宅”、“阴宅”，风水师略略看了，改了风水。","第七位又死了！","快要发疯发狂了，人人内心不安，看看要轮到自己了。","又请高僧拜“梁皇宝忏”、“大悲忏”、“水忏”、“法华忏”、“瑜伽焰口”、“施食”……。","第八位又死了！","救救命啊！救救命啊！只要闻名的法师、贡头师、风水师、阴阳家、道士、命理师、大师、上人、活佛、驱魔师……。","","连医师、科学家，全莫名其妙，不知其所以然，好好的人，说死就死。","第九位又死了。","天啊！天啊！怎办？怎办？","这时，那一位皈依卢师尊的同门，才想到远在美国西雅图的卢师尊。","一年多，死了九个。","吓人不吓人！几乎天天在办丧事。","我一占算。","","“天官”“地煞”斩钉截铁的说：“曾祖父、祖母葬在殭尸地，已成殭尸鬼，每夜飞出，吸活人的气，气尽则死，再继续下去，会死更多人。”","我告诉莲致上师，速去帮忙。","择“除日”午后，开棺。","找“烂泥巴”土，撒殭尸鬼身上。","如此救之。","","莲致上师奉我旨意，和大胆的族人上山，开棺一看，果真把大家吓死！","曾祖父、祖母、身穿寿衣、寿帽、寿鞋，活生生的躺着。","发增长。（可怖）","指甲增长。（可怖）","面貌如生，犬齿外露，根本就是“殭尸鬼”。","众人一看，连滚带爬，跑了好几个。","剩下几个，依我律令，把“烂泥巴”往棺木里扔，然后封棺。","隔了一星期，大家再开棺，奇哉！奇哉！尸体已开始腐化了，原先衣服光鲜，已被虫咬破了，真的成了死人。","从那一日起－－","大家族便正常了，不再有连续死亡的事情发生。","我问：","“当初为何不找我？”","他答：","“卢师尊住美国西雅图很远，又那么忙。实在无人可找，才想起的。”","","","","那","",""
"012 摩托车后座载的是？","https://reader.tbboyeh.org/fullscreen_player.php#/?ebook_id=426&chapter_id=c012","一年，我回台湾台中。","在台中的街上，看见一位同门弟子，骑摩托车，从我面前急驶而过。","我看见他，他没注意到我。我看见他的后座，坐着一位长发、窄裙、裸露玉腿的辣妹，双手环抱同门弟子。","我心中想：","“好啊！明天调侃他一番。”","（他是结婚，有妻室，竟然载辣妹到处跑。）","","第二天。","我问：","“昨天，约下午二时，你骑车经过五权路是吗？”","他答：","“师尊，你看见了？”他落落大方。","我说：","“是的，你后座载的人是谁？她跟你是什么关系？”","他很惊骇。","我以为抓到“犯人”了。","他说：","“我后座没有载人！”","我问：","“长发、短窄裙、露玉腿，我看得很清楚，她双手抱紧你的腰，你还故意装着没看见我。”","他大骇：","“师尊，我确实没有载人，师尊会不会看错了，不能给弟子栽赃啊！”","“你不能骗师尊。”","“我不敢骗。”","","我这回，倒是很紧张，这位弟子不会骗人的，他说没有载人，就是没有载。但，我看见的是什么？难道是“讨命鬼”？","我用“屈指神算”，竟然是“讨命鬼”坐在后座，我用天眼看见的。","我答：","我要救弟子，我说：","用红布，书写自己生辰八字、姓名、住址；再剪指甲、毛发，包起来，绑上红线。","择除日，午后。","挂在观世音菩萨的胸前。","祈祷保佑。","（如此，就不会有事。）","如此经过了一年，相安无事。","","后来：","他在农历大年一月二十四日，骑摩托车，没有车祸，无缘无故从摩托车上，跌下来，紧急送医，却死了。","医师诊断，是脑溢血（中风），猝死。","我听到他死了。","不敢相信，他尚年轻。","虽有“讨命鬼”，但，我已做了法，有观世音菩萨护佑，怎可能会死？","我到他家去。","在他家的“坛城”，我看主尊观世音菩萨的胸前，并没有挂红布袋。","我问他的妻子：","“红布袋呢？”","其妻答：","“是有红布袋，但过年清洗，看红布袋沾了灰尘，拿起来，顺手就扔了！”","“天啊！”我叫。","其妻问：","“他的死，跟红布袋有关？”","那","我一五一十，告诉其妻的前因后果，如今，被“讨命鬼”捉走了，我必须用法力追回，再将他送到摩诃双莲池净土了！","“没错！”"
"013 卢佛奇见？","https://reader.tbboyeh.org/fullscreen_player.php#/?ebook_id=426&chapter_id=c013","的媳妇卢姗姗的父亲往生了，我的儿子卢佛奇与卢姗姗从印尼，带回他的一些骨灰，骨灰放在坛城的下方，当成纪念。","想不到的是，岳父大人的灵魂，跟着回来，就住在卢佛奇美国西雅图的家。","卢姗姗有感应。","卢佛奇有感应。","例如：","卢姗姗感应到，父亲就睡在两个人的中间，佛奇与姗姗的中间。","两人经常会在半夜中，蓦然醒来，同时意识到，卧房中有第三者存在。","有一次，半夜。","卢佛奇突然醒来，看了看睡在旁边的卢姗姗，这一看，吓了一大跳。","因为卢姗姗的脸，竟然变成岳父大人的脸。","一声惊叫","……。","","又有一次。","卢佛奇半夜惊醒，看见岳父大人飘浮在虚空之中，逐渐的迫近自己，卢佛奇大惊，口中不由自主的念：","“嗡。古鲁。莲生。悉地吽。”","同时双手推出。","双手出现白光一道，射了出去，把岳父大人迫退，一刹那，就消杳了，","还有：","……。","","这种“灵异现象”的出现频率相当的多，这是卢姗姗的父亲，卢佛奇的岳父，是自己的亲眷属，但，出现的频率太多，也影响了他们的日常生活。","小俩口告诉了我。","我来到他们的家中；我先做洒净，我的净水洒到哪里，祂就很快的逃开，我整个房子全洒净了。","祂被逼在门外。","祂说：","“卢师尊（亲家），我不能住在外边，被日游神、夜游神撞见，会被带走。”","","我说：","“灵魂的归灵魂，尘土的归尘土，祢去寻找自己的去处吧！”","祂说：","“我想眷顾卢姗姗女儿。”","我说：","“祢想守护女儿，我不见怪，但，太显应了，反而影响两位的日常生活，不如我把祢超度到佛国净土去吧！”","祂说：","“我不熟，很怕，不想去。”","（祂生前是天主教徒，但，并不虔诚，天堂去不成，地狱也下不去。）","","我问：","“那祢想去哪里？”","祂答：","“留在姗姗身旁！”","我说：","“我把七巧玲珑塔变成祢的房子，祢就住进去吧！记得，无形就无形，不得再现身，阴阳有别，人鬼有异，祢食气，人食有形；他们供养祢，祢保佑他们，祢也不得影响我的两位孙子、女，卢弘及卢君，如此可好？”","祂答：","“好！”","从此，岳父大人的鬼魂不再现身了！","","","","","我","",""
"014 海滩上的大法会","https://reader.tbboyeh.org/fullscreen_player.php#/?ebook_id=426&chapter_id=c014","○一一年十一月十三日，下午一时半，在宜兰头城镇乌石港的海滩，我主持了“放生大法会”。","这个法会是由：","莲悦上师。","莲妙上师。","莲嶝上师。","邹宜兰师姐。","头城镇镇长。（陈秀媛）","主办这场特大型户外“沙滩”上的大法会。这也是我平生第一次面对大海及“龟山岛”在海滩上的大型法会，真的是别开生面。","其特征是：","海滩上建起了高高的“法台”，其音响及灯光，堪称一流。（又有伽罗神鼓、九天神鼓）","海滩龙边，建立一座“时轮金刚”的沙曼荼罗，气势非凡。","","时轮金刚之前，用沙曼荼罗，雕了乙尊“瑶池金母”的塑像，唯妙唯肖。","其他小沙曼荼罗围在四周，共三十三堆，象征帝释天，三十三位天主。","放生鱼苗，以接力方式，直接放入大海之中，这些鱼苗，是以“同类”入于“同类”，也就是乌石港的盛产，放入同等的鱼苗。","其奇迹是：","乌石港，已连续下豪雨半个多月，没有一天不下大雨，只有法会当天雨停。法会结束后，又再下雨不停。","乌石港，天天最大风速八到十级阵风，当我上了法座。","我叫：","“风止”。","阵风就停了。","我（莲生活佛），当真能呼风唤雨也。","叫雨停，雨就停。","叫风止，风就止住。","堪称又一次的大奇迹，雨神、风神，全听我的旨令。","","大家还记得，台湾雷藏寺的“孔雀明王”大法会吗？","","当日在户外，阳光曝晒，我对“孔雀明王”说：","“大太阳啊！你要把我的弟子，晒得脱皮吗？请孔雀明王，伸出祢的双翅膀，遮一遮大太阳吧！”","只一刹那，二片巨大的乌云，像鸟的双翅，遮在法会现场的上空，又吹起了阵阵的凉风，让听法者心旷神怡。（只有雷藏寺的上空，有云）","我说：","“云来。”","云就来了！","还有印尼大干旱，五个月没下雨。","我在“史纳延”的大法会现场。","我呼叫：","“雨来！”","法会完十五分钟后，倾盆大雨，令全印尼均下雨，印尼有千岛，千岛全下雨，解除干旱。","（此次，东协杂志，有报导）","","我实实在在的告诉大家：","我的祖先姜子牙，由元始天尊赐“杏黄旗”，可号召天下众神相助。","“杏黄旗”一摇，天地间的神祇全部听令。","我没有“杏黄旗”。","但我有：","“佛祖律令”。（佛王）","“地藏律令”。（地王）","“瑶池金母律令”。（仙王）","这三大律令，役使天下鬼神众。","","二","",""
"015 父亲的往生","https://reader.tbboyeh.org/fullscreen_player.php#/?ebook_id=426&chapter_id=c015","○一一年十月、十一月初，我还在美国西雅图时，父亲卢耳顺病危。","本来预定赶回台湾探视。","“瑶池金母”说：","“你按照你的行程弘法，我等会守护他，等你回台湾时，见最后一面，然后再让你父亲往生。”","我礼拜了“瑶池金母”，走出大殿，在天公炉前祈祷。","这一回，是“观世音菩萨”现身，告诉我：","“你放心，我与金母会亲自赴台湾，接引你父亲到佛国净土的。”","我听了，大为放心。","我是在十一月三日清晨七时，回到了台湾，当日即赶赴医院探视。","我用我的密法“光蕴迁识法”。","","开天门。","闭地户。","塞人道。","阻鬼路。","在病榻前，开了家父的天门；此天门直通佛国净土。","不生地狱、饿鬼、畜生。","不生人道。","不生鬼道。","（这样我就一切放心了。）","我十一月三日回到台湾，父亲十一月六日，才三天，就往生佛国去了。","","火化时：","烧出金刚舍利一颗，四粒中舍利子，诸多小舍利。","无数无数的舍利花。","（注：接引父亲往生佛国的，是家母卢玉女，她已修成观世音菩萨也。）","父亲卢耳顺在世时，生性铁齿，不相信一切，我度化他相当困难。","乐智上师。","直到他年老体衰时，才渐渐的生起了学佛的心。","我每次回台湾或在二○一○年时，长住台湾一年，父亲在我任何一场法会。","一定参加。","成了追佛族。","接受每一尊的灌顶。","口中常诵“南无观世音菩萨圣号”。","佛种播下去了。","只等待成长茁壮。","","莲等法师采访他，问：","“你是莲生活佛卢胜彦的父亲，为什么父亲向儿子顶礼呢？”","我的父亲回答：","“我不是向我的儿子顶礼，而是向我的儿子的如来的智慧顶礼，也即是向如来真如顶礼，这样你能明白吗？”","父亲往生后，回来看我一次，他摸我的脚，把我叫醒。","父亲神光焕发，面带笑容，在虚空之中。","","我感谢照顾过他的每一个人：","小章。","王资主。","许鸿春夫妇。","李佳霖医师。","谢医师。","莲杏法师。","二","师母亲眷。","四位妹妹妹夫。"
"016 我与“城隍”是知交","https://reader.tbboyeh.org/fullscreen_player.php#/?ebook_id=426&chapter_id=c016","是在嘉义“后湖”牛稠溪畔出生的。一九四五年，美军飞机轰炸嘉义，父母避居牛稠溪的养鸡园，于是我在鸡舍出生。","巧的是：","“耶稣”在马舍出生。","“卢胜彦”在鸡舍出生。","我是早产儿，所以难养，曾过继给嘉义“城隍爷”当义子。","这是一出生，就与“城隍爷”神明，结了善缘。","善哉！","善哉！","后来，我知道，城隍爷分很多等级：","都城隍。","府城隍。","县城隍。","邑城隍。","（台南尚有一位小城隍。）","","我开了天眼之后，与台中忠孝路的“城隍爷”成了莫逆之交。","记得我在台中民生路“佛教莲社”，几位莲友“苑居士”、“蒋居士”、“温居士”等，知我通灵，他们问我事情。","我静下心来。","却见空中下来一人，穿红袍，头顶上是乌纱帽，相貌正直庄严，是不折不扣的台中城隍。","居士们一一问事。","我问城隍。","城隍一一回答。","居士们竖起大拇指，大叫：","“神算有够准！”","那时，我在台中帮人问事，一有难题，便写了一张纸条，上书：","“请城隍爷帮忙！”","问事的人，持纸条，去到城隍庙，“纸条”连“金纸”烧了。","","事情便“迎刃而解”。","你说奇不奇。","","我教授“求子法”，也是向台中城隍去求的，当年，台中城隍求子成功的，不知道有多少？","当年，“城隍的帽子”可以治愈很多疑难杂症，取下城隍的帽子，往病患的头上，戴三下，病患居然很离奇的痊愈了。","你说奇不奇。","那时候，我尚在军中。","魏青萍副连长的事情，大家耳熟能详，我在这里重复一下。","魏青萍与我，共赴澎湖“拱北山”测量。","魏持“铜钱”对我说：","“卢测量官，我手中握一把铜钱，你自说能神算，若测中，我就信你。若测不中，请你从今而后，不要在军中连上，谈什么佛法！","","我被一激。","只有静下心来。","这时，来的是澎湖城隍，城隍告诉我是：","“十四枚。”","我答：","“十四枚。”","魏青萍副连长，张开手，数一下铜钱，数到第十三枚，手上剩下一枚，正好是十四枚。","魏青萍说：“我信了！”","魏青萍从此，念佛不辍，直到今天。他曾为我二次作证；一次在“桃园体育馆”，另一次在“台湾雷藏寺”。","我实实在在告诉大家，我与神明为友，是千真万确的事实。","","我","",""
"017 三十六尊小地藏菩萨","https://reader.tbboyeh.org/fullscreen_player.php#/?ebook_id=426&chapter_id=c017","与“地藏菩萨”因缘深厚，在我的著作之中，经常出现；祂是我的大哥，我称“地藏大哥”。","有时似密友，无所不谈，如胶如漆，二者不分彼此。","有时又如父子。","祂是我的三本尊之一，“大愿地藏菩萨”。","“地藏菩萨”对我非常的好，好的不得了，而且，我赴地藏菩萨的净土“翠微净土”，似乎只有我一人才能进去。","再说，地藏菩萨，将祂手下的十大鬼王之一的“笑面鬼王”令随我身，守护我在人间度众；一些凶神恶煞，一见笑面鬼王现身，便逃遁他去。“笑面鬼王”在我的右手大拇指藏身，我的大拇指的指纹有“笑面鬼王”之相。","","有一天晚上。","突然出现了三十六尊小地藏菩萨，三十六尊，尊尊同一面貌，持锡杖，五佛冠，另一手持宝珠，坐“地听兽”。","祂们告诉我：","“卢师尊，你一定要放我等出来，一定，一定。”","我听了大骇。","“怎么回事？”","三十六尊地藏同声：","“明日自知，务必放出。”","第二天，我被一家佛寺邀请，去看寺院地理，此佛寺规模不小，也算金碧辉煌。","寺主说：","“此寺原本很小，后来因为非常灵感，地方人士募集，建立了大寺院。后来由我当住持，但，没想到，建成大寺院之后，反而，香火稀疏，香客不来，庭前冷寂。”","我到每一殿参礼。","到了地藏殿塔，见乙尊高大塑金的地藏菩萨矗立。","","我问：","“寺庙矗立，何以不兴？”","地藏菩萨答：","“正等卢师尊来，才会兴！”","我问：","“何以故？”","","地藏菩萨答：","“当年庙小，大兴；今日庙大，衰退。只因人们不懂兴衰之理，不知饮水思源，原有的三十六尊小地藏，被抛弃在储藏室之中，无人供奉，故而不兴。”","我问：","“三十六尊小地藏，这么重要？”","祂答：","“庙小灵感，全是小地藏灵感之力；建成大寺，三十六尊小地藏，全被抛弃在储藏室，寺院怎么不没落？”","","我问：","“现在的佛菩萨岂不是更大更庄严？”","祂答：","“菩萨不在大小，有力则灵。”","我问寺主：","“你们把开基的三十六尊小地藏，关起来，是吗？”","寺主答：","“我不知道，前任寺主，见到已有大菩萨，便把小菩萨不知存放何处？”","我说：","“储藏室。”","寺主带我去储藏室，一打开，一股霉气冲鼻，蛛丝尘土布满，杂物堆集，在杂物中，发现小地藏，一数，正是三十六尊。","寺主大骇，说：","“卢师尊，果然厉害！”","","","","我","",""
"018 北极玄天上帝荡魔天尊","https://reader.tbboyeh.org/fullscreen_player.php#/?ebook_id=426&chapter_id=c018","美国西雅图雷藏寺的某一日。","一位加州来的小女孩，似乎被“占舍”，所谓“占舍”就是“异灵”入侵。","大家如果看过“大法师”的电影，就可以明白这是怎么回事。","清清秀秀的女孩子，突然变脸，脸色判若二人。","脸扭曲狰狞。","目露凶光。","张口吐舌。","白森森的牙欲咬人。","众人一见，大怖畏，纷纷闪避。","此时，只见卢师尊不慌不忙，手结“五雷印”，呵口气，将“雷印”抛出。","但见“轰”的一声，原本小女孩张牙舞爪的奔向我，却突然倒地，口吐白沫，过后就醒了过来，变回清清秀秀的小女孩。","众人鼓掌。","","然而，“异灵”不久，又再度的“占舍”，又变脸成咬人的鬼物，扑向我来。","这第二回，我不客气了，“笑面鬼王”现身，我双手结“飞轮印”，在小女孩头上盘旋，小女孩连叫：","“不敢了！不敢了！”","“碰！”她又倒地。","鬼物异灵真的跑了。","这一回，小女孩才恢复成正常人，而且异灵不再附身“占舍”了。","带小女孩来的母亲，连连问我：","“怎么办？怎么办？她回到加州，异灵又会附身，我们怎么办？”","我沉思了一下。","听到一个声音：","“卢师尊！此事由我来办，一切自然解决。”","","我抬头望向坛城－－","坛城上，乙尊头戴“将军冠”，身穿“甲冑”，右手持“宝剑”，脚踩“龟”及“蛇”。这尊神像，全身放毫光，正是祂开口说话。","","祂就是：","“北极玄天上帝荡魔天尊。”","我一看，连声说：","“善哉！善哉！小女孩有救了！”","我画了“尚掩”符。","又加持了小女孩。","据说回加州之后，小女孩“占舍”越来越少，最后完全正常了。","","他们有一天，又回到“西雅图雷藏寺”，特别回来感谢佛菩萨诸尊。","小女孩指着北极玄天上帝荡魔天尊说：","“是这一尊救了我。”","我心中暗道：","“真准！”","因为“北极玄天上帝荡魔天尊”要去守护小女孩，我并未告诉她的母亲及任何人。","而后：","小女孩自己指出来，救她的神明，正是：","“北极玄天上帝荡魔天尊”。","这正是“相应”。","（当初，小女孩被占舍，曾寻遍加州的寺、庙、宫、堂，也寻遍所有的名医，所有的通灵者全找遍了，始终无法救治。大法师、活佛、上师、道长、乩童……，均曰：“不可治”。后来他们听闻我在西雅图，要来找我，大法师说：“找卢胜彦也是没有用的，我的法力比卢胜彦大。”后来，结果如何，众所周知矣！）","我卢师尊其实也不敢自夸自己法力有多大，我只是顺其自然度化众生而已，我只是“律令在此，百神相助”。","","","","在","",""
"019 开口就灵验","https://reader.tbboyeh.org/fullscreen_player.php#/?ebook_id=426&chapter_id=c019","一位香港的企业家，郑师兄，自行研究发明密教的诸多法器，这些法器非常精美。","有：","亮丽念珠。","精致的护身牌。","十字金刚杵。","甘露宝瓶。","烟供炉。","等等等等……。","","其制作精美不说，每件作品均有尊贵的图腾，像伞盖、像八吉祥、像庆云，庄严而具有尊贵之气。郑师兄的研发密教法器，采取组合式，一件一件的可以拆开，重新组合，如同“变形金刚”一般，我们看了啧啧称奇。","郑师兄的法器，是免费赠品，他帮助“卢胜彦布施基金会”甚多，只要你布施“基金会”多少钱，就可获得郑师兄的法器赠品。这些珍贵的赠品，价值不菲。这些法器，与郑师兄的企业毫无关联，他纯粹为“真佛宗”出钱出力，全部是免费的赠送，所以他自称“笨笨”。","我曾笑他：","“你这样做，公司岂不是要倒闭？”","他答：","“不务正业。”","说也奇怪的是，我的一句玩笑话，“公司岂不是要倒闭”一出口。","郑师兄的公司，居然完全没有订单，连一张订单也没有。没有订单，公司的生产线生产什么东东？","","郑师兄急了，他找上我：","“卢师尊一句，『公司岂不是要倒闭』，我现在一张订单也无，真要如你所言了。师尊帮帮忙，在法座上，开开金口，就说郑师兄的企业公司，来订单吧！我求求你。”","我问：","“真的这样吗？”","他答：","“卢师尊是佛，佛无虚言。”","那一天，我在台湾雷藏寺说法，我在法座上说：","“让郑师兄的公司，来订单吧！让他生意兴隆吧！”","说也奇怪，他一回香港，马上接获一个大订单，目前生意有起色，愈来愈旺了，真是可喜可贺也。一开口就灵验？真是怪事。","","我说：","“倒闭！”","对方就订单全无。","我说：","“兴旺！”","对方订单就到。","这可怪了，我的口有这么灵吗？","","又：","我在宜兰头城镇乌石港海滩做法会，前三星期，天天下大雨，我做法会，只有那一天雨停。","我在法座上又说：","“法会一完，你就继续下大雨吧！”","这句话不说还好，我这一开口，当晚就开始下大雨了。","这一下，花莲台东宜兰大雨不止，很多农作物全泡汤了，又有落石，又有土石流，又有淹大水，道路封闭的封闭，溪水暴涨，水淹车顶，居家房子又入水了。","我想，我不能乱开玩笑了，因为，好像一开口就灵验。","佛无虚言也！","","","","","","","","有","",""
"020 水天神的口","https://reader.tbboyeh.org/fullscreen_player.php#/?ebook_id=426&chapter_id=c020","○一一年十一月间，东南亚的“泰国”，遭受大洪水，其损失实在无法估计。","据说大洪水的原因有三：","一、天候异常。","二、地理因素。","三、人为疏忽。","天候异常是下豪大雨。地理因素是河流入太平洋的口，平时可流畅，异常时期，则漫淹过堤防。人为疏忽则是整个泰国的水利设施不良，排水防洪的工程均不够，无法应对。","水淹泰国，连首都“曼谷”也无法避免，说时迟，来时快，“曼谷”已被水淹了百分之三十，恐怕连百分之七十都快要被淹了。","真佛宗在泰国有“密行堂”，地点在曼谷。","有一弟子祈祷“莲花童子”。","","当夜。","卢师尊出现在弟子的梦中，对弟子说：","“你随我来！”","卢师尊带弟子到了某地。说：","“你看看！”","该地便现出一个大裂口。","所有的洪水，成了一个大漩涡，纷纷被地裂开的大口给吞食。","二○一一年十一月二十日，曼谷的大洪水，突然之间，退了开去。","大洪水退了，莫名其妙的退了！","原本曼谷市要全部淹水的，结果只淹了百分之三十，其他百分之七十，一切如常。","“密行堂”的真佛弟子，都传颂此事，大地裂口，吞食大洪水。","我在泰国，有我的泰文书籍出版，出版我泰文书的弟子，张玉芳师姐，她家没有淹到水。","善哉！善哉！","曼谷淹水，只淹到百分之三十，就洪水退去，怎么回事？","是弟子祷“莲花童子”吗？","","据我所知：","","那是“莲花童子”请来“水天神”。水天梵名“婆罗那”，是密教十二天之一，护世八方天之一，守护在西方天，是龙族之王。","“水天神”是印度教的大神，是一切河川之主，主宰着人类的一切水。","卢师尊奉请“水天神”的口，吞食泰国的大洪水了。","我手结“水天印”：","左手作拳，大拇指不附着于掌内，食指竖立稍微弯曲。","持咒奉请“水天”：","“南摩。三曼多勃驮喃。阿半钵多耶。梭哈。”","又：","“嗡。婆罗那耶。梭哈。”","又：","“嗡。没陀。室利。梭哈。”","","于是，“水天神”张开大口，吞食了所有的大洪水。","到过美国西雅图，表尔威市（Bellevue），我南山雅舍密坛的人，都知道我密坛之内，供奉着“水天神”。","“水天神”在八方天、十二天、二十天中，是最美丽的天神。","住大海之中，站立在海螺之上。","一头二臂。","头上“发草冠”。","相貌之美如天仙，上身裸露。","曲线玲珑有致，半披天衣重裙。","周遭有龙族、水族、鱼族围绕，向“水天神”合掌。","我卢师尊每天修法，一定会呼唤“水天神”的神名，持“水天神”的咒。","因此，“水天神”以口，吞食大洪水，救了泰国的大洪水之灾。","二","",""
"021 二位福神站岗","https://reader.tbboyeh.org/fullscreen_player.php#/?ebook_id=426&chapter_id=c021","经到一家餐厅吃饭，入门时，我吓了一大跳，竟然在门内，站立了二位福德正神（土地公）。","我含笑向二位福德正神打招呼。","“嗨！祢们好！”","这回，换二位福神吃惊，原来在人世间，也有一个人，真能看见祂们。","二位福德正神也是很落落大方的说：","“人客，来坐。”","我在餐厅听到二位福神讲悄悄话：","“那位是谁？”","“卢师尊，你不识？”","“何方神圣？”","“前世莲花童子，今世度众生。”","“莲花童子又是谁？”","“阿弥陀佛的化身。”","","“咔！来头不小。怪不得他可以看见我们。”","“他的神奇事迹很多。”","我听到这里，就不想再听下去了，关掉我的“顺风耳”。","我对同桌的弟子说：","“这家餐厅将来会大旺！”","后来，果然应了我的预言，从一家变二家，再变三家，再变四家，再变五家….，生意好的不得了，财源旺盛，生意兴隆，真的是金钱滚滚而来。","我为何能预言餐厅会旺旺来？","因为：","有二位福德正神站岗的店，怎能不旺呢！","","过了很多年。","我再回到这家餐厅，一进门，我已看不见二位福德正神了；但，却看见几位凶神恶鬼般的“非人”，在餐厅内来去匆匆。","我吸了一口气，","不分日夜赌钱。","发觉全是“煞气”。","我真的很惊讶，怎么回事？二位福德正神不见了，却换了一批凶神恶煞。","我对同桌的弟子说：","“完了！这家餐厅该败了！”","","后来又应验了－－","餐厅的食物出了问题，数百人集体中毒，送进医院，名声一落千丈。","往昔，车水马龙。","今日，冷冷清清。","大餐厅外部整修，鹰架突然倒塌，死伤了不少人。","又有二家餐厅，无缘无故失火，火势相当大，烧死了人，被勒令歇业。","餐厅主人去了赌城，输了一大把！","主人失德。（主人淫人妻女。）","餐厅主人玩股票被套牢。","股东失和。","官司连连。","","总之，倒楣的事，层出不穷，多年的兴旺，不到几年，又还我本来的面目。","有一天，我遇到二位福德正神。","我提起此事，二位告诉我，主人在生意颠峰的时候。","妻子失德，养公司的司机。","先生失德，外有三妾。","餐厅失德，明知食品过期，也弄给客人吃，又参与讨债集团，交结损友。","曾","二位福德正神，看不惯，便走了！","强取豪夺股东们的金钱。"
"022 买二块小土地","https://reader.tbboyeh.org/fullscreen_player.php#/?ebook_id=426&chapter_id=c022","居美国时期，我买了二块小地皮。当然是经纪人带我去看地，我买的。","第一块地，地点离住家很远，是五号公路，向北走，到了二一二出口，转向西走，我称为“克美特”（Kermit）半岛的地方，车程约一个半小时。","此地临太平洋，是我会见“八大龙王”的地方，当时该地区相当荒芜，人烟稀少，所以价钱很便宜。我买来，准备建“真佛大学”之用。（当时是这么想的。）","地有“一三○”亩。","我念安土地真言：","“南摩三满多。默德兰。嗡。度噜。度噜。地尾。梭哈。”","我左脚踩地三下。","出来一位土地公。","","我问：","“此地可买否？”","祂答：","“可。”","我问：","“会增益吗？”","祂答：","“稳定成长。”","于是我买下它，果然是“稳定成长”，是有涨价，但是比较慢。","","又：","另外一块地，是在住家南方，从“四○五”公路，向南走，到了“肯特”地区，土地只“三○”亩。","当时该地附近，一样荒芜人烟，一大片树林，野草丛生。","附近只有一家超市，一间住家都没有。","那块地皮，也很便宜。","我念安土地真言：","“南摩三满多。默德兰。嗡。度噜。度噜。地尾。梭哈。”","我左脚踩地三下。","","一样出来一位土地公。","我问：","“土地可买否？”","祂答：","“可。”","我问：","“有增益否？”","","祂没有答话，用手在虚空中划一个圈，我一看大骇，天啊！从圈圈中现出了无数又无数的商业大道，商场林立，而商场附近又有住宅社区，住宅非常密集，车水马龙，非常的繁华景象。","我咔了一跳。","问：","“增益多少？”","答：","“二○倍。”","我当然二话不说，买了。","结果，是真的这样，原本荒芜无人烟的地方，政府圈定成商业区，商业区后是住宅区，没有几年，成了一个新都市。由无变有，由荒芜变繁华，我那块小地皮，涨了二○倍。老天爷！这可真是吓死人也。","","又：","当年我经过一块地。","我看见这块地，居然闪闪放大光明，令我的双眼打不开。","我说：“这是天下第一富豪的地啊！”","（我当时无钱可买。）","后来又应验了，那块地，是“比尔．盖兹”买走了，建了“微软”公司。“比尔．盖兹”成了天下第一富豪，这又是“神算有够准”。","旅","",""
"023 口中吐出白莲花","https://reader.tbboyeh.org/fullscreen_player.php#/?ebook_id=426&chapter_id=c023","一天，经过一座大寺院，寺院传出阵阵的诵经声，我好奇的走了进去。","原来寺院做法会，当中一位，穿黄色袈裟，外披红色的戒衣，剃了光头的。","其周遭有二排穿黑海青的女居士，每位居士均手捧着经典诵经。","黑海青之后，有一批信众，为数不是很多；也把大雄宝殿，挤满了。","我仔细听经文，诵的正是《妙法莲华经》，内的<观世音菩萨普门品>。","诵经的、参拜的信众都非常虔敬，低着头，只有诵经的声音，其他的声音都听不见。","大雄宝殿有三尊金身。正是：","中央本师释迦牟尼佛。","右手药师琉璃光王佛。","左手阿弥陀佛。","左右韦陀尊者、伽蓝尊者。","","在供桌上，又有一尊由琉璃制成的“自在观音”，此观音像，蓝绿交杂，非常的庄严，非常的漂亮，有神韵的慈光，仿佛如大海一般。","正在此时，我听到一个声音：","“卢师尊，你也诵诵经。”","我寻声一看，哇！供桌上的观世音菩萨，已化身变大，充满大雄宝殿，如同吹泡泡一样，透明而且多彩，虚幻又真实。","我问：","“诵何经？”","菩萨说：","“跟着诵。”","我说：","“菩萨啊！我以前学过《普门品》，唱诵均会，但今天手上没有经文，如何诵？我会《高王观世音经》，会背诵，就诵《高王经》吧！”","菩萨点点头。","","我又问：","“我在哪里诵经？”","菩萨说：","“卢师尊诵一遍，口中出一朵白莲花，我们乘莲出苦海了！”","“你去右厢房，有一小图书馆，此刻无人，你就坐在图书馆诵经吧！”","我问：","“诵给谁？”","菩萨答：","“自知。”","我问：","“诵多少遍？”","菩萨答：","“百遍。”","我说：","“百遍？祢要我口干唇焦，我还没有吃午饭呢！祢就饶了我吧！二十遍就可以了！”","菩萨不答腔，笑笑的消失了。","","那一天，我静下心来，诵《高王经》百遍，《高王经》虽短，但百遍就变得很长，我坐图书馆足足六小时多才把百遍诵完。（一遍五分钟，愈念愈快。）","在这当中，有人进来，我也不理会；有人问我，我亦不答，我只想把这苦活，速速诵完，我听见有人说：“这人口中念念有词，莫非神经。”，但，却无人赶我走，只是我心中暗暗叫苦。","当夜，我睡觉。","见百颗人头跪我床前。","我问：","“干什么？干什么？”","百人说：","“多谢卢师尊度我们百人出幽冥苦海。”","“什么？”","百人答：","有","",""
"024 法医杨日松","https://reader.tbboyeh.org/fullscreen_player.php#/?ebook_id=426&chapter_id=c024","○一一年十一月二十三日晚上，我在睡梦中，见一人来到床前，这人穿黄色卡其裤，白上衣，头发稀疏，白灰交杂，其面相有点瘦，有棱有角，我认不出是谁，我就问他：“你是谁啊？”","他答：","“杨日松。”","我说：","“杨日松？姓名很熟，但仍不知是谁。”","他答：","“法医杨日松。”","这下子我很快想起来了，法医杨日松，是一位法务部的有名验尸专家，是很有名的，有关他的传闻很多，破了很多奇案。","","我问：","“不知找我何事？”","他答：","“须你送我一程！”","“你怎么了？”","“死啦！”","“什么病？”","“肠癌。”","我问：","“为什么要我送你一程？”","他答：","“我要到日本去赴任，要过海，海中有冤亲债主，会阻我去路，须借卢师尊的佛法守护。你知道的，我救了一方，会得罪另一方，我是法医，也自然有这等事。”","“你怎会去日本？”","他答：","“和日本有缘，我去当日本城隍境主。”","我肃然起敬，马上护着他去上任。","","台湾的法医杨日松，竟然到日本当境主城隍。","","一路上，虽有冤魂，但全是无理取闹，我用三光护着杨日松，一点事也没有。","杨日松说：","“有一回，验完了尸体，认定是自杀；回家的路上，那死者的灵魂赶至，拍一拍我的肩膀，我即刻转回去，再验尸，果然找出可疑之点，最后认出是他杀。这是一件奇巧的凶杀案，再故布为自杀，若不是明察秋毫，是看不出来的。”","杨日松说：","“我的前世是阎罗王的机要秘书，所以我出世在人间是法医，阎罗王曾经请我吃饭哩！”","杨日松说：","“又有一次，我验卧轨自杀的人，最先以为是卧轨自杀，后来发现死去的灵魂追着火车要讨命，才知又是一件凶杀案。”","","我问：","“你都看得见？”","他答：","“看见，有神有灵。”","我问：","“有冤枉的吗？”","他答：","“当然有，但，有神有灵，则不会出差错，法医的责任真的很大。”","我问：","“你得了尸斑症？”","他答：","“接触尸体太多，被感染的。”","杨日松到了日本境内，整个人全变了，穿着大红袍、戴冠，面像也改了，相貌浑圆，一脸的正气凛然。","我送了杨日松一程，走了很多路。醒来，竟然仍在自己的床上。","","二","",""
"025 迦楼达神","https://reader.tbboyeh.org/fullscreen_player.php#/?ebook_id=426&chapter_id=c025","楼达神（Garuda），是梵名，中文译为“迦留罗”、“迦楼罗”、“迦娄罗”、“金翅鸟”、“妙翅鸟”、“大鹏金翅鸟”等等之名。","此神是印度教中，法力无边、很猛烈的大鸟，是“毗湿奴天”的坐骑。","迦楼达鸟形。","怒目。","尖利之嘴。","双手抓住诸龙。","翅膀是众宝所成。","双翅张开数千里长。","据说：","翅膀一扇，即是台风。","诸神法座震动。","迦楼达神以龙为食物。","印尼的国徽，以“迦楼达”鸟为象征，其渊源来自印度教的大鹏金翅鸟。","此神真言：","“嗡。迦悉波。梭哈。”","手印：","双手大指交叉，余四指如翅形，向外，翅动三下，如飞状。","","●","","释迦牟尼佛住世的时候，“那伽”龙族向佛陀求告说：","“我们龙族已经快给大鹏金翅鸟吃完了，求求佛陀救命啊！”","于是佛陀召来大鹏金翅鸟及龙族开协调会。","金翅鸟说：","“若不以龙为食，我们吃什么？”","龙一听，吓个半死。","龙族说：","我问值日功曹。","“再吃下去，我们就灭族了，将来你们金翅鸟族，又吃什么？”","此语一出，金翅鸟也呆住了。","于是，佛陀说：","“我从即日起，勅令天下佛弟子，做广大甘露化食时，第一个奉请大鹏金翅鸟，食如云般的甘露，此甘露能饱、美味、清净。你看如何？”","大鹏金翅鸟食之，非常满意。","于是三方达成协议，大鹏金翅鸟才没有食龙族，改成食：“如云甘露”。","大鹏金翅鸟受佛陀勅令，成了佛教的护法神之一。","嘴尖可驱魔。","其爪可抓魔。","其翅可扇魔座。","金翅膀可赐福众生，因是七宝之故。","","卢师尊于午时做甘露化食供养：","念：","大鹏金翅鸟。","旷野鬼神众。","罗刹鬼子母。","甘露悉充满。","嗡。穆帝利。梭哈。嗡。穆帝利。梭哈。嗡。穆帝利。梭哈。","将甘露撒出。","有一次，突见太阳被遮，天昏地暗，旋风飞起，刹那的变化令我大骇。","我闭双眼，无法睁开。","等张开眼，大日高高挂，无风无息，刚刚大日被遮是怎么回事？","迦","“是大鹏金翅鸟至也。”","值日功曹答："
"026 东岳大帝","https://reader.tbboyeh.org/fullscreen_player.php#/?ebook_id=426&chapter_id=c026","名韩姓弟子，从外国到台湾雷藏寺见我，呈上一张写的满满的简体字，其内文如下：","韩姓弟子离婚，抚养三个子女。","离婚后，他拿到了二百万元的美金。","他有一位很亲密的友人，这位友人夫妇经营珠宝生意，有几家店铺。","友人夫妇不但是同学，也是邻居，更是好朋友，常常一起出游、谈心、吃饭，可以说是三十年的老交情的朋友。","友人夫妇想再开一家店铺。","邀他入伙。","他欣然同意，以“借”的方式，交二百万美金给这一对三十年交情的夫妇。","头二年，均有给利息。","","后来，是利息暂欠；欠的多了，有疏远之意，追讨几次，均无结果。","无法，请律师出函追讨。","友人夫妇，从此和韩姓弟子，断绝来往，连见面亦不可能。（友人夫妇干脆搬家。）","韩姓弟子向我哀哀求告，他自己的生活，三位子女的生活教育费，从此陷入困境。","他说：","“三十年的交情，不疑有他，连借据也没有写。只有当初的支票为证，如今，家境愈来愈紧，不知如何处理？”","我听了颇感慨，我说：","“有关法律的问题，你须同律师商量，这一点律师比较有法律常识。我的部分，我划一道符给你，这是讨债符，你取符，和金纸，在『成』日午后，于土地庙烧化，或有效。”","","我画符式如下：","","据我所知：","土地福神收了律令，不敢怠慢，因是卢师尊交办的，将律令送东岳大帝庙。","东岳大帝大怒：","“牛头、马面速拘夫妇魂魄到！”","于是这对夫妇，二人同时梦到“牛头”、“马面”，拿着拘票，把这对夫妇拘到东岳大帝面前。","东岳大帝如山般的威严、面黑、双目圆睁、威风凛凛，令人不敢逼视。","","夫妇跪着。","四周鬼王、鬼卒、牛头、马面、七爷、八爷，各持刑具，吓得夫妇屁滚尿流。","东岳大帝大“喝”一声，如天上打雷。","这对夫妇马上叩头如捣蒜。","一下全招了。","","东岳大帝说：","“回阳后，马上归还本金利息，否则打入大阿鼻地狱。”","狱卒带夫妇去看大阿鼻地狱，吓得他们战战兢兢，惨叫连连。","连说：","“再也不敢了！”","夫妇同做此梦，同时醒来，醒来时全身发寒。于是赶忙将二百万美金及利息全部算全，连夜送回给韩姓弟子。","此事，是这对夫妇亲口告诉韩姓弟子的，韩姓弟子还叫他们速速来皈依卢师尊，卢师尊确实法力无边。","韩姓弟子问：","“东岳大帝是谁？”","我答：","“阴间的大神君，与泰山府君同。”","此事是二○一一年十一月二十六日发生。","","","","","","一","",""
"027 天上的答案","https://reader.tbboyeh.org/fullscreen_player.php#/?ebook_id=426&chapter_id=c027","写了一本书，书名是《神算有够准》，这本书也不是老王卖瓜，自卖自夸。到底有多准，你、我、他知道就好，实在不必吹牛。","但是世间人，一向是自夸自傲，现在要找一位谦虚的人，也是满困难的。","世人皆是：","天下文章属三江。","三江文章属我乡。","我乡文章属家弟。","家弟跟我学文章。","反正现代的神算者，人人都说自己是第一，他人是第二，准不准？天晓得。","","有人问我：","“总统大选，你知道谁会当选？”（冻蒜）","我答：","“知道。”","“你铁定准吗？”","“准！”","人问：","“你如何知道很准？”","我答：","“我的是天上的答案。”","（我举头看天，天上会出现总统的名字。）","","每一次看天，每一次都准。我只告诉少数几个人，答案一出来，大家会心一笑。","近期的媒体，对我大作文章，说我替某某神算总统大选。","媒体斥笑：","“不问苍生，问鬼神？”","媒体人，对我捕风捉影，乱讲一通。","至于有没有人请教我，他们也全是乱乱说，黑白讲。","","媒体问我：","“有没有人找你神算，总统大选？”","我答：","“没有。”","媒体问：","“谁会当选？”","我答：","“我知道，但，不告诉你们。”","（我心中暗笑，搞了半天，来问我神算，总统谁会当选的，是媒体自己。","我知道谁会当选，当然不能说，说了一定天下大乱；而且，认定了一方，必然得罪了另一方。）","","再说，像这样子的大事，传了出去，对我这“方外之士”，修行人来说，一点好处也没有，我是一个真修行的人，天下事自有天下人来管，我是不想借此而出天下名，我已经够有名的了。讲出来，麻烦很大。","人问：","“你真的知道谁会当选总统吗？”","我答：","“知道！”","人问：","“是谁？”","我答：","“天知道！哈哈。”","问的人笑哈哈。","我也笑哈哈。","世人皆笑哈哈。","我","我记得三个月前。","这篇文章写于二○一一年十一月二十七日，总统大选民调，两人只相差“百分之零点四”，双方差距只那么一点点，选情吃紧！"
"028 长廊昏暗的灯光","https://reader.tbboyeh.org/fullscreen_player.php#/?ebook_id=426&chapter_id=c028","台湾期间，冬季气候冷凉，我一向在夜间十时左右，用徒步的方式，从七期的住宅区，走到五期的住宅区，走路约四十分钟。","这一段路程，我用来“运动”兼“念佛”。","从七期走到五期，要经过七期的几栋高楼大厦，经过好几段红绿灯，小街三、五条，大街三、四条，我尽量走在人行道上。","事实上，并不能完全走人行道，因为有的人行道，被招牌挡住。","被停的机车挡住。","被停的汽车挡住。","被“变压器”挡住。","被建筑工程挡住。","被大树挡住。","人行道新铺的，尚可走；老旧的，坎坷不平，要一脚高一脚低。","往往要绕道，走在机车道的柏油路面，很谨慎的走四十分钟。","","我习惯走“市政北二路”，经过几栋大厦之后，再从“市政北二路”转个弯，从一栋大厦的长廊穿过，到另一条大道。","这条长廊在晚上十时，灯光便调暗了，长廊相当长，是大厦的走廊，很静，一个人也没有；我静悄悄的走这段长廊，我走了一段时间，从来就没有碰过有人，走这一段长廊。","这条长廊，是一栋大厦拥有，有雕塑品，有高而大的吊灯，有平滑的地砖，这一段路，令人感觉最舒适，而且最愉悦了。","我原是一个人走。","后来愈走愈不对。","我感应到四周，有二个大人，三个小孩，跟着我的脚步走。","我一向艺高人胆大，也不理会。","我也不惧怕。","我走我的，祂们走祂们的。","我在这长廊，首先“念佛”，或念《高王经》，最后念《往生咒》……。","","这五位幽灵，先是：","随我走。","围我走。","后来化为白条光影在我面前飞舞，就像五条彩带一般，飞行在虚空之中。","","我没有念咒、结手印驱赶祂们。","祂们对我也没有恶意，彼此相安。","后来祂们发问：","“这位行者，你是谁？你身上有光。”","我答：","“我是卢师尊。”","祂们说：","“啊！原来是卢师尊，久仰大名，如雷贯耳，怪不得身上有彩虹光。”","我反问祂们：","“祢们又是谁？”","","祂们说：","“原先都市计划，七期地区荒芜一片，野草丛生，流浪狗成群；这中间有数座古坟，我们是其中一座，葬了我们二人及三个小孩，我们都是守坟鬼。后来七期开发，大厦林立，坟及尸骨全被挖走了，分散了，我们成为守厦鬼。原来在空宅中穿梭，后来你来了，听你念佛、念咒、念经，沾你光气，也能自在飞行，如此才能凝气成形，真的谢谢你！”","我说：“萍水相逢，就是有缘，何足谢也。”我又问：“祢们将来何处去？”","祂们答：“想随卢师尊修行。”","我说：“好吧！收祢五位鬼弟子，随我左右，我以光庇佑祢等，随我修行去吧！”（我真的收了这五鬼。）","","","","","","","","在","",""
"029 白空行母的大慈悲","https://reader.tbboyeh.org/fullscreen_player.php#/?ebook_id=426&chapter_id=c029","受密教“无上密部”的灌顶，是在“吐登达吉”上师处，上师给我灌顶之后，随即讲授修法的口诀。","其口诀重点在：","1、 秘密。","2、 供养。","3、 吐纳。","4、 修风。","5、 觉受。","6、 空乐。","7、 证悟。","","我每回至“吐登达吉上师”处，他一次又一次的提到“口诀”的重要。把无上密部的修持法，毫不保留的传授给我，可见上师的重视。","我每次至“净音佛阁”，上师先叫我进去，也就是“上师”、“上师的侍者”、“我”，三人独处。在那时候，便告诉了我重要的口诀。","等传授完毕，才叫我的弟子，全部进来参见“吐登达吉”师公。","在理趣上我已明白了“无上密部”。","","但，在实修上，我并没有人世间的“事业手印”。我实实在在告诉大家：","密教的“事业手印”是无上的无上方便。","象征了“智慧”及“方便”的秘密结合。","透过了“结合”。","我们的“觉受”有了最大的受用。","智慧增长了。","光明增长了。","大乐增长了。","我们的“心”住在宽坦的晴空之中，体会了无尽的“自性”。","我相应了“白空行母”。","","我以手印召请：","行部。","“双手内缚，两食指伸，不碰触，只成圆圈，两拇指并竖。”","（两食指即莲花叶，两拇指即双双在莲花中。）","《大日经疏》卷十曰：","“白者即菩提心也，住此菩提心，称白空行母住处，这菩提心是佛菩提，常常出生诸佛，亦是莲华部的部主。”","","我在此，用“秘密语”，述之如下：","白空行母，姿色妙曼，毫无一点点的造作，祂下降时，香光庄严。","虚空中出现一朵大白莲花，其花瓣、花蕊、柔软香洁清净。","行者的身心，如幻如化，进入大白莲花之中。","白空行母的身心，如幻如化，也在大白莲花之中。","开放的大白莲花，渐渐的莲瓣收紧，成了含苞的莲。（未开敷的莲花）","窍与窍合。","点与点融。","气与气通。","脉与脉接。","白空行母把一切的成就，灌顶在行者的周身，从顶至脚。","从底至顶。","乐空双运。（甚深禅定）","","此时，大乐、光明、空性，一起出现。智慧圆满了，光明彩虹缠绕，见证了真如佛性。","这种境界，是这“人世间”所没有的，那种体验的大觉受是超越的超越；果然，白空行母的菩提心，出生一切诸佛。","我在密教的修行，次第成就了：","事部。","我","无上部。","瑜伽部。"
"030 未来接受供养？","https://reader.tbboyeh.org/fullscreen_player.php#/?ebook_id=426&chapter_id=c030","教的供养法，是修习密教重要的一个环结，甚至有上师说，供养是密教的重点。","宗喀巴祖师说：","“密教的三大成就是：一、持名成就。二、护摩（火供）成就。三、三昧地成就。”","其中的护摩（火供），即供养法。","密教供养法，种类繁多，在此不一一介绍，有外供、内供、密供、密密供（真如供）等等。","我平时饮食吃饭，都是要做供养的，也就是供养我的：","上师：","本尊。","护法。","我在供养中，能够确实知道“祂们”有没有来接受供养。","这种“知道”也有不同：","1、 亲见。","2、 耳闻。","3、 心电感应。","我们要先“召请”，然后“吹气”，最后［持咒］（结手印），将供养的供品，变化如云，无穷无尽。","一般来说，我在做“供养法”时，上师、本尊、护法，次次下来受供的，我均可以知道，确确实实，绝对不是“虎卵”（虚妄）。","","有一天。","我在“彩虹雷藏寺”吃午餐，那是二○一一年十月间，我先做供养。","召请上师、本尊、护法到临，第一次召请，都毫无感觉。","第二次召请，也未来接受供养。","第三次召请，未到。","我一向召请三次，平常都会到的。","一次就到，表示欢喜。","二次才到，表示平平。","三次才到，供品了了。","但，三次请，三次不到，很少、很少。","","我那次，三次请，三次不到。我就知道有问题了，诸尊不来受供，一定有问题。","我很小心的品尝食物，吃到一盘“蚵仔！”（台语），原来“蚵仔！”（O衣食特，oyster），发臭了，不新鲜，怪不得上师、本尊、护法不来受供。","我告诉了“莲印上师”，莲印上师请“莲万法师”，要开“蚵仔！”时，须特别注意。","“蚵仔！”有壳。","法师们自己开。","","又有一次，那一次大家都知道──","我们一群人去参访印度的佛陀八大圣地，就在恒河畔的五千年古城“瓦纳那西”（Varanasi），这座古城是印度教的圣地，很多印度教的庙宇，大梵天（创造神）的神庙，大自在天（破坏神）的神庙，及遍净天（保护神）的神庙，均在此。","梵。","喜瓦。","毗湿奴。","在“瓦纳那西”有特殊神秘的色彩。","","那天清晨吃早餐。","我三次召请，三次上师、本尊、护法皆未来受供，如何召请，皆不到。","我急了，再特别“心中心”召请，也未到","那天的早餐，我不吃。","后来，吃早餐的同门，我们共有十八位参加，十七位“拉希”倒地，群体奔厕所，“拉”得有够厉害。","我们戏呼：","“完了拉希！”（瓦纳那西）","你说准不准？","","","密","",""
"031 福德正神请我买房","https://reader.tbboyeh.org/fullscreen_player.php#/?ebook_id=426&chapter_id=c031","二○○○年左右，我隐居在台湾台中，那时候的台中七期都市计划区，一片荒芜，杂草丛生，野狗成群，毫无人烟的郊野气象。","在该片土地上，是有几栋建起的大楼，大楼名称是：","联聚和平。","天玺。","国际音乐厅。","人文领域。","新雪梨。","理性感性。","除了这六栋大楼之外，一大片土地都是空着的，那时候一入夜，就成了治安的死角，以及野狗的天堂。","有一次。","我分配报纸（真佛报）、杂志（燃灯杂志）到附近的土地公庙去放。","（这是我个人的习惯，把看过的真佛报及燃灯杂志，收集一些，等到积存一阵子，便抱到四方的土地公庙去存放，等待有缘的众生，来拿回去看，这也是度众生的方法之一。）","","有一回。","我又去土地公庙，分配报纸杂志。","到了“台中七期”的土地公庙，这间土地公庙，是下陷的，如贝壳一般。（我称贝壳穴）","福德正神，竟然现身对我说：","“卢师尊，你要买房！卡紧！卡紧！”","我答：","“此地荒芜，家居不便。”","福德正神又说：","“你要买房！听我的没错。”","我答：","“我没有钱。”","福德正神说：","“凑一凑。”","我心中没有打算久居台湾，我是要回美国西雅图的，在台湾只是暂时隐居而已，因此不为所动。","二○一○年的价钱，刚好涨了五倍。（十年之中，涨了五倍。）","","福德正神说：","“你看看！将来是这样。”","我这一看，“咔”！吓了我一大跳。","一幅景象呈现在我面前－－","最辉煌最兴旺的景象出现了，一栋又一栋的大楼出现在我面前。（数也数不清）","灯火辉煌。","建筑雄伟壮观。","楼层高矗。","风格又奇又巧又美。","栋栋全是豪宅。","福德正神说：","“这台中七期地段，就是台北的信义区。”","我咽了一口口水，说：","“好吧！我看看。”","","那时候，那六栋大楼我全看了，“联聚和平”比较贵，一坪十九万。“理性感性”比较贵，差不多，一样贵。天玺、音乐厅、人文领域、新雪梨、均差不多。","当我站在某大楼之前，经纪人叫我们买。","我拿出铜钱，占杯为准，我朝庙的方向请教土地公，可以不可以买？","三个圣杯，可以买。","我这三个圣杯，是给师母莲香上师看的，确实福德正神叫我买房。","我们终于买了！","二○○○年买的价钱。","在","祂的话，有够准！","我很感谢福德正神，确实是福德正神叫我买房的；福德正神虽然在神格中是最小的，但，小神也可以立大功。"
"032 老鼠唧唧叫","https://reader.tbboyeh.org/fullscreen_player.php#/?ebook_id=426&chapter_id=c032","在美国的住处，有一段时间是住在山区，就简称“南山”吧！那是一个小社区，约五十户人家，住家白人居多，房子不算小，每一屋子，约六千平方尺，房子大，建筑格式户户不同，算是有名的社区。","我们住的时候，一切均很舒适，夜梦安甜，环境非常悠雅，张开眼，前院后院一片绿，让人觉得心旷神怡，一点点声音也没有。","我首先在自己放棉被的储藏室，发现了几枚花生壳，我很讶异。","谁偷花生米来这里吃？","任何人都不用怀疑，因为花生任何人都可以吃，也不管制，不必躲到储藏室。","那是谁？","不用说，一定是“老鼠”。尤其在同一地点，发现了老鼠屎。","我是修行人，不杀生，首先不理会。","","有一回。","我在坛城修法，修到“正行”入三昧地，我闭目时，听到老鼠“唧唧唧唧唧”叫的声音，我张眼一看，有二只毛绒绒的小东西，正在楼梯的栏杆的间缝追逐，栏杆是直立的，二鼠以S型的方式，左闪右躲，正在唧唧叫。","我看住牠。","牠俩也看看我，毫不畏惧，二个绿豆小眼，乱乱的瞧。","我对牠们，这类表演，本不屑一顾，但，牠们把佛教徒的宽容忍耐及高风亮节，变成了牠们得逞的机会。","变本加厉了。","在沙发上做巢。","乱丢老鼠屎、乱撒尿。","饭床上撒野。","咬破热气管。","白天也在客厅玩躲猫猫。","咬破衣物。","对人张牙舞爪。","","我想到：","“不理会，牠们就以为可以放纵了，山中无老虎，猴子称大王。我家不养猫，老鼠也翘脚了！”","找来美国灭鼠专家。","他说：","","“此山区老鼠甚多，前山一户人家，我一捉就捉了二十七只。","我问：","“活的还是死的？”","他说：","“用药，再到地下室一搜，共二十七只。”","我说：","“能不能捉活的，送到他山去。”","灭鼠专家说：","“捉活的我不会，用药一定死。有一种药，老鼠喜欢吃，一吃就口渴，牠们会找水喝，就死在河沟之中。”","我问：","“能不能撒药，让牠们不能进来？”","专家说：","“老鼠很聪明，牠能钻地洞！”","……。","","坦白说，我家的老鼠，除了不能开冰箱之外，已经无法无天了，牠们称王称霸，在寒舍大闹天宫，一大群小老鼠也跟在后面，摇旗呐喊，叫叫嚷嚷。","怎办？","我突然想起了“针巴拉”（黄财神），黄财神不是手握一只“吐宝鼠”吗？黄财神一定可以对付这些“叫嚣”的鼠辈了。","我奉请：","“嗡。针巴拉。查冷查拉耶。梭哈。”","“针巴拉”把吐宝鼠放下，吐宝鼠把小丑老鼠赶出寒舍。","哇！真的好灵喔！","吐宝鼠赶走狂妄鼠辈，我家没有老鼠了！","我","",""
"033 评头论足刘德华","https://reader.tbboyeh.org/fullscreen_player.php#/?ebook_id=426&chapter_id=c033","○一一年的金马奖，刘德华是影帝，引起了我对他的注意。他出道甚早，一直很红，红到壮年，仍然很红。五十岁了，电影界、电视界、歌唱界，都一直很不错，这样的人，少有了。","我依“面相”来评论：","眉──蛾眉。","眼──鹰眼。","鼻──鹰勾鼻。","口──鱼口。","耳──兔耳。","","兄弟宫在“眉”，算起来人事方面是圆融的，合作无间，贵人多助。","聪慧宫在“眼”，他算是聪明有智慧的，颇有洞烛先机的本事。","财帛宫在“鼻”，这种鼻子，一般人不敢恭维。因为人人都知道，这种鼻子是会害人的。还好，他是鹰眼补了鹰勾鼻的缺陷，财帛变佳了。","“口”是鱼口，只是一般一般。","寿命宫在“耳”，他是兔子型的耳，有点招风，寿算还可以，但防意外耳。","感情宫在“眉眼”后，算是情种，但，颇低调，波折是有，平安度过。","奴仆宫在“下巴”，刘德华的下巴，算是最差的一种，恐怕老运不佳，晚节不保之相，这种下巴有时是众叛亲离的。","权位宫在“法令”，尚有权威及地位。","","我是简简单单分析刘德华的面相，最厉害的是他的“眼睛”、“鼻子”。","最不好的是他的“下巴”。","这种相貌，原本是红“一时”而已，然而到了五十岁仍然红极，这是“异数”。","这等相貌，也有可能是一般的贩夫走卒之流的人物，但能在演艺圈一直是个顶尖人物，也算是“异类”了。（他应该相当努力。）","依我的观察，我把这种脸谱，归类在“业障型”，是业障很重的类型，这是依“三亭”来看的。","业障重。","出生到青年，不佳。（上亭）发根到眉。","青年到壮年，不佳。（中亭）眉到鼻尖。但，他很努力敬业。","壮年到老年，最不佳。（下亭）鼻尖到下巴。","这是从“三亭”看出来的，他的三亭老、中、青均不是很好。（短而皱）","","","奇怪的是：","目前到了五十岁，仍然红极，这是什么缘故呢？照理说，他一直要很倒楣的；但，到了五十岁，他的时也、命也、运也，在外人看来都不错，不但不错，还是顶尖的人物，站在云端之上了。","他的业障清净了吗？","我很好奇。","思之、思之、不通、不通。","","有一天晚上，我在夜梦之中，出现了“秽积金刚”神，这位金刚是大权神王佛。","由佛陀的心胸化生。","专门除“秽气”除“障碍”。","秽积金刚非常凶猛，法力无穷，庄严非凡，其光明除秽不可思议。","祂主动告诉我：","“刘德华本是业障之人，没有错，但，他代言了卫浴设备HCG的产品，刘德华的照片被印在卫生设备的厕所之中。”","秽积金刚又说：","“照片置厕所，不以为忤，这就是刘德华的功德。长年的秽气，清除了刘德华的一切业障，反凶为吉；业障除了，大福降临，这就是刘德华趋吉避凶的原因了！”","能将自己的照片，长置厕所，这是“除业障法”，匪夷所思了！（以秽除障），有可能继续红下去。","信不信由你！","","","","","","","二","",""
"034 这几天你不要卖鱼","https://reader.tbboyeh.org/fullscreen_player.php#/?ebook_id=426&chapter_id=c034","到了西部的港口鱼市场，那是大型的鱼市场，我走了进去，大家晓得鱼市场是什么味道，就是那个味道；我不是为了买鱼而来，而是，我绕行了鱼市场一周，念着“超度的真言”。","持咒。","结印。","观想。","这些鱼虾等等的神识，一一飞起，整个虚空弥布了被超度的魂魄。","把初升的红日全掩盖了。","要形容这种超渡的情况，我有一个比喻，以前看电影，片名是：“蝗虫过境”。大家可以想像，成千上万，如乌云一般的蝗虫，把大太阳都遮住了。我的超度鱼族，就是那样。","","我绕着绕着。","突然有一位鱼贩，走到我的跟前：","“卢师尊，你怎在这里？”","我问：","“你是？”","鱼贩答：","“我是莲花福全，你的弟子。”","我“啊！”的一声，想不到鱼市场卖鱼的人，也有我的弟子。","鱼贩说：","“卢师尊，你来买鱼，我有最新鲜的，我供养你活鱼。”","我笑了：","“我是来买鱼，但，不是买有形的鱼，而是买无形的鱼。”","鱼贩怔住了：","“有无形的鱼吗？”","我答：","“有。众生具足，如何会没有？”","我正想离去，鱼贩却说：","“卢师尊，请留下一赠言给我。”","","但，“河豚”有毒，大家都知道的，一般日本料理店，卖“河豚”的厨师，知道如何处理去毒，但，一般家庭并不知道。","我看看这鱼贩弟子，印堂发黑，我说：","“这几天你不要卖鱼，好吗？”","鱼贩弟子问：","“哪几天？”","我答：","“这三天。”","“有什么事吗？”","“不知道！”我答：","鱼贩说：","“卢师尊，你总要给一个理由，我可以不卖，我一定听你的；但，三天不做生意，我也很难对家人交代啊！”","我看他印堂发黑，欲言又止，我说：","“有玄机！”","“有什么玄机？”","“不知道！”","我哈哈一笑，走了。","我告诉鱼贩弟子：“多念《高王经》，趋吉避凶，灾难退散。”","鱼贩弟子答：“有空我会念！”","","后来消息传来：","鱼贩弟子，并没有依照我的嘱咐，停止卖鱼三天；在第二天，卖出了很多鱼，其中有一只“河豚”，买者回到家中，煮来吃，结果全家人中毒了，送到医院治疗。","警方循线，找到鱼贩弟子。","鱼贩弟子辩称：","“根本不知道有毒！”","我","鱼贩弟子很后悔，当初为何不听卢师尊的赠言呢！","“河豚”中毒案，官司缠身了。"
"035 从“雾峰”走到“大坑”","https://reader.tbboyeh.org/fullscreen_player.php#/?ebook_id=426&chapter_id=c035","大学时期是学“测量”的，所以我会看“地形图”，我看到“雾峰”的山是连接“大坑”的山。","有一回，我到当时“雾峰”的“省议会”去玩。一个人突发奇想，竟然想到从省议会的后山，向大坑方向走，一定可以走到大坑。","我认为：","一者是练习爬山。","二者是运动。","三者看风水。","四者测量自己体力。","五者是好奇。","","我想，反正又不是高山峻岭，只是几个小山头，不至于有危险吧！","我一个人，没有带食物，没有带水，没有带背包，没有爬山工具，我以前是测量官，大小山都见过，这几座小山，凭我的脚程，不是大问题。","我以为我的眼力很好，只要向北走，一定可以走到“大坑”。","于是，心动不如行动，说走就走，一定可以走到“大坑”。","沿着一条小径，就走入山里去了；这一走入山，刚走的时候，尚可辨识方向方位，有几间山里人的农舍，我一想有人住，就更加的放心。","于是翻了一座山。","又翻了一座山。","再翻一座山。","这时，才感觉到有点不对劲。","","原来是有人走的小径，愈来愈小，甚至只剩下小路纹。（路纹阿，小径之意。）","翻了三座小山之后，有点气喘吁吁。","觉得口渴异常。","才翻了三座山，在山顶上向前后左右一看，发觉一座又一座的峦峰，连绵不断，根本没有止尽，前后左右都一样。","我从有人种植的山中旱地，走到无人种植的山谷。","一惊觉：","已迷失东南西北的方向。","体力已不支。","","四周景物更替，身陷山谷。","东南西北都是山，不知那一座才是走向“大坑”的。","如果再往前走，不顾一切，会不会愈走愈进入深山之中？","心中茫茫。","惶恐不已。","","有了这种感觉，恐惧心一起，视野所见，全是丛林一片，我喊一声，惨了！我艺高人胆大，这回恐怕回不了家了。","不敢再往前走了！","但，哪个方向才是走回“省议会”的路，我已是“山穷水尽疑无路”，何处是“柳暗花明又一村”？","这时，我想何不求山神、土地？","我念安土地真言：","“南无三满哆。默陀喃。嗡。度噜。度噜。地尾。梭哈。”三遍。","左脚向地踩三下。","","糟了，什么感觉都没有，我注定死在山中了。","蓦然，我发觉身后有棵远远的大树，树下仿佛有一个人，我身子移向那棵大树，果然树下有一老人坐着在抽烟，他上身赤裸，下身黑短裤，皮肤古铜色。","我问：","“省议会，如何走？”","老人答：","“向右直走，会见到一条小径，这小径绕山走一个半小时，会回到省议会。”","我心狂喜，走二步，回头要谢谢老伯，回头，哪里有那位老阿伯？短短二、三秒，老阿伯不见了。天啊！山神、土地、鬼神显灵了！","我终于回到平地了！谢天谢地！","","我","",""
"036 真实的看见","https://reader.tbboyeh.org/fullscreen_player.php#/?ebook_id=426&chapter_id=c036","从“开天眼”后，我看见的佛菩萨多到无法数，尤其刚开天眼的那一天，从“四圣”到“六凡”，十法界全游历了一遍，天啊！原来如此、原来如此。","我自称“莲花童子”，其来有自，我确确实实看见了“莲花童子”。","这是我写了二百二十六本书的“基点”，如果我卢师尊打妄语。","台湾话：“夭寿喔！”","我当然不只看见“莲花童子”，在“三昧”中，我都真实的看见。","是“幻觉”？我说不是。","是“自欺”？我说不是。","是“影子”？我说不是。","是“错觉”？我说不是。","是“失常”？我说不是。","是“胡思”？我说不是。","是“乱想”？我说不是。","是“做梦”？我说不是。","我只能说，我的看见，是真实的看见。","","举几个小例子吧！","其一：","我在中国大陆，从“北京”飞“太原”的飞机上，于“三昧”中，真实看见“西方极乐世界阿弥陀佛”，其“巨大”、“庄严”、“光彩”是无法形容的。","太不可思议了！","尤其祂的足，踩在莲花上，美的不得了。","阿弥陀佛说：","“一切行止，守戒律，自能平安。”","","其二：","我在韩国，庆洲，参礼了“药师琉璃光王佛”，我俯地投身大礼拜。","在回程的车上，于“三昧”中，真实看见“药师琉璃光王佛”、“药王菩萨”、“药上菩萨”、“日光菩萨”、“月光菩萨”、“十二药叉神将”。每一尊均现出无比庄严的金身。","霞光万道。","“加持卢师尊，讲《密宗道次第广论》！”","瑞气千条。","“药师琉璃光王佛”说：","“你的病会好！”","那时正是“四大分散”、“脑分八瓣”，后来真的完全痊愈了，真是奇迹。","","其三：","我在台湾。","那时正遭逢一件无端端被扯了进去的事件，好像没有救了，困难重重。","在“三昧”中，真实看见“南摩观世音菩萨”，菩萨展颜微笑。","菩萨金身、光彩，美得无法形容，胜过一切所见，无与伦比的姿色。","观世音菩萨对我说：","“一切事情，迎刃而解了！”","就在看见菩萨的那一天，消息传来，一切事情已经解决了。","","其四：","我在美国西雅图。","在第一天，讲《密宗道次第广论》时，在“三昧”中，真实看见“宗喀巴祖师”，藏密黄教（格鲁派）的祖师，出现在我座位正前方的虚空上。","宗喀巴祖师的光彩，绵绵细细得放光加持我，这样的光彩，无法形容啊！","密。","柔。","细。","力。","宗喀巴祖师对我说：","自","","（我举这四个小例子，这都是非常真实的真实。我见道“开悟”后，知道心生则种种法生，心灭则种种法灭。一切我了了自知。）"
"037 不可执着没有莲花童子","https://reader.tbboyeh.org/fullscreen_player.php#/?ebook_id=426&chapter_id=c037","国大陆“兰州大学”，对敦煌石窟，一一研究，著作了一本《敦煌的佛教故事》，里面提到了“莲花童子”。那是“金光佛”时代的两位“莲花童子”，修持成为菩萨的经过。这两位莲花童子，一位是“观世音菩萨”，另一位是“大势至菩萨”。","又，你如果去敦煌，问管理员：","“石窟内，哪一窟有莲花童子。”","管理员答：“每一窟都有莲花童子。”","问：","“三一四窟内，都是莲花童子是吗？”","管理员答：","“是的。”","","在台湾，喜欢研究佛教史的“张明聪”，提出了更多证据。","他列举出诸多的“莲花童子”，图文并茂，他说：","“莲花童子多到不可数！”","我常常如此说明：","《阿弥陀佛》说：","“过此西方，有十万亿佛土，其中有佛，号阿弥陀。”","大家想想：","十万亿佛土。","就有十万亿佛国刹土（净土）。","每一个佛国都有佛住持其间，你知道十万亿佛国中的佛的名号吗？","《高王经》中：","千五百佛──佛号？","万五千佛──佛号？","无量诸佛──佛号？","佛弟子能数得出佛国净土的诸佛圣号吗？","","又：","更复有人执着第八识“如来藏识”（阿赖耶识），这是唯识学的六经：","有人问赵州和尚：","《解深密经》。","《华严经》。","《楞伽经》。","《厚严经》。","《大乘阿毘达磨经》。","《如来出现功德经》。","（以上是唯识六经。）","","事实上，在唯识学上的研究，诸善知识，对唯识有诸多说法：","一识说──成实宗。","二识说──起信论。","三识说──楞伽经。","五识说──起信论。","六识说──毗婆沙论、俱舍论、能量论、释量论。","八识说──唯识宗。","九识说──摄大乘论。","十识说──摩诃衍论。","十一识说──世亲摄论。","（甚至有无量识说，东密胎藏论。）","（空识说──卢胜彦论。）","","我个人觉得，如来的八万四千法门，是对治众生的八万四千烦恼而说的。完全是不拘一格的，对症下药，应机说法，体现了佛教的无碍大方便智慧。","只知执着“第八识”也是不对的，大乘佛教根本是无碍无我的无量大方便。","中","赵州和尚答：","“什么是赵州？”"
"038 妳不要去海边哦！","https://reader.tbboyeh.org/fullscreen_player.php#/?ebook_id=426&chapter_id=c038","一年。","一位陶姓弟子，带着他的夫人，来看我。","陶弟子是做营造建筑业的，颇有名气，他是一位很虔敬的弟子。","他每回来见我，总会带些“伴手礼”，如葡萄酒、饼干、地方名产。一方面供卢师尊，另一方面供坛城诸尊，他从不空手。","陶弟子总会问一些修行要诀，例如：","“方便气变智慧气的觉受是什么？”","“左右脉的气进入中脉，口诀是什么？”","“降布明点的口诀……？”","……。","","我会简单扼要的把口诀及心要告诉陶弟子。","这一回，陶弟子把自己的妻子也带来了。陶弟子的妻子很年轻，她没有信仰，是一位无神论者，长得姿色很美艳。","每回，陶弟子参加法会，总是独自一人。","（因为他的夫人兴趣缺缺。）","这一回她跟着来，算是陶弟子三请四请，她才勉强答应的。","她全身名牌，面对坛城，连合掌也不肯。","见到陶弟子对我五体投地的大礼拜，有一点点的轻蔑。","陶弟子与我谈佛法，她毫无感觉，表情更是木然。","她只看着街外的车子，来来回回的奔驰，回到座位，打量我一会儿。","很无聊的，看看手上的“萧邦”表。","陶弟子要走了，她突然间问我：","“听人说，你神算有够准，是真是假？”","“总是有人谣传。”我说。","“你看我的命运如何？”","“很好。”","“有什么要注意的？”她问。","我略定一下神，双眼一闭，看见“海神”，这“海神”可就是希腊神话中的“海神”了。","天啊！陶弟子痛哭失声，请求我接引超度。","我颇大骇。","","我对陶夫人说：","“妳不要去海边哦！”","陶夫人回答我：","“放心！我不会游泳，不会去海边游泳。出去外面旅行，水上游乐，如水上摩托、水上滑水、潜水、玻璃船、空中降落伞、香蕉船……，我都不玩的。就算在高级的具乐部，游泳池畔，我只穿泳衣，在游泳池畔，晒晒太阳，也不正式下水，我跟水无缘。”","陶夫人说：","“卢师尊，你是不是算错了？”","我答：","“也许吧！”","但，我仍然奉劝她：","“妳不要去海边哦！”","陶弟子带着夫人，驾著名车走了。","","事情经过了一年，陶夫人把我的话给忘了。","有一回，她随团到某国的风景区，众人在海边岩石上拍照，那天有强烈的阵风十一级。","陶夫人想独照。","选了一块高高礁岩。","浪花在后喷射，如同烟火般的爆发开来，陶夫人背对海拍照。","一阵强风一扫。","海浪变大。","说时迟，那时快，大浪一卷，浪一退，陶夫人被卷到海里去了，只一刹那，不见人有浮起来，早已卷到海底去了。","打捞也找不到了！","那","“妳不要去海边哦！卢师尊的警语，她忘了！”","陶弟子告诉我："
"039 “店口碗粿”的一幕","https://reader.tbboyeh.org/fullscreen_player.php#/?ebook_id=426&chapter_id=c039","○一一年十一月底，我与莲宁上师、莲店上师、莲涯、莲赠等，在台中美术馆附近的“店口碗粿”吃“碗粿”。这间店口碗粿的碗粿，名气不小，每天中午，总是挤满了人群，很多时候，要去吃碗粿，还要先预约呢！","我欣赏“店口碗粿”的一幅画及两旁的对联，中央一幅，是普贤菩萨骑着象。两旁的对联，是书法家“吕佛庭”写的。","下联是“能仁是我师”。","我问：","“能仁是谁阿？”","莲宁、莲店、莲涯、莲赠等，面面相觑，不说话。","我说：","“能仁就是释迦牟尼佛。”","我解释：","我们念“释迦牟尼佛”的真言。","“嗡。牟尼。牟尼。摩诃牟尼。释迦牟尼。梭哈。”","这真言的“牟尼”就是“能仁”。","解析咒语如下：","“宇宙意识的大导师，能行仁道；能行仁道，大能行仁道；释迦族的能行仁道者，吉祥圆满。”","","所以我说：","“能仁就是释迦牟尼佛。”","我正解说时，店门口来了二名女子，她们向我招手，她们说：“我们是弟子阿！”其中一位弟子说：","“约几个月前，卢师尊与同门在『店口碗粿』吃碗粿，我们遇上了，我跪下祈求卢师尊加持，因为我已结婚十一年，均没有孕，中西名医皆看过，没有就是没有，知卢师尊有大法力，因而祈求大加持。”","弟子再说：","“当时，卢师尊站起来，为我摸顶加持，手放发顶，法流源源不止的注入全身，眼前一片光明，结果回去后，就有孕了。真是谢谢卢师尊，我现在想祈求生产时，母子平安。”","","我终于想起来了：","这位女弟子，在几个月前，曾跪在我的面前，祈求“有孕”的加持。","因为结婚十一年未有生。","我闭目，看见墙上的“普贤菩萨”放光进入女弟子的胎中。","哇！我的手感应非常的强烈，那种震动力是菩萨与我的手互相结合。","育","光明中，有一小孩，进入女弟子的胎中。","终于，几个月后。","“有孕了！”","我告诉女弟子：","“将来这孩子，是大圣贤呢！”","这“店口碗粿”的人都看到了这一幕。","","又：","有一位住在很远很远的国外的弟子，她是二十年，没有生育。","二十年，加结婚前二十年，等于是四十岁，有可能生育吗？","她不死心，向“莲花童子”的雕像祈祷，又供上最大的供养。","当晚，看见身穿白衣的莲花童子，庄严异常，头戴五佛冠，冠上有五色珠宝，其中一颗红色的珠宝，落在莲花童子的手上，马上化为一个玲珑俐透的小娃娃。","莲花童子对女弟子说：","“这娃娃就给你了！”","她在梦中，肚子就大了起来。醒来对先生说，她肚子有孩子了。","她先生回答：“日有所思，夜有所梦，梦的怎会准？”","但，从那天起，女弟子就真的怀孕了。如今，她的公公、婆婆全皈依了，还有亲戚朋友，很多人都皈依了。只因为，一梦就有孕啊！","","","","","","","二","",""
"040 我会带着你飞","https://reader.tbboyeh.org/fullscreen_player.php#/?ebook_id=426&chapter_id=c040","○一一年十二月十日，星期六，我在台湾雷藏寺，主持“宝源度母”的护摩法会。当天人潮破万人，聆听我讲解“宝源度母”的缘起。","说完法，又给大众做“宝源度母”的灌顶，在灌顶的时候，我有一种特别的觉受。","“宝源度母”，从虚空中现金色，其形相如同“绿度母”一般，在灌顶幡上自在式的飞翔，其飞翔的姿态不是像飞鸟，而是或立或坐，一手与愿印，另一手持“乌巴拉花”，从十个指头及乌巴拉花，撒下了种种光色。","","光色中有诸多宝物：","莲花。","宝车。","金灯。","吉祥果。","涂香。","法轮。","八功德水。","香花。","佛果。","妙乐。","飞行鞋。","等等等等。","","无数无数的七宝、八宝、二十一宝、三十二宝、三十七宝，纷纷的从空中降了下来，降在众弟子的身上，而我莲生活佛卢胜彦也捡到一宝“飞行鞋”，我拾起，放入我的怀中。","宝源度母问我：","“卢师尊，你已会飞，要飞行鞋何益？”","我答：","“我会带着别人飞。”","宝源度母问：","“飞何处？”","我答：","“飞摩诃双莲池净土。”","那种飞翔实在新奇。","宝源度母说：","“何不飞普贤王佛母净土，那是宝源度母的源头。”","我答：","“净土佛刹一一通达，我当供养普贤王佛母净土。”","宝源度母说：","“善哉！善哉！”","","法会过后，有一弟子问我：","“卢师尊，我听说你能神行十方佛国是吗？”","我答：","“我会飞。”","弟子问：","“你能带我飞吗？”","我蓦然想起我怀中有宝源度母赐下的“飞行鞋”，我想，真巧有弟子问。","我答：","“我会带着你飞！”","弟子问：","“何时？”","我答：“今晚。”","","第二天，二○一一年十二月十一日，我在“甘露精舍”做“瑜伽焰口”，那位弟子也参加，他告诉我：","昨晚，真的飞了，卢师尊带着飞，飞过大山，飞过大海，飞过星空，飞到了摩诃双莲池，去看各色的莲花童子。","又由摩诃双莲池的莲华莲蕊中飞了进去，飞到了“普贤王佛母”的净土，见到了普贤王佛母、无我母、金刚亥母、白度母、绿度母等等一切佛母。","二","他说：","只双手一伸，脚一蹬，就自在的飞了起来，身如落叶一般，如幻如梦。"
"041 曹仓铭如是说","https://reader.tbboyeh.org/fullscreen_player.php#/?ebook_id=426&chapter_id=c041","○一一年十二月十日，“宝源度母”的护摩（火供）法会结束后，约晚上六时，我在台湾雷藏寺的餐厅用餐。","旁坐一人，是曹仓铭先生，他坐在我的右手旁。","他说：","“我在三十多年前就认识卢师尊。”","我吓了一跳，我问：","“你那时几岁？”","他答：","“我那时读小学。”（曹师兄现年四十多。）","我问：","“读小学怎会和我认识？”","他答：","“我母亲带着我去见你，问父亲的事，地点在进化路。我感觉卢师尊很会说笑，大人们听你说话，大家都笑呵呵！”","","他说：","“家父当年，服务于警界，是德基水库附近派出所的所长。与卢师尊的父亲卢耳顺彼此常相往来，家父常常与师尊的父亲聊天，很熟很熟，也就是这样，家父家母会去拜访卢师尊。”","他说：","“卢师尊神算有够准的！”","我问：","“如何准？”","他答：","“家父追查一位人犯，请示卢师尊。卢师尊说，你在某月某时，到高雄燕巢乡，就一定可以抓到这名人犯。”","“结果呢？”","他说：","“结果真的抓到了！家父就是为了这件有功的事，从台中县调回台中市。最后家父当督察，一直到退休。”","","他又说：","“卢师尊神算我叔叔是最准的。”","","“怎么说？”","他说：","“卢师尊断言我叔叔在警界可以当到督察长，我叔叔果然真的当到督察长。又说，五十岁的时候，要当心。”","“结果呢？”","他说：","“五十岁的时候，竟然心肌梗塞就死了！”","我问：","“我没有说他会死吧？”","他说：","“没有，卢师尊只说，五十岁要当心。”","他又说：","“我叔叔当到督察长，五十岁心肌梗塞死了，算是相当轰动的，新闻都有登出来。”","","曹仓铭说：","“当年，卢师尊在台中问事，相当的轰动，每一天都围了很多人。我们全家人都来请教卢师尊，父亲、母亲、阿姨、叔叔，最准的是抓到犯人，和五十岁我叔叔死亡。连时间、地点、岁数，一点也不差。”","我问：","“你父亲来过台湾雷藏寺吗？”","“来过，他一直想同卢师尊的父亲相认，只是你父亲说不定把他给忘了。当知道卢耳顺老先生过世时，家父那些日子也觉得很伤感，一直沉默不语呢！”","“唉！时光过的真快啊！想不到我已六十七岁了，而你也四十多了，我问事的时候，才二十多岁，你那时才小学。”","有一句话说：","“人生都是现场直播，而且没有ＮＧ的。”","","","二","",""
"042 “荷叶童子”念诵法","https://reader.tbboyeh.org/fullscreen_player.php#/?ebook_id=426&chapter_id=c042","经有位佛教大居士，在佛教界享有极大的盛名，显密均通。这位大居士也是一名富豪，他捐钱建寺，捐钱印经书，捐钱供养僧众，捐钱做善事，在教界之中，大家都知道他。","他旅居纽约的时候，印了一本经书，这本经书很少人知道，流传也不广，书名《荷叶童子经》。我在无意中，却看到了这本经。","经中教人供养“荷叶童子”，有大利益：","1、 增福。","2、 增慧。","3、 大权威。","4、 大神通。","5、 延寿。","“荷叶童子”的金身、要用木、瓷、玻璃、土、石均可，塑成一位童子形，头上双髻，站立在荷叶上、或做男童，或做女童。","一头二手。二手，均伸食指，一手指地，一手指天。","（类似释迦牟尼佛浴佛节的佛陀童子金身。）","","此金身与佛陀童子形不同之处，是站立在荷叶之上，又头上有双发髻。","经中的供养念诵法是：","要供养在密室。","（鸡、犬、猫等不得进入。）","供品花、香、灯、茶、果，及童子的玩具、糖果等。","一日三时点香，早、午、晚。","午后修法一坛。","观想“荷叶童子”","念诵：（手印：一手指天，一手指地。）","“天灵、地灵，荷叶童子灵。急急律令。些。”","（愈多愈好）","入我我入。","（类似入三摩地。）","以上是主要的念诵法，其他如礼拜、供养、祈求等，均量力为之。","如此一日一修或一日三修，随个人的意念行之，但不宜中断。","","要念诵到“荷叶童子”在自己的“梦中”出现，才算有了“相应”。","","口诀：","行者要吃食供品。","供品坏掉，宜丢弃，换新鲜的。","心要：","虔诚。","精进。","“相应”之后，如影随形，“荷叶童子”常相左右。行者向荷叶童子祈祷财富，财富就来；祈祷名位，名位就来；祈祷子息，子息就好；祈祷男友、女友，男友、女友就来；祈祷姻缘，姻缘就来；祈祷考试，考试成绩就好；祈祷饮食，饮食就来。","“相应”之后，祈祷佛慧，读经就明义；祈祷诸尊，诸尊现身；祈祷智慧增长，智慧就增长；祈祷有神通，神通亦出现。","“相应”之后，荷叶童子能“报梦”，也就是梦中告知所有的吉、凶、祸、福等等。","","卢师尊在此，实实在在的告诉大家，“荷叶童子”的念诵法，类似“耳报童子”法，但比“耳报童子”还高明一些。","“荷叶童子”我把祂列入“神明”一格，神而明之的意思。","学佛的人，当然不须修“荷叶童子”法。","但，如果有“荷叶童子”的神力，对学佛当有一定的助力。","确实有佛、菩萨。","确实有诸天。","确实有空行。","确实有“荷叶童子”。","这在世俗谛上，都是实有的，佛法不离世间法，如此而已！","","","曾","",""
"043 『报梦』给你知","https://reader.tbboyeh.org/fullscreen_player.php#/?ebook_id=426&chapter_id=c043","名真佛宗弟子“莲花昌宇”，年纪五十左右，与夫人陈婷女士，他们被邀请，参加附近寺庙的进香团，到祖庙去进香。","进香是台湾的民俗，例如大甲的妈祖，每年一度，由镇澜宫起驾，到新港的奉天宫。","这个庙会，可算是全省第一，人潮第一多，迎妈祖、接妈祖、绕境、烧香……。","大甲妈出巡，除了妈祖之外，尚有千里眼、顺风耳及大小神明跟随，阵头相当的多。","中央首长、地方首长及大批大批的信众，一路风起云涌，堪称全国大盛事。","台湾三月，疯妈祖，这可不是小事。","至于：","台湾全省大大小小的庙宇本来就非常多，神明之多，数也数不清。","进香团，巴士跑来跑去，庙会人潮，八家将，台湾形成了宗教民俗多元性的信仰。","“莲花昌宇”夫妇参加的进香团，按时出发。","出发的前一天晚上，他她各得一梦。","","卢师尊出现在梦中，告诉他她：","“明日勿去！”","“为什么？”","“有车祸！”","“车中有三太子金身、有妈祖金身、有城隍金身、有王爷金身……。众神都在车上护佑，不会发生事情才对。”","卢师尊说：","“在劫难逃！”","他她夫妇一起梦见卢师尊的警告，因而犹疑不决了。去或不去？","然而。","莲花昌宇是领队之一，又是地方上的头人，头人不去，说不过去；进香团也是由该地长老提出的，如果不去，对不起乡亲父老。","要取消，亦不可能。","他她只有硬着头皮参加。他们想，只是一场梦，梦也不一定真实。","","最后只有把“莲花童子”护牌佩在身上，进香团照常出发。","一路车程顺利，共有三部巴士相随，莲花昌宇原本坐第一部，后来改坐第二部，进香也很顺利。","","回程的时候。","在阿里山的半山回转的时候，第一部车的刹车突然失灵。","自己去撞上道路旁的护栏，车身翻覆，冲出斜坡，半躺在路旁。","天啊！真的车祸了！","警车、救护车，全到了！","巴士内的信众，有一人死亡，十七人受轻重伤，分别住进附近的医院。","","最后——","莲花昌宇说：","他原本也是坐第一部巴士。回程时，他上第一部巴士，发觉自己座位已坐了另一个人。坐的人说，不用换位置了，你就坐第二巴士上，我的位置。于是莲花昌宇才改坐第二巴士，连夫人的位置也换到第二部巴士。","问题是，跟莲花昌宇换位置的人，正是车祸唯一死亡者。","","老天，这是怎么回事？","莲花昌宇如果不换位置，死的就是他吗？","是命运？","是巧合？","是护身牌的作用？","莲花昌宇说：","“进香团在阿里山公路，迂回而下时，闻到阵阵香味，是不是莲花童子护佑着？但，为何不护佑第一部车子里的人？”","","","","","一","",""
"044 摸顶加持的意义","https://reader.tbboyeh.org/fullscreen_player.php#/?ebook_id=426&chapter_id=c044","台湾时，每一个星期六，下午三时，在中部草屯镇，虎山的台湾雷藏寺，都聚集了万人左右的信众弟子。","他她参加我主持的“护摩”火供。","他她聆听我讲《六祖坛经》及其他。","他她接受诸尊的灌顶。","（诸尊的幡盖灌顶。）","到了晚餐之后，他她主动排成二排，大部分跪着，我走到人群之中，一一的给予摸顶加持。","","我自己口中诵着真言，意念上我就是本尊，我做着给予众生的赐福：","除去疾病吧！","增加福分吧！","智慧增长吧！","敬爱圆满吧！","怨敌退散吧！","幸福美满吧！","无灾无难吧！","等等等等……。","","我这“摸顶加持”约一个小时的时光，我“专一”的给诸弟子摸顶加持。","“传承加持的力量”、“本尊的力量”、“上师的力量”、“护法的力量”、“念力”、“咒力”种种的力量，汇集起来，注入弟子及信众的身心。","","有很多奇迹传了出来：","瞎子看见了！","聋子听见了！","疾病消除了！","生意变好了！","考试及格了！","家庭圆满了！","（密教开光仪式，有用撒米的。）","升官发财了！","灾厄退散了！","所求如愿了！","等等等等……。","","卢师尊相信自己有这样子的能力，只因为我加持力源源不绝的缘故。我确实知道，我的传承力真实不虚，我的本尊跟我相应，本尊力真实不虚，我的护法常相左右，我的护法力真实不虚。","我的想念，施舍众生。","我的咒力，给予众生。","曾经有一名弟子，请我帮他为他自己布置的坛城开光。","我答应了。","但我实在太忙了。","每回给弟子信众摸顶加持时，这位弟子均跪倒在人群之中。","当我走近，他昂首看着我，对我说：","“请为我的坛城开光吧！”","我答：","“好！”","","我持了“米”撒几粒在他的头上，在他手持的“坛城”照片上。","我说：","“我已给你开光好了！”","他回家，竟然发现，家中的坛城，已经撒满了“米”，这“米”坛城上也有、地上也有,真的是不可思议了，坛城无人撒米，却是米粒遍地。","他说：","“卢师尊的神通力量太不可思议了，我的坛城，自动的开光了！”","在","又：",""
"045 通通有“舍利子”","https://reader.tbboyeh.org/fullscreen_player.php#/?ebook_id=426&chapter_id=c045","的父亲卢耳顺，圆寂后，送到“水里”去火化，火化烧出“舍利子”及“舍利花”。","当时在场有许多“上师”、“法师”、“教授师”、“堂主”、“讲师”、“助教”、“同门”……。","大家看了很惊奇。","这“舍利子”及“舍利花”，是“莲勤法师”精挑细选捡出来的。","父亲“卢耳顺”，平生不信任何宗教，也不念佛，更没有密教实修。","父亲常对我说：","“死了！什么都没有了！”","不相信有天堂，不相信有地狱。","他曾对人说：","“因为儿子信佛，学佛，又弘法度生，所以他才少说话，不想跟儿子对立。”","晚年。","父亲有一点点改变，我聚众弘法时，他会来听，也接受灌顶。","请他念“南摩观世音菩萨”，他也肯随口念，“南无观世音菩萨”。","他也接受我的加持及摸顶。","这样子——","“父亲也有舍利子及舍利花。”","真是奇迹。","","又：","很早以前，新加坡的“樟宜监狱”，关了很多死囚犯，有死囚犯听闻我的大名。","于是，死囚犯纷纷皈依我。","就把我的小张照片贴牢中的墙壁上。","对着照片顶礼。","念：","“嗡。古鲁。莲生。悉地吽。”","于是念咒声，此起彼落。","据说念到墙壁放光。","我答：","多名死囚犯梦中，皆看见卢师尊的到来，非常的兴奋。","吊刑之后。","火化，舍利子圆滚滚的滚了一地，把舍利子排成像八卦一样，从大至小，形成大圆周。","死囚犯得舍利子。","轰动全世界。","这些死囚犯，只是皈依卢师尊，向法相做大礼拜，念：","“嗡。古鲁。莲生。悉地吽。”","如此，如此。","一个个烧出舍利子。","","又：","一名坐轮椅的小女孩，天生残障，多重器官衰竭，听闻卢师尊的大名。","临终时，请求皈依。","口诵：","“嗡。古鲁。莲生。悉地。吽。”","死后，烧出五彩舍利子及舍利花。","家人相当惊讶。","问我：","“是真的吗？”","我答：","“真的。”","家人问：","“她坐轮椅，不能结手印，不会修法，只是一心想皈依，临终持上师心咒不辍。这样竟然有五彩舍利子及舍利花，令人不敢相信！”","我","我实实在在的告诉大家，若人一心恭敬根本传承上师莲生活佛卢胜彦，礼拜、供养、持咒、祈祷，其产生的力量不可思议，死后往生不可思议，得舍利子、舍利花，不可思议，这些都是真实不虚的。","“一心坚信，就够了！”"
"046 狮子虫吃狮子肉","https://reader.tbboyeh.org/fullscreen_player.php#/?ebook_id=426&chapter_id=c046","在台湾期间，有一回，法会过后，我给所有的信众摸顶。","在一一摸顶之际，突然感觉到，有一名男子斜着眼看着我，这位男子是在列队的信众之外的。","这男人的外貌，初看之下：","1、 发须散乱。","2、 年已半百。","3、 穿着怪异。","4、 目光邪气。","我这一看，接著有声音告诉我。","“他迟早会出事情的，狮子虫吃狮子肉啊！”","我内心一怔，但，我没有理会。","","据说，这名男子自称是通灵人，会给人家问事。虽皈依在我名下，但，并没有真正的守戒律，真正的实修，只是串门子的。","后来，果然出事了。","他违犯了国家的法律。","由这件事，我想写这一篇文章来警惕世人","我的人发了一个誓愿：","“不舍一个众生！”","也就是凡欲来皈依我的人，我没有拒绝的，全部照单全收。","所以，我的弟子“良莠不齐”。有最优秀的弟子，但也有品格低劣的弟子，龙蛇混杂，凡圣同居。所以，我的弟子实在太多了。","弟子中，黑白两道都有，甚至有当过流氓的，也有当过妓女的。囚犯皈依我的更多，有诈骗犯、有强盗犯、有毒犯、有性侵犯……。","女子监狱，我们也有“上师”在监狱弘法，男女囚犯皈依的甚多。","众所周知的“死囚犯得舍利子”，可见我连“死囚犯”都收为弟子。","我的教化，就是这样！","","就因为这样，所以我这位师父，难免被诸弟子拖累了。","有些弟子虽皈依我，但，其旧有的不良习性，并未完全的清除，只算在渐渐的清除之中，贪性仍在、瞋性仍在、痴性仍在，一时之间，不能超凡入圣。","我虽谆谆。","","他却如耳边风一般。","我用佛菩萨最大的慈悲力，以及智慧的教导，用法力的教导，期盼弟子们能够“相应”了密教诸尊，如此来救度众生。","我常强调：","真佛宗是在合情、合理、合法之下的最理智的宗教信仰。","一切在如情、如理、如法之下，弘扬佛陀的慈悲与智慧。","皈依弟子要守法。","皈依弟子要守密教戒律，不只要守“五戒”、“八戒”、“菩萨戒”、“比丘戒”、“比丘尼戒”，甚至“事师法五十戒”、“密教根本十四大戒”等等等等。","密教的戒律比显教更多。","","我们真佛宗是强调戒律的，犯了戒律的，就必须要好好忏悔，一直到看见“忏相”。知过能改，善莫大焉！","我们强调：","大礼拜法。","大供养法。","大皈依法。","大忏悔法。","发最大的菩提心。","我期盼，犯了错的弟子，要接受法律的治裁，不但要受刑责，还要深深悔过，永不再犯。我要诸弟子守法、守戒律，千万不要妄为啊！","大家要知道法律,也要知道戒律，千万不要触法，也千万要守戒律，如此才不会违背了皈依时的“一念善心”。","","","","","","我","",""
"047 一封感恩信","https://reader.tbboyeh.org/fullscreen_player.php#/?ebook_id=426&chapter_id=c047","爱的师佛：","弟子莲花圆圆携小女莲花昕悦顶礼叩拜无上尊贵的圣尊莲生活佛！","“嗡。咕噜。莲生。悉地。吽！”","弟子永远也忘不了今年的农历八月十五那一天，也就是中秋节。小女莲花昕悦的头痛突然加剧，我们立即将她送往医院做各种检查，历时将近三个星期，没有查出任何原因。","孩子除了白天持续剧烈头痛外，入夜时分，更是痛得用力敲打自己的头，无法入眠，体质孱弱的她迅速消瘦，双目失神，脸色苍白泛青。我们眼睁睁地看着无助的孩子被痛苦折磨得如此可怜，却无能为力，作为母亲我痛心疾首，如果可以，我甚至愿意付出自己的生命去拯救她！","最后在佛菩萨的安排之下，几经周折，终于有幸联系到温哥华的陈师姐，在陈师姐的鼎力相助之下，安排了主祈护摩，并于十月二日终于将请求师尊加持的信件和照片亲自交给师尊。","","只见师尊低语：“观世音菩萨做主。”接着将孩子的照片印向额头。这看似一个不经意的动作，却对孩子有着无比重大而深远的意义，一种强大而无形的超级法力在源源不断地加持着她，接着，女儿的头痛症状终于消失了。","看着她背著书包兴奋地走向学校，可爱的小脸，露出了久违的笑容，弟子怎能不感激师尊的救命之恩呢？这是用任何语言都无法表达的感恩之情！","在接下来的十月十七日晚，弟子梦见师尊亲自来到我家进行加持，梦中，师尊捏住弟子的鼻子，挤出少许分泌物，接着，弟子擤出一堆像浓痰状的东西，几天之后，弟子惊喜地发现，苦恼了多年的过敏性鼻炎，居然不治自愈了！","一次又一次的事实证明，师尊是佛！真实不虚！是清净明亮的佛光照耀加持着弟子，让我们脱离苦难！师尊拯救了孩子，也拯救了我们一家！","","师尊的加持力是多么地殊胜啊！做为真佛的弟子，我是幸运的，能皈依师佛，更是弟子无上的自豪和幸福！","师尊的救度让弟子更为深刻地明白因果是可怕的！人生是苦难的，生命是脆弱而短暂的！如果不遵循师尊的教诲，脚踏实地去修行，寻找根本的解脱方法，真是对生命莫大的浪费！","弟子莲花圆圆再次携女儿莲花昕悦深深叩谢师尊！","虽然弟子不会用华丽的辞藻和语言来表达对师尊的感恩之情，但，弟子愿全身心地将自己的身口意供养给师尊，生生世世跟随师尊修行，以菩提事业为己任，尽自己微薄的一分力量去弘扬佛法，度化众生！","愿师佛佛体安康，不入涅槃！大转法轮！普度众生！","","弟子莲花圆圆一家叩上","","嗡。咕噜。莲生。悉地。吽。","","二○一一、十、二十五","","又：","一位癌症病患，痊愈后的一首感恩偈：","顶礼佛足：","","善于治病之大医王佛。","我今致上最崇高敬礼。","得了癌症身心不自在。","师佛来到小人夜梦中。","称说觉悟缘起最殊胜。","且说非缘起物如空花。","故无无缘存在之癌瘤。","称伸宝手如探囊取物。","","取出我身中的恶缘疾。","如今一切杳然旋不见。","今世唯您独步无匹敌。","感恩！感恩！感恩！","","二○一一、十二、十七","莲花应成百叩","","","","","","","","敬","",""
"048 摸顶后的感应","https://reader.tbboyeh.org/fullscreen_player.php#/?ebook_id=426&chapter_id=c048","一：","“莲花印堂”说：","手持“红财神”让卢师尊也摸一下“红财神”的头，只见卢师尊念了一句：","“嗡。嘎拉巴底耶。梭哈。”","回到家中，闻到了奇异的香息，整个坛城皆香，一星期未散，这香息一辈子从未闻过，真是太神奇了。","结果：","“中了特奖！”","","其二：","“莲花一征”说：","怀孕有六个月了，照出胎位不正，医师说，要特别做运动，让婴儿的胎位正常。医师说，如果不运动，生产会困难。","听了令人非常担心，于是，上了虎山，去了台湾雷藏寺，听卢师尊讲《六祖坛经》。","摸顶时，我请求卢师尊摸一下我的肚子，只见卢师尊轻拍一下，说：“好了！”","过了二天，给主治医师做超音波检查。","主治医师说：","“胎位正了！”","其实我还没有正式做运动，结果胎位就正常了，谢谢卢师尊。","","其三：","“莲花双双”说：","原本有“白内障”的，准备手术去除“白内障”，而且已排定了时间、日期。","当卢师尊摸顶时，我随口说：“请卢师尊摸一下眼睛。”只见卢师尊随手一摸眼睛，轻轻一拂而过而已。","手术前的检查，医师突然说：","“白内障不见了！”","我听了，莫名其妙！","我问：","“怎会不见了？”","","医师也不知所以然。","","其四：","“莲花能慈”说：","那一天，卢师尊给我摸顶，在我顶上拍了两下，本来只是摸一下的，却拍了两下，可能摸过后，我没有迅速站起来，所以又摸了一下吧！","那天回去修法，不一样就是不一样，一股“真气”从顶上直贯而下，全身如触电一般，充满了法喜，自觉轻安。","那种舒畅的觉受，不只是修法才有，修法结束后，仍然存在，是不容怀疑的，那种生起的秘密觉受，一直存在，真是妙不可言啊！","谢谢卢师尊！","","其五：","“莲花一嘉”说：","摸顶时，我手持我的念珠给卢师尊摸一下，回家后，把念珠放在坛城，我关了灯，结果坛城放出了彩虹光。","走回一看，竟然是念珠放出来的，光芒有多彩，这是我从来没有看过的，是我的眼睛出了问题吗？我望了望窗外，窗外一切正常，再望坛城，同样有彩虹光；这彩虹光七天才散。","","其六：","“莲花德金”说：","卢师尊摸顶时，我想念我的父亲也给师尊摸顶，因为我父亲刚去世不久，内心非常忧伤不已，不知道转世何处？","想不到当晚就梦见父亲了。","父亲对我说：","你的师父已接引我到了净土，一切你安心好了，在摸顶的一刹那，我就进了佛国。","父亲又高兴又年轻。","父亲亲口说：","“你的师父是佛来的。”","其","",""
"049 起信的秘密","https://reader.tbboyeh.org/fullscreen_player.php#/?ebook_id=426&chapter_id=c049","这本《敲开你的心扉》，是想让大家“起信”，这就是写这一本书的旨意了。","我这个人，生活的重心，是“写作”及“修法”，从年轻到六十七岁了，亦然如此，千篇一律，也没有改变。","佛法贯穿我的一生。","其他：","“什么也没有！”","佛法是从“信”开始的，所以写了二二六册，仍然写“起信”，因为“信是一切功德母”。","这些年来，因为心荡荡无住，也无所求，也无所谓，进入了清净淡泊的境界，自觉人生如此，很满足了。过去的忧烦一扫而空，现在看这世间，更透澈了，明心见性之后：","“顿入寂寂。”","","我了解佛法的：","空。","空性。","分别空性。","我明白：","般若。","中观。","唯识。","我这本书，是“起信”的书，所以是方便法门的书，在我看来，虽然有这么多的感应事迹，但，我是用这些感应的真实故事，引导世人，进入佛法的“正信”境界。","五蕴性空。","入甚深三昧，解一切法如虚空。","我啊！","虽然知道一切国土也是“幻化”，但我能以清净妙行去庄严佛国。","虽然知道佛菩萨也是“幻化”，但我能以清净妙行去庄严佛菩萨。","虽然知道人生如“幻化”一般，但我能以清净妙行去美化人生。","虽然知道因果轮回涅槃皆“幻化”，而我以清净妙行去解说之。","我已知道：","一切诸法，皆悉空寂，无生无灭。生死与涅槃，凡夫及诸佛，同为空华相。","","（这是空的极致。）","","但：","我以幻化的一切去启人信仰。若不如此，佛性空寂不可言说了。我只是随一切众生种种差别，而说种种差别之法。","龙树菩萨的《中观》论：","众因缘生法，我说即是空，亦为是假名，亦是中道义。","以有空义故，一切法得成，若无空义者，一切则不成。","未曾有一法，不从因缘生，是故一切法，无不是空者。","释迦牟尼佛又称是“空王佛”。","","《六祖坛经》有几句重要的话，也是如此：","世人妙心本空，无有一法可得，自性真空，亦复如是。","若悟三身无有自性，即明四智菩提。","汝之本性，有如虚空，了无一物可见，是名正见；无一物可知，是名真如。","我自从“明心见性”之后，我只知二个字：","1、 空。","2、 幻。","但，这种体悟，是从人世间深深研习佛法四十年而来的。如果不从因缘而生为人；如果不从因缘而深究佛法至理；如果不从因缘而启信；如果不从因缘而相应；如果不从因缘而神通；如果不从因缘而智慧；我如何解脱？","佛出世间，信哉！","","","","","写","",""