"chaptername","chaptername href","chapterbody","chapterbody 2","chapterbody 3","chapterbody 4","chapterbody 5","chapterbody 6","chapterbody 7","chapterbody 8","chapterbody 9","chapterbody 10","chapterbody 11","chapterbody 12","chapterbody 13","chapterbody 14","chapterbody 15","chapterbody 16","chapterbody 17","chapterbody 18","chapterbody 19","chapterbody 20","chapterbody 21","chapterbody 22","chapterbody 23","chapterbody 24","chapterbody 25","chapterbody 26","chapterbody 27","chapterbody 28","chapterbody 29","chapterbody 30","chapterbody 31","chapterbody 32","chapterbody 33","chapterbody 34","chapterbody 35","chapterbody 36","chapterbody 37","chapterbody 38","chapterbody 39","chapterbody 40","chapterbody 41","chapterbody 42","chapterbody 43","chapterbody 44","chapterbody 45","chapterbody 46","chapterbody 47","chapterbody 48","chapterbody 49","chapterbody 50","chapterbody 51","chapterbody 52","firstcharacter","chapterbody 53","chapterbody 54"
"目录","https://reader.tbboyeh.org/fullscreen_player.php#/?ebook_id=436&chapter_id=c999","序 卢胜彦手的魔力（序）","001 床母做的记号","002 只当成一场梦而已","003 六根铁钉","004 保险箱的钥匙","005 一条蛇游走了","006 找到适合居住的房子","007 一部救护车急驰而至","008 赌它一把吧","009 请卢师尊多拍几下","010 一位脑部缺氧的婴儿","011 是耶稣来接引","012 金洲大师现身","013 梦中的开刀","014 鼻子过敏的问题","015 你一定会被录取","016 全身舍利","017 为什么没有看到摩诃双莲池？","018 枕边有人","019 掌中出现乙尊城隍","020 加百利天使","021 妳要请卢师尊摩腹部","022 七爷白无常","023 谁能在梦中给我灌顶？","024 老实念佛吧！","025 观世音菩萨叫我来的","026 看见一团火燃烧","027 天上的孙儿","028 手伸得很长很长","029 众神怎么都来了","030 有关于“宁玛派”","031 就是这位法师","032 我的肩背部疼痛","033 鬼物列队求摩顶","034 自己用手加持自己意伏藏","035 传承法流的渊源","036 大圆满法的功用","037 守护灵的能力太强","038 祖母是守护灵","039 皮肤过敏的痊愈","040 紫阳真人降临","041 大圆满法的祖师－－“极喜金刚”","042 我所知道的“妙吉祥友”","043 卢君","044 梦中的针灸","045 接骨师父","046 失忆症","047 我吃了三个蛋","048 手成了止痛剂","049 时轮金刚戒律","050 供养“时轮金刚牌”颂偈","051 附录：莲花敬安的来信","","",""
"序 卢胜彦手的魔力(序)","https://reader.tbboyeh.org/fullscreen_player.php#/?ebook_id=436&chapter_id=c000","一回。","金刚手菩萨显现在我的面前，周身烈火光炽然，赫赫扬扬，一手持钺刀，一手持天灵盖，站立在莲华之上。","金刚手菩萨对我说：","“卢师尊，你何不写一写你手的魔力？”","我问：","“手有魔力？”","金刚手菩萨说：","“你的手上有大印记，你不知道吗？”","我说：","“愿闻其详。”","金刚手菩萨说：","“你手上有：","一、星云－－眞如之力。","二、法船－－超度之力。","三、功德－－息灾之力。","四、鬼王－－降伏之力。","五、福德－－增益之力。","六、法眼－－智慧之力。","七、爱染－－敬爱之力。”","我哑口无言。","","金刚手菩萨说：","“卢师尊，只要你的手去摩抚一切众生的头，法力就产生了。那种力量不可思议，那种力量难思议，非常非常，而且超常，你要记下来，写一本书啊！”","我说：","“谨记在心！”","金刚手菩萨说：","“曾经有一次，你入禅定，有人对你照了一张相，相片之中，你的手变成透明体，而且放出了大白光，只照到你的身子，手完全不见了。卢师尊，你知道吗？这无形的手，已化为法船，接引幽冥众，到了西方极乐世界去了。”","我听了，大骇，确实有这件事。","","金刚手菩萨，为我解析手：","“手是由皮肤、指甲、手纹、骨、肉、血管、血所组合而成。它不是独立的个体，它也一直在变化之中，其中的变化非常微细。颜色、粗细、老幼、纹路、形状，一日又一日的变化，它不是一个常态，也是无常。”","金刚手菩萨又说：","“手连在身体，也是身体的一部分，一样是地、水、火、风所组成，所以也是无我。手有一天也一样会死，四大分解时，只剩下空识，我们行者认明实相，就是无我。”","金刚手菩萨最后说：","“卢师尊的手，由于修行的法力，使手放射无量之光，这个光注入众弟子的身心，就产生了很多不可思议的事，将之记录成书，可利益天下众生也。”","我说：","“善哉！善哉！一切明白了！”","此书就是应金刚手菩萨的祈请而写的，盼望一切大众，认明：","“手。”","祝：开卷有益。","","莲生活佛卢胜彦联络处:","Sheng-yen Lu","17102 NE 40th Ct.,","Redmond, WA 98052","U. S. A.","","编者注：本有声书系由林佩君录制","","","","","有","",""
"001 床母做的记号","https://reader.tbboyeh.org/fullscreen_player.php#/?ebook_id=436&chapter_id=c001","对夫妇，带着一个小男童来见我。这位小男童的脸，黑了大半，从右嘴角，一直到右眉，宽到耳际，全是黑漆一片。","我见了大骇。","有点像城隍庙的黑白判官。","这对夫妇说：","“男童一出生，脸半边就是黑的，有人说，那是床母做的记号，是胎记。有些人胎记是在身上，有的在屁股，不会影响观瞻。但，他在脸上，人人见了，总是怪怪。”","夫妇说：","“卢师尊的手，听说有法力，祈求治之！”","我说：","“何不求医？”","夫妇说：","“皮肤科医师束手。”","我观想本尊住顶，法流贯全身，我的手，摩了小男童的脸。","我说：","“好了！”","夫妇带着小男童回去了，过了一阵子，他们三人又来了 。","","夫妇说：","“男童的脸上的黑，一点淡化都没有，卢师尊的手，好像失灵了。”","我很尴尬。","我又摩了男童的脸，这时掌上有一团光出现，光中有一女子，躺于棺，其右脸，浸在水中。我这一看，终于明白了。","我说：","“祖先风水有问题，右脸浸泡水中，故男童右脸黑了。是女的祖先！”","夫妇说：","“那一定是祖母的坟！”","夫妇依我指示，开棺相验，一堆人全目瞪口呆，因为棺木内，右边浸水，祖母的脸，右边在水中，黑糊了 一大块。","夫妇把祖母火化，晋塔了事。","夫妇办完了事，又把小男童带来我处，他们说：","“卢师尊，掌光眞够准，如今又怎么办？”","我同样用“手”抚脸。","这回怪了！","每用手抚一次，黑色就褪了一些；又抚一次，又淡化一些；抚了多次，更淡了。","最后，小男童的脸竟然完全白了。","","天哪！","黑白判官的脸，全正常了。","很多的人，都知道黑白判官的脸，被卢胜彦手的魔力，抚得正常了。","很多的人，都要我的手抚他们脸：","口歪眼斜的。","脸部神经麻痺。","黑斑的。","一眼大一眼小的。","鼻子很小的。","招风耳的。","长很多痣的。","......。","全来要我抚脸，我仿佛成了“整型外科专家”，甚至皱纹多的......。","我告诉大家：","“我已七十岁，自己脸上也有皱纹，也有些些的黑斑，这是生理自然的现象。请注意，不要联想太多，佛法无边，但，不是每一种都能治。”","我每回摩顶，加持力不可思议！但，不是千万人，一次都能痊愈。","","","","一","",""
"002 只当成一场梦而已","https://reader.tbboyeh.org/fullscreen_player.php#/?ebook_id=436&chapter_id=c002","名少妇，脸带忧伤，非常的沮丧，到了雷藏寺找我。","我问明因由。","原来是少妇生了一位千金小姐，非常的高兴，女儿娇甜可爱。","她给家人带来了欢笑，全家的人都爱不释手。","不多久。","约只有三岁半。","这位千金，因为流行性感冒，竟然逝世了。从此，全家人愁云惨雾，悲伤不已。尤其是这位少妇，失去了心肝宝贝，仿佛一切快乐全被带走了，得了忧郁症，每日以泪洗面，简直就是不想活了，想到快要自杀了。","","我一听，不说什么，因为劝解她的话，所有的人全说完了。","我只给她“摩顶”加持。","当夜，少妇得一梦。","她梦见女儿并没有死，在梦中女儿仍然娇甜可爱，母亲与女儿卿卿我我，快活异常。","但，一醒过来。","少妇才知是梦，她叹了一声：","“原来只是一场梦而已！”","少妇又上雷藏寺找我。","我又给她“摩顶”。","","她又做梦――","女儿渐渐长大了，在学校读书全是第一名，做母亲的非常快乐。母女同心，无所不谈，女儿当班长，当模范生，奖状贴满了整个墙上。母亲高兴异常，人人都夸奖，这女孩子太优秀了。","梦醒之后。","又有一悟：","“只是一场梦而已！”","少妇又上雷藏寺找我。","我又给“摩顶”。","这回的梦更绝了。","少妇的梦是这样的――","这位女儿大学毕业了，女儿出国留学，拿到了硕士学位，拿到了博士学位，又在异国找到了很好的工作。","女儿一切顺利。","但见面机会很少，只剩下相思。","后来女儿结婚了，定居异国。","有了工作，有了家庭，就更少回来了，偶而联络一下而已。","少妇在梦中，偶而一瞥镜子，发觉自己已白发苍苍。","梦醒。","少妇叹了一口气说：","“原来是这样，只是一场梦而已。”","","少妇又上雷藏寺找我。","我问：","“又要摩顶吗？”","她答：","“不啦！我已经知道结果了！”","我问：","“结果是什么？”","她答：","“聚散是一场缘分，人生的最后是生离死别，只当成一场梦而已，梦醒了， 一切都解脱了。”","少妇谢谢我的“摩顶”。","她的忧郁症全好了。","这件事，我未劝解什么，只是“摩顶”而已，而她，有了悟境。","","","","一","",""
"003 六根铁钉","https://reader.tbboyeh.org/fullscreen_player.php#/?ebook_id=436&chapter_id=c003","东南亚有一位五十多岁的妇人，经人介绍到眞佛宗的同修会同修，不久也皈依了莲生活佛卢胜彦师尊。","这位妇人有宿疾。","传说是这样的，她二十岁时，长得如天仙一般，五官清秀，体态苗条，非常的动人心弦。","同村有位恶少，爱上了她，这位恶少素行不良，曾性侵几位女子。","恶少又恐吓取财。","恶少也成群结党，收保护费。","恶少又教唆杀人。","恶少也是一个帮派的头目。","这位美少女不愿与恶少为友，婉拒了他的追求，他要求约会，均被美少女托故拒绝了。","恶少恼羞成怒，说：","“我要给妳好看！”","她说：","“不要杀了我。”","恶少说：","“不会杀了妳，要妳求生不得，求死不得，这才叫痛快！”","","她说：","“你要断我手足？”","恶少说：","“不是。妳难道不知道，我父亲是有名的降头师吗？”","(黑巫师)","那次谈话之后，恶少便与美少女分手了。","但，美少女得了“头痛症”。","此痛非一般的痛，是头欲裂的痛，脑袋好像被人砍了，晕死在地上。","少女到处求医，不明所以。","少女寻巫师解降头，也无效果，反而失眠严重。","少女因头痛症，花容失色，脸也扭曲变形。","因吃止痛药太多，体态变粗。","这头痛症折磨了三十年。","她每日在坛城，向莲花童子哭诉。","有一天，晚上做梦――","莲生活佛卢胜彦现身告诉她：","“找卢师尊摩顶！”","于是，她随着众同门到了台湾雷藏寺，参加了护摩法会，听法，最后等卢师尊摩顶。摩顶的人，人山人海，怕也有万人。她在人群中，卢师尊走过，只轻轻的拍了一下，也没说话，这样就结束了。","","当夜，在旅店，她梦见――","卢师尊来了，说：","“我帮妳拔掉六根铁钉。”","话才说完，头顶上出现了六位小黑人。","卢师尊喝令：","“不自去，还等什么？”","六位小黑人说：","“我等知你厉害，但，我不舍这住了三十年的地方！”","卢师尊火了，手现金刚爪出火，六位小黑人，吓到了，一溜烟跑了！","妇人醒来，头痛症竟然完全好了。","三十年的头痛失眠，一扫而空。","这是活活的见证。","我说：","愿以手功德  消除众疾厄","增长诸福分  种下菩提因","灾难不出现  敬爱大圆满","一切恶降头  普愿尽消灭","在","",""
"004 保险箱的钥匙","https://reader.tbboyeh.org/fullscreen_player.php#/?ebook_id=436&chapter_id=c004","位，你是不是常常藏了某样东西，时日一久，就忘记了呢？","尤其是年纪大的人，经常忘东忘西，甚至刚刚才吃了药，才一下子，就已经在脑海中一片空白，不知药吃了没有。","有些老人明明才吃了饭，问他：","“吃饭没？”","他答：","“还没！”","老人早把吃过饭给忘了。","老人，小时候的回忆，均还记得住，但昨天的事全忘光了。","昨天才介绍见面的人。","你问：","“你是？”","早就忘得一干二净！","美国总统雷根先生，晚年得“失忆症”，连自己的夫人“南茜”，也不认识；很多老人得失忆症，只一出门，就没有办法回家了。","“姓名忘了！”","“家人忘了！”","“家忘了！”","忘了！忘了！忘了！忘了！忘了！","","家人登报：","找寻失忆的亲人。","我在摩顶之中，有过这样的事――","我摩到一位老人。","那老人大叫一声：","“找到了！”","我吓了一大跳，找到什么？","老人说：","“我的保险箱藏了现金、黄金、珠宝、名表、银行存簿、印章、外币......。”","保险箱的钥匙，害怕被他人拿到，开了保险箱，那一切全完了。","于是：","藏沙发下。","藏枕头内。","藏书柜后。","藏口袋中。（衣柜中衣服的口袋）","藏牌匾后。","藏花盆内。","藏冰箱内。","藏天花板。","藏床板间。","藏旧鞋中。","","隔了一阵子，便换地方。这把钥匙太重要了，因此移来移去。","问题来了，老人藏的地方太多，时日稍久，他竟然忘了。于是他开始找，所有的地方全找遍了，仍然找不到，非常沮丧。","老人到台湾雷藏寺请我“摩顶”，这一摩，电光一闪，他脑海里出现：","“冷气的排气孔！”","天哪！卢师尊一摩顶，老人就看见“冷气的排气孔”。","他回家一找，钥匙眞的方方正正的摆在那里哩！","老人说：","“谢谢卢师尊！”","老人常常来求我摩顶，因为摩顶一次，记忆就恢复一些，摩多次，记忆就正常了。","老人说，眞的很奇妙！","","","诸","",""
"005 一条蛇游走了","https://reader.tbboyeh.org/fullscreen_player.php#/?ebook_id=436&chapter_id=c005","样是摩顶，我观想“本尊”住顶，我化为本尊，我一面摩顶，一面持本尊咒。","我的双手很快，因为如果不快，很可能要一个小时或二个小时之久。","摩过一个男子的头。","男子对我说：","“卢师尊，我的右手臂很痛，已经痛了半年了，请帮我拍一拍。”","我一听，随即用我的右手，拍男子的右臂，由上至下。","拍了三个关节，上臂关节，曲弯关节，手腕关节。","拍完，我就再去“摩顶”其他的同门。","过了一星期。","男子的回报来了：","他说拍完了手臂回去，手臂还是很痛，不只痛，还是剧烈的痛，约痛了二天。","二天后，男子做一个梦。","梦见――","自己手臂上，一条蛇游走了出来，是一条“青竹丝”的细长的蛇。蛇的口吐着舌信，蜿蜒的游走了。","这位男子梦醒之后，手臂居然不痛了。原来手臂痛时，手不能举，手臂不能弯，手指头也无法写字。","摩手之后，能举、能弯、能写，一切都正常了。万岁！万岁！","","这位男子说：","他家住“名间”，家中务农，种的是茶叶，生产很好的茶叶；另有一块地，种的是桑树。","也是约半年前。","他在一棵桑树下午睡。","觉得肚子上有东西，他惊吓醒来，双眼一看，一条细长的绿色“青竹丝”正爬在他的肚子上。","他随手一抓。","蛇头随即转头，要咬他。","他右手持着工作用的镰刀，一挥，蛇成了两断。","这件事他根本不放心上，务农的人，很多蛇他都见过的。","青竹丝。","百步蛇。","锦蛇。","龟壳花。","蟒蛇。","雨伞节。","水蛇。","等等。","","所以他不放心上。但，右手臂痛后，经卢师尊一拍手臂，做了一梦，他才想起这件事的，这也是一个巧合。","男子要求，他忧虑那条“青竹丝”又游回来缠在他的手臂上，他要求卢师尊赶快把“青竹丝”超度。","因此，我也超度了“青竹丝”。","我以为这件事就此化解了，没有想到事情还没完。","我超度过后。","男子又有一梦，又梦见“青竹丝”，“青竹丝”伸出龙爪，身长鳞甲，头变龙头，向男子一声申谢。","飞龙在天，向云中飞去！","这是善梦！","","","","","","","","","","同","",""
"006 找到适合居住的房子","https://reader.tbboyeh.org/fullscreen_player.php#/?ebook_id=436&chapter_id=c006","一位公司的副理，他想要找到适合全家人居住的家。(二个大人，三个小孩。)","于是他委任一位仲介公司的业务员，从二〇一二年初，开始找房子。","每一个星期六、星期日，甚至休假日，有时连晚上，都出去看房子。他很积极。","副理的原则是：","四房、一厅、一厨、三卫，在一个房间安置坛城。","价钱合宜。","风水无误。","产权清楚。","副理看了将近一年多，总共看了百多间房子，竟然是毫无着落。","副理心烦气躁。","仲介业务员也心情低落。","有的房子不错，但风水错了。","有的价格不合。","有的产权有问题。","有的房间不适合。","有的邻居复杂，环境不佳。","没有一间成的。","副理每回看房子，心都不抱希望了。","他搞不清楚问题出在哪里。","","有一天，他突发奇想，何不请卢师尊加持我找到房子。","副理跪在人群中，等待我的“摩顶”，他心中暗念：","“请加持我找到房子！请加持我找到房子！请加持我找到房子！”","我走过来，按了一下副理的头。","竟然奇迹出现――","当晚，卢师尊来了，带他去看房子，是一家装潢好的房子。刚好四房、一厅、一厨、三卫，其中一房是书房，连家倶、窗帘都装潢好了。","卢师尊与副理坐在客厅。","卢师尊说：","“这是你未来的家，风水很好。”","副理看了：","窗帘是水色的。","古典装潢。","沙发是紫色的。","客厅有一书柜，是红木配金。","电视机镶在红木柜里。","卢师尊说：","“书房可以改成坛城，这就成了！”","副理看了很喜欢，于是梦就醒了。","隔了三天，房屋仲介带着副理去看房子，仲介说：","“这房子是装潢好的，主人工作被调国外，急着出售，价钱合宜，你看看吧！”","","副理一进屋，吓了一大跳，这正是卢师尊梦中指示的房子。","水色窗帘。","紫色沙发。","书柜、木柜，均红木，电视镶在红木柜里。","四房其中一个是书房。","天哪！完全符合。怎么可能？怎么可能？怎么可能这么准？","副理上雷藏寺对我说：","“谢谢师尊，赐我吉祥的豪宅！”","我问：","“几时？”","副理说：","有","“在梦中，你带我去看豪宅！”","我说："
"007 一部救护车急驰而至","https://reader.tbboyeh.org/fullscreen_player.php#/?ebook_id=436&chapter_id=c007","到某国弘法，到了一个分堂，堂内、堂外、街道，塞满了人。","突然，一部救护车，从远而近，“尹哦，尹哦，尹哦”的鸣叫。","人潮听到救护车的声音，倒也自动分成一条车道，救护车缓缓的开到我的面前，戛然停住。","一位女士从车上下来，跪在我的面前。","女士说：","“救命！救命！卢师尊，救救命啊！”","我问：","“怎么回事？”","女士答：","“久闻卢师尊大名，救人无数。特地从医院由救护车载送病患，求卢师尊大发慈悲，救救他。”","我问：","“病人何病？”","女士答：","“二年前严重中风，脑溢血，至今仍然未醒，晕迷已两年，群医束手。他是我的先生，他是老实人，盼你救他了。”","我说：","“能不能治，我不敢说，我希望有奇迹！”","","车的后门打开，一位病患躺病床之上，有氧气、点滴、呼吸器，鼻子插管。那人一动也不动，双眼紧闭。","我双手合十，向本尊祈祷，而且念本尊心咒，心专注于一。","这时我的双手自动的分开，脚踏不丁不八，左手结“期克印”，右手结“剑指印”，一阵法流下降。","“剑指印”自动划出：","四纵五横印――即是临、兵、斗、者、皆、阵、列、在、前。","这是：","四纵五横印。","九字眞言法。","加持完毕之后，我用右掌，呵气一口，拍了病患的天心。","我发觉，法流自动贯满全身，我划印时、挥印时、哈印时，均非常有力，感应到佛、菩萨、金母确实要救这个人。","法事完成。","救护车“嘟嘟嘟”的“倒退噌”走了。","这时，我才走入分堂。","上法座。","开示“圆融”的重要性。","","我说：","“人与我之间，不应有分别。你、我、他，都是一家人。救度众生是行者应该做的，这是大乘。不只不要去伤害别人，还要尽心尽力去救度别人。我们原本是融为一体的大光明佛性，尽虚空、遍法界。”","说完法。","大众鼓掌。","这时有一人传来：","刚刚救护车内的病患，才回到医院，晕迷二年的人，已经张开了眼，口中还喃喃的念，是菩萨来救他的。","医院的人大叹：","“奇迹！奇迹！”","分堂的人大叫：","“太不可思议了！”","我说：","“人有诚心，佛有感应！”","","","","","","","","我","",""
"008 赌它一把吧","https://reader.tbboyeh.org/fullscreen_player.php#/?ebook_id=436&chapter_id=c008","文是“赌博”，主旨不在教人“赌博”，是简单的说明“手的魔力”。","我个人主张不可“赌博”，请勿模仿。","在二O一三年三月至五月间。","北韩与南韩起了争执。","有一个弟子，兴冲冲的跑来问我：","“北韩会不会打南韩？”","我没有即刻回答。","我想了一想，说：","“给梦示吧！”","我用我的手，给这位问话的弟子“摩顶”，让他能出现梦示。","而我自己的想念是：","一、北韩领导人金正恩，口口声声说，要用战争去解决一切。","二、北韩电视主播，向全世界表明，作战一定成功，一切已准备就绪，就剩“开战”而已。","三、北韩军首长展现一战的决心。","这不只口头上讲，而且尙动作频频。","我的弟子终于：","一、调动火箭发射台至东海岸。","二、调回南北韩工业区的北韩工人。","三、向各国外交使馆，请他们撤馆，表示无法保护使馆安全。","四、火箭瞄准冲绳、关岛、日本、南韩，并扬言打到美国本土。","五、情势紧张到，全世界的焦点全在南北韩。","金正恩说：","“开战！”","电视主播说：","“开战！”","军首说：","“开战！”","我想：","“可能会眞正打仗了！”","但，我那位弟子，回去做了 一个梦：","梦见我出现，对他说了一句：","“三月至五月初一，不会战！”","他很振奋，马上去签赌“不会战”。","事情原来是这样的――","有人预言：","北朝鲜将在“金正日”的冥诞日开战。","又预言将在南韩及美国军事演习之后的几天内开战。","......","会不会开战？成了焦点。","于是，赌博组头展开了大签赌，会战的与不会战的。","大家赌吧！","也就是三月至五月初一。","主战的签赌。","不会战的签赌。","签赌活动，沸沸扬扬的展开了。","“没有开战！”","我的那位弟子也想签赌，所以就来问我，到底会不会战？","有人认为：","会战！因为开战叫得震天价响。","有人认为：","不会战！可能只是恫吓而已，虎头老鼠尾，龟缩，会叫的狗不咬人。","有人认为：","本","南韩朴总统也出面说，大家协商吧！可见情势之紧张。","有人认为："
"009 请卢师尊多拍几下","https://reader.tbboyeh.org/fullscreen_player.php#/?ebook_id=436&chapter_id=c009","〇一三年，我在台湾雷藏寺期间，每一个星期六下午三时，均做诸尊的护摩火供。","等晚上吃完晚餐，我就“摩顶”。","每个星期六，均万人聚集。","有诗为证：","佛手摩顶大喜乐。","甘露下降净身心。","息增怀诛皆如愿。","奇迹连连均变现。","在我的手下摩顶，出现了非常多非常多奇妙的事情。","其中有一位，是做“精机”的，所谓“精机”是精密的机器，一向他的机器，外销到“欧洲”、“美洲”、“日本”等等。","在世界经济好的景气之下，订单源源不绝而来。","在世界经济金融海啸的时候，他仍有少少的订单。","因为他设计的机械，品质优良，有口皆碑，订单未曾断过。","所以，别人没有订单，他仍然保持着“稳定”，他赚了很多钱。","购买土地。","建大楼。","投资。","","但，在二〇一二年的下半年，很奇怪的现象出现，竟然连一张订单也没有，这是从来没有的现象。","很多机械业倒闭。","而他变成连一张订单也没有。他心中很急，没有订单，如何做下去？","他听说，卢师尊“摩顶”很灵验，他也就上山求“摩顶”。","奇怪的是，他第一次“摩顶”下山，隔天就收到一张订单。","他又上山“摩顶”，又得了第二张订单。","( 巧的是，摩顶一完，隔天又收一张订单。)","他现在有了信心，又第三次上山。","隔天又收一张订单。","他已收了三张订单。","有一次他很忙，没有参加“护摩”及“摩顶”，隔一天，没有订单，一个星期都没有。","他连连四星期（一个月）没有上山。","这一个月，连一张也没有。","于是他又上山。","隔天又眞的来一张订单。","如此：","屡试不爽，怪得很。","","有一回，我走过这位董事长，他大喊：","“请卢师尊多拍几下！请卢师尊多拍几下！请卢师尊多拍几下！”","我转头，拍了三下。","又是怪事，隔天收了三张订单。","有一段日子，台湾出口的景气，很不好，但，他有卢师尊的“摩顶”，订单的状况还不错。","这位董事长特别来找我，告诉我他的感应，而且要求：","“请卢师尊多拍几下！”","我问：","“眞有这么灵？”","董事长说：","“眞的！不摩顶一张也无，摩顶就来，摩三下，来三张。”","","","","","","二","",""
"010 一位脑部缺氧的婴儿","https://reader.tbboyeh.org/fullscreen_player.php#/?ebook_id=436&chapter_id=c010","西雅图雷藏寺时，一对夫妇坐了四个小时的飞机，抱着一位小婴儿来找我，他们一下飞机，就急急忙忙的求见。","执事人员问：","“什么事见卢师尊？”","夫妇说：","“最重大的事！”","执事人员笑了：","“每一位见卢师尊的人，都说天下第一重大的事，那到底是什么事呢？”","夫妇说：","“是我们小孩的事，很急。”","执事人员说：","“通常卢师尊，中午吃饭时间才会到，你们稍等一会儿。”","夫妇很急躁的说：","“我们去卢师尊的住处。”","执事人员说：","“他住的地方是秘密，我们也不知道。”","先生一听，火往上冲：","“岂有此理。”","","夫妇抱婴孩，急得团圑转，到处询问人，回答都是一样的。","等到中午吃饭时间，终于见面了。","我了解事情的始末：","这对夫妇，生了一个男婴，出生时，脐带缠住了脖子，让初生的小婴儿，有一段时间无法呼吸，造成了脑部缺氧的小生命。","小婴儿一出生：","一、脸发黑。","二、脑凹陷。","三、眼不张。","四、耳不听。","五、迟钝。","六、四肢没反应。","七、呕吐。","夫妇请医师急救，因为婴儿呈现不正常的状况，而医院把婴儿送入“育婴箱”中观察。","夫妇问医师：","“有救吗？”","“未知。”医师答：“救起也可能残废！”","天哪！夫妇大哭。","一个小生命就等着命运的安排。","小生命虽活着，但，一切症状，根本没有改善。","他们再问医师。","医师摊开双手，表示“无助”。","","这时有人告诉他们：","“何不飞去西雅图雷藏寺找卢师尊？”","“有用吗？”","“神得很！”那人说：“请卢师尊用手摩一摩小孩的全身。”","夫妇抱着小婴儿及氧气筒，就飞了过来。","我摩小婴孩的头。","摩眼睛、耳朵。","摩口 。","摩鼻。","一阵法流进入小婴儿的身体内，由脑部直冲而下。","小婴儿竟然口中吐了几口“黑血”，一块又一块的。","夫妇见状大恐。","在","后来小婴儿，睡得很香甜，呼吸正常。醒来后，脸红了、脑正常了、双眼张开、耳能听音、四肢能动、开口牙牙。","哇！眞的好了，夫妇高高兴兴的皈依眞佛！"
"011 是耶稣来接引","https://reader.tbboyeh.org/fullscreen_player.php#/?ebook_id=436&chapter_id=c011","名女子持着一张照片来请我加持照片中人，照片中人是一位病患，男子，三十多岁。","女子说：","“这位男士是我的侄子，在澳洲，任电机工程师。去年得了绝症，经过化疗，癌细胞已扩散到了全身。请卢师尊加持，看看会不会好？”","我的手摩了一下照片。","我是观想我的本尊的，我双目闭着，却看见基督耶稣。","耶稣如同一般照片中的形象显现－－","发长须长。","双眼慈柔。","穿内白外红之衫。","喇嘛装扮。","双手斜垂。","周身有光明。","耶稣从云中冉冉而下，接走了照片中的男子。","我亲眼目睹，颇惊讶！","我说：","“他死了，是耶稣基督来接走他的。”","这位女子说：","“卢师尊，你可不能乱说，我昨天才和他连络，他答应由我持照片，请你加持！”","","我说：","“他死了，眞的是由耶稣基督接走他的。”","女子说：","“他也不是基督教徒，早期，他随我皈依卢师尊你啊！”","女子在当时即刻连络了澳国，男士的母亲，两人互通电话。","女子一脸的错愣！","通完电话。","女子说：","“卢师尊，我佩服你！”","我问：","“怎么说？”","女子说：","“就在你的手摩照片时，他眞的死了！就在你摩照片的时候。”","女子又说：","“我的侄子，原本皈依你，三年前，结识一位洋妞，两人来往亲密。洋妞信仰基督教，带侄子去教会受洗礼，侄子家中悬挂一张耶稣的大照片。”","我说：","“那很好啊！”","","女子说：","“结果接引他的，竟然是大照片中的耶稣基督形象，如同你描述的一模一样。”","我说：","“阿门！”","女子问：","“卢师尊，你不排斥基督教吗？”","我答：","“当然不！”","女子问：","“为什么？”","我说：","“我以前也是基督教徒，曾任主日学老师、査经班老师。后逢奇缘，才信了道佛。我了解，基督教是天乘佛教的一个阶段。我是一位明心见性的尊者，根本没有分别心，我有的是平等心。”","","","","一","",""
"012 金洲大师现身","https://reader.tbboyeh.org/fullscreen_player.php#/?ebook_id=436&chapter_id=c012","〇一三年五月，晨起，看见大松树的中间，有一日轮升起，日轮中间有一人。","此人现身，光彩夺目。是：","彩虹光。","轮辐光。","庆云光。","严密光。","光彩万丈，坐于日轮的莲花光之上。我看了，非常欢喜，但，不知此尊者何人也。","我右手结钩召印。","我左手结时辰印。","（这种印法是値日功曹神所授，能结时辰印，诸尊下降，其口诀也是一个“摩”字了得。）","日轮中一人果然下降。","我问：","“尊者何人？”","答：","“我即金洲大师！”","","我问：","“我曾至印尼占碑，阿底峡尊者求法于金洲大师处。我至时，天上雷声大作，细雨霏霏，心中大震撼，何以如此？”","金洲大师答：","“有缘人至，莫不如此！”","我问：","“金洲大师，有一疑，请示之。”","金洲大师答：","“你有疑，所以我才现身示你，你是想问我的来历及传承是否？”","我答：","“正是。”","于是金洲大师说：","“我出生在爪哇岛，当年的爪哇岛盛行佛陀教化。”","“佛传大迦叶，大迦叶传阿难，后传至大谷苏鑪，大谷苏鑪传小谷苏鑪，小谷苏鑪传金洲大师，这就是传承。”","（小谷苏鑪即“宝军”即“摩诃宝利啰那）","我问：","“世人仅知金洲大师，大师有其他名否？”","金洲大师答：","“出生爪哇，名遍斗。后法名是具大种性白莲花王。”","我一听，愣住了！","“白莲花王！”","","我这一世是大白莲花童子转世，金洲大师是白莲花王，我们之间又有啥牵连？","我说：","“阿底峡尊者又是谁？”","金洲大师答：","“阿底峡尊者至金洲访我，我尽传阿底峡尊者，因为阿底峡尊者是我彼此多世之师徒，二者根本不可分。”","我问：","“那我卢师尊呢？”","金洲大师答：","“你是白莲花的种性，与白莲花王不可分割，与阿底峡尊者不可分割。你至占碑，天上响雷，即是，即是。”","我问：","“种性不可分割？我不明白。”","金洲大师说：","“佛言，一合相即是，你若知一合相，便明白一切了！”","","","二","",""
"013 梦中的开刀","https://reader.tbboyeh.org/fullscreen_player.php#/?ebook_id=436&chapter_id=c013","在长长的人龙中摩顶，人确实非常多。","一名男士匆匆而至，一面走一面喊：","“请大家让一让，行行好。”","众人答：","“我们都是排队的，你也须要排队，你到后面去排吧！”","男士说：","“我是肾结石，现在痛得紧，等不了的。请大家帮帮忙，请卢师尊帮帮忙。拜托！拜托.！”","我抬头看了男士 一眼，但见他头上冒着豆大的汗水，一面喊：","“痛、痛、痛。”","我从人群中走了出来，口中诵咒：","天圆地方。","律令九章。","我今施法。","给予平安。","我手轻拍男子背后肾臓的部位，一面拍，一面又念：","“嗡。梭巴娃。速打。沙尔娃。打尔妈。梭巴娃。速都罕。”","（观空。我观结石亦空。）","","拍了几下，男士竟然站立起来说：","“不痛了！不痛了！谢谢！谢谢！”","众人一看，啧啧称奇。","更奇的是，这位男士回家后，晚上在夜梦中，突然看见有几个人，走入他的房间。这些人喊着：","“开刀了！开刀了！”","男士说：","“我不开！”","那些人说：","“卢师尊拍你几下肾脏，痛是止了，但根源没有拔除，久久仍然会痛。我们几位天医，特来为你开刀。”","男士答：","“我只相信卢师尊！”","那几个人说：","“就是你相信卢师尊，我们才来的。”","那几位天医不由分说，包围住男士，就开始动手了。","一个开腹。","一个开肾脏。（将肾脏取出）","一个取石头。（结石）","把里面“尖形”、“圆形”、“杂形”的石头全部捡了出来。","再用手一摸，肾臓伤口复原，归了原位。","","另一个再用手一摸，腹部伤口复原，一点伤口也没有。","这些动作，男士均历历在目，却是一痛也不痛。","其中一位天医，上戴白帽、口罩、身白衣，站在一旁看。","一切完成后，那位天医脱下口罩，男士看清了他的面貌，大叫：","“是卢师尊！”","这一叫，便醒了过来，原来是一场“梦”而已！","但是－－","男士去医院检査，医师说：","“怪哉！所有的结石全不见了。拿出以前超音波照片，结石累累，而现在，竟然空空如也。”男士跑来告诉我检验结果。","我说：","“人生本是一场梦，不是吗？”","","","","我","",""
"014 鼻子过敏的问题","https://reader.tbboyeh.org/fullscreen_player.php#/?ebook_id=436&chapter_id=c014","家有三个小孩，二男一女，他们都有鼻子过敏的问题，首先不在意，后来过敏愈来愈严重，才发觉不妙。","清晨起床，一出棉被，就流鼻涕。","打喷嚏。","头昏脑胀。","影响功课。","容易感冒、发烧、咳嗽。","心情不佳。","后来，去看西医，没有太大的效果；又去看中医，也没有效。","事实上，每天流鼻涕、打喷嚏、鼻塞、呼吸困难......。","卫生纸擦了又擦，非常的困扰。","有人教他们，须要“养护”。","起床戴口罩，保暖。","洗鼻子。","吃过敏药。","虽然好了一阵子，但，结果鼻子过敏仍然再犯，已无药可治。","吴家长辈为这三个小孩，头痛不已，好像成了慢性病一般。","","又有人告诉他们，莲生活佛卢胜彦在“草屯”雷藏寺，法会完毕后，会有摩顶，听说很多疑难杂症，经过摩顶就好了。","吴家长辈不信：","“岂有这等事？”","吴家长辈问：","“靠什么力量？”","来人说：","“靠佛力吧！”","吴家长辈不信，摩一摩顶就好了，岂有此理？","但，来人说：","“何妨一试，又不损失什么！”","在一个星期六，吴家大小参加了我主持的护摩（火供）。","他们觉得很庄严。","又听我说法，觉得有法味。","最后参加摩顶。没想到，祈求摩顶的人，有上万人。","摩到吴家大小时。","他们叫：","“卢师尊，摩一下鼻子好吗？”","我问：","“鼻子怎么了？”","他们叫：","“鼻子过敏！”","","我的手，碰触三个小孩的鼻子，发觉自己的手，微微的震动，一股热呼呼的法流，灌入他们的鼻子之中。","我碰了三下。","就匆匆的走了过去。","他们叫：","“请多摩几下！”","我回头：","“这样就可以了！”","吴家大小下山后，第二天清晨，怪的是，三个小孩鼻子都不敏感了。","一天如此，二天如此，一星期如此，一个月如此，以后全好了！","吴家说：","“果然奇妙得很！”","我说：","“感应如潮水，佛力果然威吓！”","吴","",""
"015 你一定会被录取","https://reader.tbboyeh.org/fullscreen_player.php#/?ebook_id=436&chapter_id=c015","一位“雅靖”弟子，申请著名大学的博士班，他将申请的文件，拿来给我加持。当我的手一抚他的文件时，感应到一片光明。","我对雅靖说：","“你一定会被录取！”","雅靖说：","“我仅是试试，因为成绩未达入学标准，所以不抱希望。”","我说：","“铁定录取，我有感应到！”","“真的吗？”雅靖问。","“真的。”我说。","这件事，申请人是不抱希望的，因为申请成绩根本未达入学标准。","但，我却铁口直断，因为我不但看见光明一片，而且看见“观世音菩萨”绽放的笑容，而且向我点点头。","雅靖申请后，不久便收到学校的通知，表示不合格，所以：","“不录取！”","雅靖心中想：","卢师尊加持过的申请文件，且口口声声会录取。","","如今。","不录取了，可见卢师尊也会失准，“神算有够准”，看来，要大打折扣了！","雅靖口中不说。","但心中很后悔，当初不给卢师尊加持，就没有这件很糗的事。","懊恼啊！懊恼啊！","他曾经跟很多人提起，卢师尊说过：","“你一定会被录取！”","如今。","如何自圆其说？","大约过了三个月之后，雅靖又收到一张该学校的来函。","来函指出：","原本录取的学生中，有一位生了重病，无法再读博士班了。","你虽然未达学科的标准，也未达入学的标准。","但，其他科目尚优。","可以由指定的教授帮助你合格，所以仍然收录你进入博士班。","天哪！","“录取了！”","原本不录取的，变成录取了，这是非常难以置信的。","雅靖，喜出望外！","雅靖，高兴的跳跃。","","这如同碰壁！碰壁！结果“柳暗花明又一村”，被录取了。","雅靖赶快上台湾雷藏寺来告诉我。","我听了，也觉得“峰回路转”，是太不可思议了，是一项奇迹。","其实加持，也是有凭有据的：","例如：看见光明一片，不是看见一团黑。","例如：看见观世音菩萨，而不是看见罗刹。","例如：看见笑容可掬，而不是看见泪流满面。","所以我说：","“一定录取！”","我常常祈祷：","“让我能真正帮助人，让我的感应给予众生当依持！”","","","","","有","",""
"016 全身舍利","https://reader.tbboyeh.org/fullscreen_player.php#/?ebook_id=436&chapter_id=c016","日，一些修行者，达到了某一果位，他们蜕化时，往往有很多现象。","一、全身化虹光入虚空之中。","二、全身化虹光遁去，但，尚有毛发指甲。","三、全身舍利子滚来滚去。","四、全身震动，震出舍利。","五、天灵盖顶，黏着舍利。","六、关节部分，有舍利子。","七、心舍利。","八、舌舍利。","九、血舍利。","十、指舍利。","等等等等。","我的弟子之中，有一位年纪大的出家比丘，住在加拿大，满地可的城市。","他就是九十多岁的益民法师。","我最后一次看见他，是二○一二年的夏季。益民法师从“满地可”飞到“西雅图”来见我，我在真佛密苑的草坪和他聊了一下。","我说：","“益民法师最近可好？”","他说：","“好！好！好！”","","我看了他的脸。","红润润的，白眉毛，脸长方形，笑起来像一位小童子。","我问：","“身体好吗？”","他说：","“脚稍微没有力，现在走路要扶着拐杖。唉！唉！老了！”","我拍一拍他的肩膀说：","“法师，你是一位大成就者，将来你会到佛国净土。”","益民法师答：","“请卢师尊接引！”","我说：","“此时我接引你，他时你接引我。”","益民法师说：","“这怎么可以？”","我说：","“将来，你舍利子甚多，我保证你全身舍利啊！”","我再说：","“我们在密苑门口照一个相，这是我们多世因缘的重逢。”","我知道：","益民法师持上师心咒，达八百万遍以上。","持《高王经》达数千遍。","持《真佛经》达数千遍。","修上师法、本尊法、护法法无数。","","内法超胜。","身、口、意皆清净。","气、脉、点清净。","（已证阿罗汉的果位。）","这位益民法师年岁九十多，每一场时轮金刚大法会，他一定到。","二○一三年五月十五日，我从台湾飞回西雅图，知道益民法师已圆寂。","火化后，全身舍利，千千万万粒，一粒一粒像米那么大。","益民法师在我主持同修中，现身七次，最后一次变化成知觉阿罗汉，腾空而去。","昔","人问：","“益民法师成就为何那么大？”"
"017 为什么没有看到摩诃双莲池？","https://reader.tbboyeh.org/fullscreen_player.php#/?ebook_id=436&chapter_id=c017","一位女弟子，看见有人念八百万遍“莲花童子心咒”，真的去了“摩诃双莲池”。","而且卢师尊曾说：","“念八百万遍莲花童子心咒，即可往生摩诃双莲池，见证摩诃双莲池。”","于是她就念了。","当她念到七百万遍的时候，什么也没看见。又念到七百九十九万遍时，同样什么也看不见。最后她真的念到八百万遍。","她吓了一大跳。","因为八百万遍的那一声，刹那间，眼前白云片片放光。","光中现出一棵如意宝树。","宝树正中央是莲华生大士。","莲华生大士的头顶上方是历代祖师，最上方是普贤王如来。她认得普贤王如来。","莲华生大士的正前方，有释迦牟尼佛及十方三世诸佛围绕。","莲华生大士的右方，有三怙主－－文殊菩萨、金刚手菩萨、观音菩萨。","莲华生大士的左方，有舍利弗、目犍连等的声闻缘觉圣众。","在如意宝树，枝叶空隙有金刚明王护法神众。男金刚明王面朝外，女金刚明王面朝内。","她自己估计，所见到的诸佛、菩萨、金刚、护法、空行、诸天，真的上百上千，无法去计数了。","","她跑来告诉我：","“看见的是什么？”","我答：","“那是皈依境的如意宝树。”","她问：","“为什么没有看到摩诃双莲池？”","我答：","“如意树是长于八功德水中的，八功德水等于是摩诃双莲池。”","她说：","“我不管，我要看见摩诃双莲池的十八大莲花童子才算数！”","我笑着说：","“不要太执着，妳念八百万遍心咒，看见千百亿的佛、菩萨、金刚、护法、空行、诸天，已满足了。”","她说：","“我就是要看摩诃双莲池的十八大莲花童子，这样才算。”","我一时之间，也不知如何是好。","我说：","“好吧！我给妳摩一摩顶，妳回去看！”","","她回家，第二天又来，说：","“这一摩顶，什么也没有了，我一样没有看到摩诃双莲池的十八大莲花童子。”","我一听也怔住了。","我召请本尊下降。","本尊告诉我：","“教她念《真佛经》三遍，再摩顶，一定得见！”","我照本尊的话去做，要她念《真佛经》三遍，我再给她摩顶。","这回－－","她兴冲冲的上山，告诉我：","“我看见了，见证了。”","我很奇怪，为何第一次摩顶不见，第二次摩顶才见。","后来我才知道，她曾经请了三本《真佛经》回去，随手扔在报纸堆中，因而，必须念三回《真佛经》，如此才得见！","","","","","","","有","",""
"018 枕边有人","https://reader.tbboyeh.org/fullscreen_player.php#/?ebook_id=436&chapter_id=c018","一位许小姐，告诉我一件她很困扰的事。","她有一回，去参加好友哥哥的丧礼。","好友的哥哥是骑摩托车，被从后面的汽车撞击，人车飞落山谷而死。","生前对许小姐有好感，曾经参与郊游、露营、野餐......。","但，尚未达男女朋友的标准，聚会都是很多人，很多人。","参加好友哥哥的丧礼回来。","那天刚刚落雨，屋子有凉意，使她觉得阴森森的。她说，她的屋子平时很温暖，怎么今天变得凉凉冰冰的？","又，那个丧礼的哀凄场面，始终在脑海中，挥之不去。","灵堂里的相片眼神，有一点哀怨，她好像走到哪里，那眼神，就跟到哪里。","她洗一个热水澡。","舒服了些，上床睡觉。","半夜，问题来了。","她半夜突然醒来，感觉到睡榻之旁有人。她看了一眼，半梦半醒，她看到睡在旁边的人，竟然是好友的哥哥。","身是浅蓝色。","七孔流血。","开口说：","“嫁给我吧！”","","她大叫一声，全醒了。","再一看，床边是空的，好友的哥哥消失了。","再来－－","都在半夜发生。","她看见好友的哥哥，在床的上空飞。又开口说：","“嫁给我吧！”","又－－","她翻一个身，摸到一具冰冷的尸体，又是他，他又开口：","“嫁给我吧！”","又－－","她在睡中，觉得有物压在她身上，她用手一推，那人腾空，又是他，仍然开口：","“嫁给我吧！”","几乎一个月，夜夜如此。","她整个人都快崩溃了！","更有甚者－－","半夜冰箱的门，自动打开。","夜间敲门，打开无人。","半夜马桶，自动冲水。","浴室有人洗澡，跑去看，根本无人。","清晨醒来，原关闭的窗子，全部打开。","拖鞋不见了，被丢到垃圾桶。","......。","","许小姐告诉我：","“卢师尊！怎么办？他好像或根本就住在我家。”","我说：","“他何止住在妳家，妳走到哪里，他跟到哪里，他现在就在妳身旁。”","吓！","许小姐说：","“怎么办？”","我说：","“小事一桩。第一，我用手结四纵五横印加持妳，结界，他不能近妳的身。第二，在住家四角，安立时轮金刚金刚盾，他不能进入妳屋子。第三，持我的心咒，他一接近，就摔了出去。”","许小姐都做了。","果然安宁无事，一切恢复正常。","有","后来－－","有一晚，他跟踪我，我一转身，双手结“轮回印”。他的灵体被吸入“轮回印”中，轮回转世去了！"
"019 掌中出现乙尊城隍","https://reader.tbboyeh.org/fullscreen_player.php#/?ebook_id=436&chapter_id=c019","一个人，他不是佛教徒，也不是其他教的教徒，他从来不信仰什么东东。","他是职业军人，小时候家里穷困，历经艰苦的他，后来投考军校，毕业后，过着军旅的生活。","军旅生活很单纯。","他的人很老实。","烟酒赌博，从不沾染。","风花雪月，不会涉及。","吃喝玩乐，也很少有。","他喜欢读书，比较喜欢清净，长年研究学识，偶而才看看电影。","再加上：","军中锻炼出坚强的意志力。","有纪律的日常生活。","清清白白的习性。","他认为：","宁静澹泊的操守，与拜佛诵经，并无不同。","暗室无亏的品德，就等于佛教的守戒律。","所以，他什么也不信！","友人劝他信佛，不为所动。","","他过着：","上班下班。","服务军中。","全无奢求。","有一天，他上大号，便中有鲜血，他很惊恐，接连几星期，均是如此。","他买了肠子发炎的成药吃，无效。","到诊所找医师，吃抗生素，无效。","最后照肠镜，发现恶性的瘤（肠癌），主治医师主张切除。","他是有点怕怕，因为切除有后遗症。","有人告诉他，草屯虎山有座雷藏寺，莲生活佛卢胜彦的摩顶常有奇迹。","他嗤之以鼻！说：","“朗朗乾坤，妖言惑众！”","再劝他试试。","他说：","“卢胜彦批评他的人很多，风评实在不佳，我不为所动。”","劝者无功而退，只送他一本书《七十仙梦》。","他看书，觉得很新鲜。（《七十仙梦》的书）","劝者又来，他盛情难却，又不花费什么，也就去试试。","我摩他的顶，看见自己的掌光有乙尊“城隍”来救他。","我说：","“有乙尊城隍来救你了！”（城隍是地方境主之神）","他答：","“胡说，我对一切宗教都不信，何来城隍？”","“有供祂吗？”","“当然没有！”他答。","","我问：","“你跟城隍从无渊源？你自己想一想，再想一想，一定会有根源。”","这位军官突然跳了起来说：","“我想起来了，我小时候，隔壁就是城隍庙。常常进庙玩，学大人，向城隍合掌叩首，父母曾在城隍庙给我安过一次光明灯。”","天哪！","真是准！","他一生只跟城隍合过掌，叩过首。","我摩过他的顶之后，奇迹的是，他的癌，主动变小，变没有。主治医师本想切除，却没有东西可切。","有","他来谢我，及皈依我。","我说："
"020 加百利天使","https://reader.tbboyeh.org/fullscreen_player.php#/?ebook_id=436&chapter_id=c020","O一三年五月二十二日，那时候我已回到美国西雅图雷藏寺。","在二十二日那一天的清晨，我在睡眠中，迷迷糊糊看见一位长着白翅膀的人，在天主教或基督教，就被称为天使。","这位天使告诉我：","“我是加百利天使！”","我问：","“祢有何事？”","天使告诉我：","“时到即知。”","我在迷迷糊糊之中，只听见“加百利天使”的名字，其他什么都不知道。","到了二十二日的傍晚，有一位老人，扶着拐杖，在我吃完晚餐之后，请我给予加持。老人给我一张纸条，上书：","“我一星期，跌倒十多次，医生扫描头部有瘀血一大块。医生认为，要把瘀血取掉，才不会跌倒。请卢师尊帮我加持。”","我即时伸手。","按在他的头顶上。","","心中精神集中，观想本尊“瑶池金母”。结果“瑶池金母”没来，倒是出现了“加百利天使”，是“加百利天使”来帮助这位持拐杖的老人的。","不管是谁加持！","我的手掌法流，源源不绝的灌入老人的头中。","我说：","“会有奇迹！”","我说：","“你会好！”","到了五月二十三日，这位老人到医院重做扫描，扫第一次，没有看见瘀血。扫描第二次，仍然是看不见有瘀血。","医师取出扫描片子：","上一回，明明瘀血一大块。","这一回，两次扫描均不见了。","医师大叫：","“有鬼！”","医师说：","“太不可思议了！”","这位老人说，隔几天，他会来感谢我。","几天后他来，我很好奇：","“谁是加百利天使？”","老人答：","“不知。”","","我问：","“你家有天使的雕像吗？”","老人想了一想，说：","“我的儿子，有一回到叙利亚经商，在叙利亚的古董店，看到乙尊天使肖相，是雕刻的木头，很美丽，就请了回来。儿子随便摆，我看天使有翅膀，应该是神圣的，我就把天使摆在崇高的橱柜的最上方，以示恭敬。我也不知道是天主教的天使或基督教的天使，我什么也不懂。”","最后，我只有自己去查“加百利天使”，查了之后，吓了一大跳！","在“穆斯林”、“伊斯兰教”，穆罕默德四十岁时，在麦加三哩外的哈拉山洞中，有一位天使出现，认证穆罕默德是真主阿拉（上帝）派来的先知。要他启示的真理，全记在《古兰经》中。","而这位启示的天使，名字竟然是：","“加百利天使！”（GABRIEL）","","","","","","","","","","二","",""
"021 妳要请卢师尊摩腹部","https://reader.tbboyeh.org/fullscreen_player.php#/?ebook_id=436&chapter_id=c021","一位年轻少妇，有了身孕之后，就觉得反胃，呕吐，身体感觉不适。连胎儿也觉得要掉了出来。有时，还流血。","少妇去找医师。","医师说：","“很容易流产，要躺着，才能保得住婴孩。”","因此，就遵照医师的吩咐，没事少走动，大部分躺床上。","这位少妇是信佛的，普济寺的师父去看她，要她：","一、念〈大悲咒〉，喝大悲咒水。","二、念《普门品》，可救产难。","三、念《药师经》，可解其他病痛。","少妇就依照师父的教导，念〈大悲咒〉，念《普门品》，念《药师经》。","结果，感应非常好，躺了二个月，胎儿就固定了，没有要掉下来的感觉，身体也觉得舒畅很多。","她去普济寺供养僧众。","听佛法。","发菩提心，当功德主。","师父还说明服“阿伽陀药”的方法给她听，她非常高兴。","","到了约七、八个月。","医师例行检查，发觉婴儿，胎位不正。一般人要生产前，胎位是头朝下，脚朝上，但她的是脚朝下，头在上。","医师以图片指示要做运动。","这类运动是令胎儿渐渐的转过来，生产时，变成头朝下，脚在上。","少妇很认真的做。","到了临产期的时候，医师用超音波扫描，发觉婴儿头是朝下了，脚在上面，简直是太棒了。","但，医师用听筒听诊，竟然没有听到婴儿心跳的声音。","再仔细检查，果然没有心跳。","胎儿死了！","医师叹了一口气。","少妇脸色苍白。","怎办？","少妇只有听医师的，要把死胎拿掉。","少妇回家后，晚上翻来覆去睡不着，觉得非常难过。","当朦胧快睡着的时候，她看见墙上的观音菩萨相片，观音从里面走了出来，对着她说：","“妳要去请卢师尊摩腹部！”","说完，又走回菩萨相里去了。","","第一回，她认为是自己日有所思，夜有所梦。","但，第二晚，观音菩萨又对她说：","“妳要去请卢师尊摩腹部！”","这时，她才问：","“卢师尊是谁？”","有人告诉她，卢师尊在雷藏寺说法，于是她真的来了，排在人群中。","我走过时，她露出大肚子，说：","“卢师尊请摩腹中婴孩！婴儿没心跳。”","我怔住了，就轻碰了一下。","就是这样子，婴儿的心跳竟然动了，又跳了。","生下了一位白白胖胖的男婴，健健康康的。","这位少妇带很多人来皈依！","","","","","","","有","",""
"022 七爷白无常","https://reader.tbboyeh.org/fullscreen_player.php#/?ebook_id=436&chapter_id=c022","一次，我去了夜市场。","夜市场的人总是多到不得了，男男女女挤来挤去。","摊贩非常的多，吃、衣的店最多，其他的店次之，生意特别的好。","我又想起了《生意出门经》。","出门出门经。","落阶就遇到观世音。","东也一群佛。","西也一群佛。","南也一群佛。","北也一群佛。","我的一切商品全卖清。","","念着、念着，想起夜市场的摊贩，念《生意出门经》最好不过了。","这时，有一位陌生人，对我特别的注意，我也看了他一眼。","这位陌生人，也是来逛夜市的，他长得很结实，中等身材，脸方方正正，黑黑的。","他的身后，我一看，大骇：","原来他的身后有乙尊“七爷白无常”，非常的高大，头上写着“一见大吉”。","这“白无常”是无形的，城隍爷的副将七爷。","我非常诧异！","这位陌生人对我说：","“你是卢胜彦师尊？”","我答：","“是的，我是。”","陌生人说：","“很早，我就看你的书，而且在电视上看过你在说法，很有印象。”","我说：","“谢谢你！”","陌生人说：","“我听人说，你的神算是第一准的，能请你帮我算算吗？”","我问：","“算什么？”","陌生人答：","“算职业！”","我在当街上，把手伸出来，看我手上的光，光中又出现了乙尊白无常（一见大吉）。","怪！怪！","怎么又是“七爷白无常”？我被弄胡涂了，职业跟七爷白无常有何干系？","陌生人笑了：","“我的职业，不容易算，是吗？”","","我很尴尬，因为除了看见白无常之外，什么也见不到。我想，是不是这个人，马上就会被七爷白无常勾走了，生命不保，这职业就不必算了？","陌生人说：","“你算不出，哈哈！”","我说：","“坦白说，真的算不出来，但在我的掌光中，我看到乙尊白色的七爷白无常，但，这白无常和职业有何关联呢？”","这下子，陌生人呆了。","他向我下跪，求皈依。","我问：","“怎么了？”","陌生人说：","“卢师尊，坦白跟你说吧！所有相士我全看过了，就是相不出我的职业。我的职业是，迎神赛会中，撑着白无常走动的人。”","","","有","",""
"023 谁能在梦中给我灌顶？","https://reader.tbboyeh.org/fullscreen_player.php#/?ebook_id=436&chapter_id=c023","一位年轻人，很相信密教的法，他读了很多我的书，但，他没有皈依。","他一直想找一位藏人的根本金刚上师，才去皈依受灌顶。","为什么不皈依卢师尊，其因有：","一、他是汉人、台湾人。","二、他的传承真假难分。","三、风评太多。","四、密法真假难辨。","五、真佛宗也有可能是假佛宗。","这位年轻人很想去找“甲札仁波切”皈依受灌顶，因为“甲札仁波切”是红教白教的大长老，他心向往。","“甲札仁波切”一百多岁了！","有一天。","他看到一则新闻，“甲札仁波切”的佛母“嘎玛拉”要到台湾雷藏寺来。","于是他到了台湾雷藏寺。","这一来，他吓了一大跳。","原来世界各地来雷藏寺的，有数万人，而“嘎玛拉”佛母，坐在第一排的贵宾席，她听卢师尊说法，频频点首。","","他挤了上前，想向“嘎玛拉”佛母谈几句心中的话。","但，有人保护着这位尊贵的佛母。","所以，他远远的问：","“卢师尊是活佛吗？”","佛母答：","“是。”","又问：","“甲札仁波切对卢师尊有何评语？”","佛母答：","“少年英雄。”","他想再问。","就被人给阻止了。","他那一天，无可不可的受了“勾财天女”的灌顶。他本来就是仰慕“嘎玛拉”佛母，才上台湾雷藏寺的。","这位年轻人又听说，晚上的摩顶更厉害，很多的奇迹会发生。","他就留下来，准备给卢师尊摩顶。","他想：","“我早就向往忿怒莲师的灌顶，但跑了很多藏密道场，很多喇嘛们都没有给灌顶。摩顶时，我就祈祷要灌这个顶，请卢师尊梦中灌顶。若没有梦中灌顶，这位卢师尊就是假的；若有，那到时再说了！”","他排在人群中，给摩了顶。","","当晚，他在梦中，果然卢师尊出现了，卢师尊说：","“你想灌忿怒莲师，我知道。”","年轻人问：","“那你为何不给我灌顶？”","我说：","“灌顶也要依次第，你连皈依都没有，我怎可为你灌顶？”","有了这一个梦，他才照我教的方法，正式皈依了莲生活佛卢胜彦。","皈依了之后。","莲生活佛卢胜彦才给这位年轻人，正式灌顶了“忿怒莲师”。","这位年轻人果然很精进。","有初步相应的现象。","他说：","“卢师尊的一切，拢系真ㄟ！”","","","","","有","",""
"024 老实念佛吧！","https://reader.tbboyeh.org/fullscreen_player.php#/?ebook_id=436&chapter_id=c024","一位老居士，他始终觉得自己老了，密教里的“拙火法”，他修了几年，始终无所觉，下盘总是虚虚凉凉的。","他修“明点法”，明点没有下降；修提法，明点也没有上提。","修气入中脉，在纳气闭息中，不但一分钟不到，连半分钟也不到，只能闭息十秒钟，宝瓶气也修不成。","他是气馁了。","有一次，我摩他的顶。","他夜间得梦－－","卢师尊对他说：","“老实念佛吧！”","老居士跑来对我说：","“卢师尊，我梦见你，告诉我老实念佛吧！请你教我，如何老实念佛？”","我告诉他：","你的坛城就供奉中央阿弥陀如来，右方供观世音菩萨，左方供大势至菩萨。如此三尊即可。","供花、香、灯、茶、果。（五供）","供花、香、灯、茶、果、净水、沐浴水、如意螺。（八供）","（均可）","","每日朝暮念诵，洗手、漱口，佛前烧香、敬茶，合掌礼拜念佛。","一心顶礼，南无莲生活佛卢胜彦圣尊。三称三拜。","一心顶礼，南无本师释迦牟尼佛。三称三拜。","一心顶礼，南无西方阿弥陀佛。三称三拜。","一心顶礼，南无观世音菩萨。三称三拜。","一心顶礼，南无大势至菩萨。三称三拜。","一心顶礼，南无清净大海众菩萨。三称三拜。","然后回向：","愿同念佛者。","同生极乐国。","上报四重恩。","下济三涂苦。","见佛了生死。","如佛度一切。","（若要兼持咒，也可念：“嗡阿弥爹哇些”、“嗡嘛呢呗咪吽”、“嗡悉悉。索。梭哈”。）","朝暮二回。","","平时可以多念“南无阿弥陀佛”，随时随地。亦可持计数器。","老居士问我：","“可以念《阿弥陀经》吗？”","我说：","“当然可以。”","老居士问我：","“可以念《高王观世音经》吗？”","我说：","“当然可以。”","老居士问：","“可以念《真佛经》吗？”","我说：","“当然可以。”","老居士问：","“可以加念〈往生咒〉吗？”","我说：","“当然可以。”","老居士问：","“可以......？”","有","我笑了：","“什么都可以，只要你时间够，但最重要的是朝暮二课。”"
"025 观世音菩萨叫我来的","https://reader.tbboyeh.org/fullscreen_player.php#/?ebook_id=436&chapter_id=c025","一次摩顶，人潮仍然非常汹涌，但在人潮中，我发现“非人”在其中。","人挤来挤去，都伸着头，要我摩顶。","但在这些人头之上，有一“无形之物”，祂是会飞的，在人头上，上下左右飞。","我虽知道。但，我也不说破。","只是向虚空中摸了一把。","祂笑了！很开心。","我也笑了！","由于这“非人”来的古怪，如蜻蜓一般，上下左右飞。","祂偶而伸头，就要我摩一下，如此连摩三十二下。","我问了：","“祢是谁？”","祂答：","“精灵。”","我问：","“祢来摩顶干什么？”","祂答：","“观世音菩萨叫我来的。”","","我问：","“观世音菩萨叫祢来接受摩顶三十二次，有什么特别意思？”","祂答：","“我可以因法力的加持，而消除一些障碍，清净我自己。观世音菩萨怜我是精灵，业障消除后，摩顶三十二次，我将来会有三十二个变化身。”","“祢变成观音三十二应化？”","“是的。”","“做什么用？”我问。","祂答：","“在南部有一家小庙，是乡人新盖的，主神是观世音菩萨。菩萨要我去那里住寺，做为安居立业之处，不要到处浪荡。”","我“喝”了一声：","“小小精灵，进庙受人间香火，又托附观世音菩萨之名，祢何德何能？”","祂答：","“我虽精灵，但从未害人，且默默帮助人。菩萨慈悲我，认为精灵可教。为了住寺帮助人，才叫我受三十二下摩顶，以显化观音三十二应化身，去救度众生。”","我听了，很感叹。","精灵虽是精灵。","但，一生犹知不害一众生。","又，尽力去救度众生。","前者是小乘。","后者是大乘。","精灵也可以修成菩萨啊！难得难得！","","我问：","“祢将来的庙，叫什么名？”","祂答：","“××寺。”","有一年，南下到高雄某乡下地方，有一菩萨现身语我：","“××寺快到了！”","我一望车窗外，看到山麓有一寺，果然是“××寺”。","红墙绿瓦，相当壮观。","我大骇：","“这是祢的寺？”","祂答：","“小庙已成大寺矣！”","","有","",""
"026 看见一团火燃烧","https://reader.tbboyeh.org/fullscreen_player.php#/?ebook_id=436&chapter_id=c026","一对夫妇是银发族，他、她均已退休，目前他们常常出去旅行。","旅行回来，每星期六，均来参加我们的共修，或参加我们的法会。","他们喜欢乘坐大邮轮，在邮轮上七天七夜，日子长短不拘，自由自在。","他们游过“阿拉斯加”。","他们游过“加勒比海”。","他们游过“欧洲”。","他们游过“东南亚”、“东北亚”......。","都是乘大邮轮，游遍世界各地。","他们说游世界各地，乘大邮轮最好，整部游轮就如同水上乐园一般。","喜欢吃－－有各国餐厅美食。","喜欢喝－－有酒吧、咖啡。","喜欢玩－－有夜总会、电影院、卡拉ＯＫ、游泳池、三温暖、赌场，应有尽有。","喜欢乐－－有瑜伽、舞场、交际舞、运动间、麻将桌，等等等等。","","乘坐大邮轮，等于“离开人间大地，进入了海上的天堂”。","忘却一切烦恼。","大邮轮每到了一个城市，都会停下来，让船上的游客，到城市去走走，晚上又回到船上，继续下一站的旅行。","这对夫妇刚从“南太平洋岛国”回来，如今，又要到美国佛州“奥连多”乘大邮轮，到“巴哈马”去玩了。","我听了，非常羡慕。","临行时，夫妇请我用手摩顶加持，祈求“一路平安”。","我伸手按顶。","感应似乎不一样，一股心血来潮，全身发烫，好像身子着了火一般。","我这回的摩顶加持，时间上长了一些，再仔细看掌光，我看见：","“一团火在燃烧！”","这回，我不敢说：","“一路平安！”","我只是说：","“好像有一点不太妥当！”","夫妇也觉诧异，问：","“哪一点不妥当？”","我答：","“火！”","夫妇问：","“要不要紧？”","我答：","“我只看见一团火，其他什么也不见，大致上应该没有问题。”","（我实话实说）","","夫妇笑了，说：","“我们旅行，坐大邮轮，这位船长是我们的好朋友，没有问题的。这一回所乘的，是全世界最大的邮轮了！”","我祝福他们。","我真的没有想到，这艘全世界最大的邮轮，在旅行途中，在加勒比海，整个轮机起火燃烧，火光熊熊，把大餐厅及大客厅给烧了个精光。","所有的乘客聚集在甲板上，准备搭救生艇逃难，真是一场大混乱。三千人搭救生艇的场面，真是人人惊恐。","最后全部获救，不幸中的大幸！","","","","","","","","","有","",""
"027 天上的孙儿","https://reader.tbboyeh.org/fullscreen_player.php#/?ebook_id=436&chapter_id=c027","一位老头子，很疼爱自己的孙子，他有一位男孙，名字叫“又又”。","“又又”出生时，父亲就过世了。","母亲因上班，便把“又又”托阿公照顾，祖孙二人，感情非常的深厚。","很小的时候，祖父照顾“又又”，无微不至，晚上帮他沐浴、盖被。","喂“又又”吃饭。","休假日，如果母亲没来，阿公就带“又又”出去玩，去“动物园”、去“小人国”、去“水族馆”、去“游乐园”等等。","阿公对待孙子，就如同自己的儿子一般。","后来－－","“又又”上学了，回到家，第一句话就问：","“阿公！你在哪里？”","“又又”很乖巧。","会泡茶给阿公喝。","会洗碗。","会倒垃圾。","会给阿公按摩。","会讲学校的笑话给阿公听，让阿公笑不拢嘴。阿公实在太爱这位孙子了。","二个人还会玩“躲猫猫”。","","“又又”九岁的时候，得了超流行性感冒，阿公细心照顾他。","但，很不幸的，就因为并发其他的症状，“又又”竟然过世了。","“又又”过世了，这位老头子，伤心欲绝，却也无可奈何。","阿公只有对天呐喊：","“老天！你太无情了！”","“老天！你太无义了！”","天哪！怎么办？","这位老祖父，后来经人介绍，报名真佛宗的超度法会。","连续主祈五次。","卢师尊给他的回覆是：","“你的孙子『又又』，已由阿弥陀佛接引，往生到清净的佛国。”","这位祖父去问乩童。","乩童说：","“『又又』被关在地狱的枉死城，在那里受饥受寒。”","这位祖父一气之下，不来雷藏寺了。他相信乩童的话，每回烧银纸一箱又一箱。","乩童说：","“『又又』要吃！”","祖父买了生前最爱吃的东西送去，却给乩童吃了。","乩童说：","“『又又』要钱！”","祖父就拿了很多钱给乩童。","乩童说：","“『又又』要转世，要通关费用！”","祖父又拿钱给乩童......。","","后来：","友人愈看愈不对，告诉老头，不要被骗。你不如上山，让卢师尊摩顶，说不一定，“又又”会回来报梦。","老头一想，也对。","因为“又又”去世三年，连一个梦也没有。","老头上雷藏寺，请我给予摩顶。","这一摩顶，当晚梦见－－","“又又”乘莲花。","四周全是莲花童子。","“又又”对老头说：","有","“阿公！你放心！我早就往生佛国净土了！”",""
"028 手伸得很长很长","https://reader.tbboyeh.org/fullscreen_player.php#/?ebook_id=436&chapter_id=c028","一位女子住在乡下的民宿，那天晚上，月色清朗，空气非常清新，女子就走出民宿，在乡野的道上漫步。","她看见远远的地方，有几名少女的模糊影子，还不时传出嘻笑的声音，她看得很清晰，看见其中有一名少女，向她招招手。","于是她快步的走向前。","但，等她走近。","奇怪的事情就发生了：","她发觉几名少女不见了。","嘻笑声也没有了。","她四周一看，前面是野草丛生的小山丘，四周空荡荡。","在月光下，一个人的影子也没有。","那刚刚的几位少女呢？","嘻笑谈话声呢？","招手呢？","那绝对不是梦幻才对，她鼓起勇气，把人高的野草丛拨开。","身上透出凉意。","眼前是几座孤坟。","她打了一个寒颤，仿佛中邪一般，歪七扭八的走回民宿。","","当晚发寒发热，身体不适，家人接到通报，就把她接回家中，接着她就语无伦次，生活颠三倒四。","恶梦连连。","讲一些奇奇怪怪的话，一些事情全部脱线，不正常了。","又哭又笑又闹自杀。","她原本是一位阳光少女，住了一趟民宿，就变成精神病患了。","医师说：","“精神分裂！”","乩童说：","“犯阴！”","但，吃药打针，时好时坏。收煞驱邪，也时好时坏。","女子的姑妈听见了这件事，其姑妈是真佛宗弟子，便想把女子带上山，去向卢师尊问事，寻求化解。","但家人不肯。","因为家人是信仰另一位教团的宗师，他们请宗师治。","治了一段时间，仍然没好。","其姑妈只好把女子照片，拿到雷藏寺，请我的手摩照片。","她姑妈说：","“摩久一点！”","我就真的摩久一点。我发觉掌光射斗牛，我说：“这个人会好！”","","摩照片后－－","女子做了一个梦，梦见一个站在莲花中的莲花童子。","手伸得很长很长，从天上的云中，伸到她的脑袋中，抓出四、五只的小虫虫。","这个梦之后，她的病就一天又一天的好了起来。","姑妈问她：","“妳怎知是莲花童子救了妳？”","她答：","“莲花童子自称是卢师尊！”","这时，其家人及她，一起上台湾雷藏寺，来向我致谢。","我说：","“不是我救的，是佛菩萨救的。”","","","","","","有","",""
"029 众神怎么都来了","https://reader.tbboyeh.org/fullscreen_player.php#/?ebook_id=436&chapter_id=c029","一天，在台湾雷藏寺吃了晚餐之后，照例要给信众摩顶，信众早就排满了整个雷藏寺的大广场。","我走出一看，大骇。","因为不只群众满山满谷。","虚空中“众神都来了”。","我心疑惑：","“这是怎么了？”","我一看：","玉皇大帝也来了！这是至上的神。","元始天尊来到，这是道家的至尊。","三界公驾到，天官（尧）、地官（舜）、水官（禹）。","玄天上帝，一手剑，一手竖食指。","吕祖驾临，八仙之一吕洞宾。","保生大帝，就是护生的大道公。","天上圣母，就是林默娘，妈祖婆。","关公，武圣。","九天玄女。","三奶夫人，陈靖姑是也。","太子爷，哪咤三太子。","城隍，地方境主。","福德正神，土地公。","......。","","天哪！怎么这么多的神明，全驾临在雷藏寺广场的虚空？","原来是这样的，有一家宫庙，庙主是卢师尊的弟子。","庙主得梦：","“宫庙诸尊，须到台湾雷藏寺走一趟，请卢师尊一一给摩顶清净。”","又：","“宫庙信众，每人抱乙尊神像上山，请卢师尊在金身上清净。”","于是，众人抱着神明，一一列队等摩顶。","我一想：","这怎么可以？","这些神明平时都是善信膜拜叩头的，我怎么反而给众神摩顶？","众神说：","“可以。”","瑶池金母说：","“可以。”","我说：","“不可以。”","我这个人，虽精进修行，开光点眼，上至诸佛，下至土地公，但，那是开光点眼，这和摩顶是不同的。","摩顶神明，这好像我托大了。","我一向对众神，合掌敬礼，以示尊敬，岂有我给摩顶之理？","","庙主说：","“得梦如此！请抬贵手。”","于是，我想出一个办法，在摩众生顶的时候，遇到捧着神像的人，我一样双手捧着神像，我用我的头额，去碰触神明的头额，以表示我对神明的敬重。","所以在很多的摩顶场合，你可以看见卢师尊伸手给诸弟子摩顶。","至于手抱着神明的，卢师尊低着头，用额头碰额头的方式。","“表示敬重。”","我是佛教徒。","我是金刚上师。（真佛宗创办人）","但，我对任何宗教、教派，诸佛、菩萨、金刚、护法、空行、诸天、空居天、地居天，甚至六道众生，全部尊重。","","有","",""
"030 有关于“宁玛派”","https://reader.tbboyeh.org/fullscreen_player.php#/?ebook_id=436&chapter_id=c030","个人修习密法，是先由“了鸣和尚”灌顶开始，后来“了鸣和尚”说，他是属于“诺那上师”的“宁玛派”。","这个传承，是：","诺那上师－－了鸣和尚－－莲生活佛。","至于我与莲华生大士之间的关系，在早期我的书中有交代：","一、被莲师带去古墓洞窟灌顶。","二、从莲师的口中被吞入，由密孔出来。","三、莲师放大光明，灌顶了寂静及忿怒百尊。","四、莲师将大圆满九次第法，以伏藏的方式，伏藏在我的脑海深处。","坦白说：","了鸣和尚给我的灌顶“大圆满九次第法”，我是不甚了了的。","但，了鸣和尚说：","“你将来自然明白，你将来自会成就。因为你跟所有的密教诸派，因缘深厚。”","进一步的奇迹：","有一天，我把自己的手，放置在自己的脑袋上面。","自己用手加持自己。","","陆陆续续的影像出现了：","在红教－－赤松德真王。","在白教－－宝意童子。","在花教－－毕瓦巴。","在黄教－－宗喀巴。","天哪！","我实在不敢相信，这四位是密教鼎鼎大名的祖师爷，而在我“伏藏”的脑海中，真的有他们的影子。","我的转世不是很单纯，而是愈来愈复杂，超乎自己的想像。","现在我对“大圆满九次第法”，愈来愈清晰了。","大威德法。","大手印法。","道果大圆胜慧法。","大圆满九次第法。","了了于我的心胸之中，尤其在我初讲“大圆满九次第法”。","一一浮现此法的精要。","现在由于：","用自己的手加持自己的脑海。","我明白：","宁玛派较散乱。","“三素尔”是继莲华生大士之后，建立宁玛派的人。","十四世纪有龙钦巴尊者。","晋美．林巴是伏藏派的大师。","","九乘是：","显三乘，声闻、缘觉、菩萨。","内三乘，事密、行密、瑜伽密。","密三乘，大瑜伽、阿努瑜伽、阿底瑜伽。","这包含了：","小乘、大乘、瑜伽部、无上部。","我个人认为，大圆满九次第法，最早期的几个重要人物是：","师利星哈。","莲华生大士。","无垢友。","寂护。","赤松德真王。","现在，大圆满九次第法，要起飞了，要传遍世界了。","我","",""
"031 就是这位法师","https://reader.tbboyeh.org/fullscreen_player.php#/?ebook_id=436&chapter_id=c031","有一位弟子，因车祸，足部骨折，被送到医院，躺在病榻上。","这病房是二个人的病房，另外一位是手足痉挛，瘫痪的病人。","二个人的病房，中间只隔一个帘布。帘布有时也打开，二位病人互通姓名：","弟子姓钱。","瘫痪病人姓余。","这位瘫痪症的病患已十多年了。","因其兄姐都是富贵人家，先出巨资延请名医看诊，但均告无效。","最后乃送医院休养，以终余年。","手足不能动，但，头还清楚。","自己与兄姐都绝望了。","钱姓弟子，在病榻的上头，贴上“卢师尊”的法相。","每日诵《高王经》。","念“根本上师心咒”。","","说也奇怪的事情发生了－－","那位余姓的瘫痪病人，自从钱姓病患入住，每晚均可见，有一位法师施施然进入病房，门没有开启，他就进来了。","这位法师伸手摩钱姓病患的脚，骨折之处，摩完就飘逸而去。","有一回，法师摩完骨折病患，转头看了瘫痪病人，微微一笑。","余瘫痪病人也善意的微微一笑。","这位法师走了过来，用手摩了瘫痪病人的全身。","摩完，又飘逸的走了！","怪的是－－","钱姓弟子脚的骨折，很快就好了！","他就要出院了。","他将床头的“卢师尊”法相取下来，准备带着走。","那位余姓瘫痪者唤住他。","说：","“那法相，我看看。”","钱说：","“那是我的卢师尊。”","余看了法相，说：","“就是这位法师。每晚都到病榻，替你按摩骨折，也来按摩我的手足。我看得一清二楚，你看看我的手足痉挛，好像一天比一天松了，我请你把法相贴我床头，还有把念的经、念的咒教我。拜托！拜托！”","钱很好心。","把法相贴余床头。","把“心咒”教他。","把一本《高王经》送他。","钱就拜别了余。","","此事经过了半年。","钱想到这件事，路过医院时，便去拜访那位住院时，瘫痪的余。","想不到－－","余也出院了。","医师说：","“原本绝望的病患，手足痉挛竟然渐渐松了，不只如此，每日念咒，每日诵经，最后手足就能动了。也不知道为什么都能动，最后竟然下床走路。”","所以，出院了！","钱问：","“法相呢？”","医师答：","“他送给另一位病患！”","","","","我","",""
"032 我的肩背部疼痛","https://reader.tbboyeh.org/fullscreen_player.php#/?ebook_id=436&chapter_id=c032","一天，吴姓弟子驾着自用小客车，在黄灯快变红灯之前，紧急煞车。由于煞车太快了些，身子向左一倾。","但是，由后面风驰雷掣般的来了一辆载水泥大卡车，煞车就来不及了，大卡车的车头，猛撞小客车的车尾。","一阵碰撞的巨响之后，吴姓弟子觉得天旋地转，果然是车子被撞到右方的水沟之旁；而身子左肩不知撞了把手否，一阵阵撕裂的痛苦。","十字路口，刚好有警察指挥交通，警察走过来处理交通事故。","水泥大卡车无大碍。","但，吴弟子的车，后面已扭曲变形，车窗全部破碎。","因为吴弟子信佛，不愿计较。警察调解后，事情就过去了。","","但是吴弟子的肩膀背部却是奇痛异常。","他照Ｘ光，没有骨折。","医生给止痛药。","又贴“撒隆帕斯”。","但，没有好，肩背部疼痛得很厉害，一直二个月也没有好。","他找中医推拿。","贴药膏，也不见好。","有人要他打一针大筒的“类固醇”，一定会好。","但，他想：","“类固醇”有副作用，他不敢。","吴弟子求卢师尊摩顶时，他说：","“肩膀背部痛。”","我用手拍了二拍，就走了！","吴弟子心想：","“中医师推拿我的肩背部，共花了一个半小时的时光，按得又红又紫；又用拔火罐，红红的血渗透皮肤。”","“今天卢师尊只轻拍二下，这样子的加持，会好吗？”","当夜，他睡得很甜，恍恍惚惚中，他也不知道去了哪里，总之，是一个风光明媚的清净山中。他看见一位很慈祥的老妇人，无限的端庄，她在煎一碗药。","","吴问：","“煎药做什么？”","老妇答：","“治你肩背疼痛。”","吴问：","“妳怎知我肩背痛？”","老妇答：","“都是你那位多事的卢师尊，来拜托我煎药的。”","吴说：","“师父真的很关心我耶！”","老妇答：","“你师父很清闲，忙的是我们这些地居神，为他操劳。”","吴说：","“我代师父谢谢妳！”","吴喝了药汤，说也奇怪，醒来之后，肩背部的异常疼痛便全好了。","吴跑来告诉我这件事。","吴问：","“那老婆婆是谁？”","我答：","“是梨山老母了！”","","","","","","","那","",""
"033 鬼物列队求摩顶","https://reader.tbboyeh.org/fullscreen_player.php#/?ebook_id=436&chapter_id=c033","O一三年五月十五日，我（卢师尊）由台湾乘机，飞回美国西雅图“南山雅舍”的家。","“南山雅舍”当我在台湾时，这个家，有半年时光是没有人的。","只是－－","佛青（女儿），一个星期来信箱收一些信件。","佛奇（儿子），到了车库，偶而发车子，因为车子半年没开，电池会没电。佛奇帮我照顾我那部“宾利”（BENTLEY）车。","其他时候，房子无人。","家中没有清洁工人。","屋子外的花圃草园，每星期四，有园丁会进来整理花草树木。","“南山雅舍”设有电子保险密码，只要一动门窗，整座房子会响，密码通警局，五分钟警察就会赶至。","等到我们要回来前一星期。","佛青会请清洁工打扫每一个房间，把卧室的枕头、被单、凉被等等，全部清洗干净，等着我们回来。","","我们一回到家，一切都是干干净净的。","我一回家，巡视家中一遍，不但屋子干净，连一只“鬼物”也没有。","（我不在，鬼物也不在了。）","我一回来。","第一天，就设“施食台”，供养甘露给鬼物。","我念：","大鹏金翅鸟。","旷野鬼神众。","罗刹鬼子母。","甘露悉充满。","嗡。穆地利。梭哈。嗡。穆地利。梭哈。嗡。穆地利。梭哈。","用金刚指在水面上写“”字。","念“吽吽吽”三声。","将甘露洒出。","约一星期左右，“南山雅舍”附近的诸“鬼物”闻风而至。","我家的“鬼物”就增加了。","祂们也是会广传的，我在此施甘露水，附近的“鬼物”全知道了，纷纷到了寒舍作客。","这一来不得了了，祂们无形的鬼物，全部住到我家里来了。","原来清净的“南山雅舍”，连一只鬼都没有。自从我“施食”鬼物，“鬼物”把我家全塞满了。","","我入厕所，有鬼。","我入洗衣间，有鬼。","我入厨房，有鬼。","我入书房，有鬼。","我入卧室，有鬼。","我入客厅，有鬼。","鬼鬼鬼鬼鬼，天啊！到处都是鬼。","我走到哪里，鬼就退出，撞得墙壁，都在响。","碰、碰、碰。","我整天跟鬼玩捉迷藏。我这个人，天生不怕鬼，见鬼很平常。","有一天，我施食，群鬼很有次序的排成二排。","我问：","“干什么？”","鬼答：","“请卢师尊用手摩顶！”","我问：","“摩顶有什么好处？”","鬼答：","“加持清净！增加佛慧！增加福分！”","","二","",""
"034 自己用手加持自己意伏藏","https://reader.tbboyeh.org/fullscreen_player.php#/?ebook_id=436&chapter_id=c034","近，我常常用自己的手，加持自己的脑袋瓜，结果非常惊人的是，我的脑中浮现了“大圆满九次第法”。","加持完后。","先是一股烟出现。","再出现点点的星光。","星光聚集出现光明。","光明中有字。","我见字，大骇，原来大圆满九次第法，一一的呈现出来。","我在一瞬间，忆起这就是前世所悉的佛法，这是意伏藏。","另外就是“甚深清净传承”。","我的传承有三：","人间传承：","诺那上师－－了鸣和尚－－莲生活佛卢胜彦。","莲华生大士－－赤松德真－－莲生活佛卢胜彦。","（属意伏藏）","","至于甚深清净传承：","就是在我禅定中，不仅开启了我自己的意伏藏。","诸佛启示我。","菩萨启示我。","祖师启示我。","让我不但了解大圆满九次第，甚至教导我如何实修。","（我在禅定中，在梦中，在幻象中，得到了诸尊的指点。）","这种甚深清净传承，世上少人有，但，我就是其中的一位。","非常难得。","非常尊贵。","我们晓得：","声闻乘以“苦、集、灭、道”，证阿罗汉果。","缘觉乘以“十二因缘”，证辟支佛果。","菩萨乘以“六度”，证菩萨果。","（外三乘）","事密以事修证七世成佛。","作密以作修证五世成佛。","瑜伽密以一味修证三世成佛。","（内三乘）","大瑜伽以“生起次第”修证应身佛。","阿努瑜伽以“圆满次第”证报身佛。","阿底瑜伽以心、界、口，明心见性证法身佛。","（密三乘）","","我用自己的手加持自己的脑袋瓜，可以说完全融会贯通了。","我如此说：","外三乘是释迦牟尼佛所说。","内三乘是金刚萨埵所说。","密三乘是普贤如来所说。","“阿底瑜伽”的最高境界，也就是我莲生活佛常说的：","“立断”。（彻切）","“顿超”。（妥噶）","我在本文中，主要是说我对大圆满九次第的了解。","再说明我的三大传承：","一、人间。","二、意伏藏。","三、甚深清净。","最","我的说法，将不依经典，而是依经历，这是我自己走过的路，我要说明这修行之路的一切风光，如此更引人入胜。",""
"035 传承法流的渊源","https://reader.tbboyeh.org/fullscreen_player.php#/?ebook_id=436&chapter_id=c035","我所知：","“大圆满九次第法”是由本初佛普贤王如来的正觉流出，首先是本初佛心印五方佛－－毘卢遮那佛、阿閦佛、阿弥陀佛、宝生佛、不空成就佛，而至于一切诸佛。","再来是五方佛也以心心相印的方式，传给了报身佛的金刚萨埵。","这种心心相印的传承，不用文字语言，如同牛乳直接进入乳瓶。","即“心印传承”。","又称“密意传承”。","后来，金刚萨埵化为：","智－－文殊师利菩萨。","悲－－观世音菩萨。","力－－金刚手菩萨。","以持明的方式，传给“天”、“龙”、“夜叉”等。","传给三十三天，五百天子的首座“胜心天子”，这位“胜心天子”得了四吉祥梦，于是由“金刚手菩萨”传“胜心天子”，“胜心天子”领悟了无尽的密续，并得灌顶。","后来“胜心天子”转世于“邬金国”，成为“极喜金刚”。","得金刚手灌顶。","得证悟。","“极喜金刚”是人间传承的第一人。","","接着：","极喜金刚传妙吉祥友。","妙吉祥友传吉祥狮子。","吉祥狮子传莲华生大士、毘卢遮那、毘玛拉米札、嘉纳苏札。","最后：","莲华生大士入藏，将大圆满九次第法，传给西藏王赤松德真与移喜措嘉，这种传承称为口耳传承。","如此，传承可分：","“心印传承”。","“持明传承”。","“口耳传承”。","“意传承”。","“伏藏传承”。","“甚深清净传承”。","在伏藏传承方面，龙钦巴尊者及晋美．林巴尊者发扬最大。","而我（莲生活佛卢胜彦）所得的传承有：","一、口耳传承（了鸣和尚）。","二、意传承（莲华生大士）。","三、甚深清净传承（诸佛）。","","在传承方面，也可加上，莲华生大士将大圆满九次第法，伏藏于赤松德真王的脑海之中，由于累次的转世，我只将手加持自己的脑，大圆满法的修部及经续部便源源流出，一直没有停止过。","我在这里要提到，其实在西藏密宗的教派之中，宁玛派是最早的，其经典的整理，即是人人熟知的“三素尔”。","宁玛派比其他三教派分散。","因为没有实际的领导人。","没有中心寺院。","没有核心组织。","而其他黄教、花教、白教，都有中心的领导人。","但，红教的“大圆满九次第法”却是诸派之首，最是珍贵。","一切诸法，皆由此流出。","","","","","","","","据","",""
"036 大圆满法的功用","https://reader.tbboyeh.org/fullscreen_player.php#/?ebook_id=436&chapter_id=c036","圆满法是善的，是好的。","大圆满法是快乐的，是极欢喜的。","大圆满法是至上的。","大圆满法是佛法的最高境界，是巅峰。","大圆满法是完美无缺。","大圆满法是万岁、万岁、万万岁。","至于大圆满法的功用，述之不尽，大略的功能，列之如下：","一、身体健康。","二、心灵愉悦。","三、身心和谐。","四、身心皆化。","五、身心解脱。","六、即身成佛。","七、即生成佛。","八、虹光化身。","九、身化虹光。","十、不死虹光。","","身体的健康是修行“九节佛风”、“宝瓶气”、“金刚诵”、“拙火”、“明点”、“无漏”、“金刚拳”、“坚固”、“锻炼”而来。","心灵愉悦是修行“通中脉”、“七轮打开”、“全身经脉皆通”、“证悟明心”、“见证佛性”、“心气平和”之故。","而“身体健康”、“心气平和”，就是“身心和谐”了。","由这样子的修行，“身心皆化”，“身心解脱”的境界就可达到了。","“大圆满法”有“看光法”，有“闭关法”，一生就可以成就。","“大圆满法”连身子也能成佛。","身化虹光了！","由不死虹光而成佛！","任运自在了！","我知道：","最早来中土弘法的有一位“白普仁”喇嘛。","西康诺那上师来中土弘法，而“了鸣和尚”与之结缘。","“了鸣和尚”是我红教的根本上师。","诺那上师又邀请贡噶上师来中土弘法，贡噶上师在成都、昆明、重庆、南京等地弘法，密法有普传现象。","“吐登尼玛”也在中土弘法，传法给“吐登达力”，“吐登达力”传法给“吐登达吉”，“吐登达吉”传法给“吐登其摩”。","（莲生活佛卢胜彦就是吐登其摩）","","另有：","“章嘉活佛”在中土弘法。","“甘珠活佛”在中土弘法。","我个人认为：","“大圆满法”的传授，比较有系统的是“诺那活佛”。","另外，贡噶活佛，他虽然是白教大手印的传承人，但，对于“大圆满”他也知悉。贡噶活佛身兼红白教的传承。","我个人读了“龙钦巴”著作的《大圆满法》，但他是以“上师相应法”为出发点，最后也以“上师相应法”为终结。","这是非常特殊的。","我个人如此说：","一、密法不能依书修。","二、心要口诀要上师传授。","三、要灌顶。","四、大圆满法最殊胜。","","","","","大","",""
"037 守护灵的能力太强","https://reader.tbboyeh.org/fullscreen_player.php#/?ebook_id=436&chapter_id=c037","经有一位小姐来找我，初见面，我有点惊叹，这位小姐长得像天人一般，是一种完美无缺的美貌。","艳光四射。","美丽无比。","妩媚动人。","她的学历、经历胜人。","家庭环境中上。","但，就是有一点小小遗憾，到了三十岁，仍然是小姑独处。","现代人，有些小姐不想嫁人，有些男人也不想结婚，但，她不是。","她祈求我摩顶加持，早一点找到白马王子。","我给予摩顶。","不成功。","第二次摩顶。","不成功。","第三次摩顶。","不成功。","......。","","她觉得有点失望，因为卢师尊的摩顶一向很灵验，为何在她的身上就是不成功？","她没有人追求吗？","不！","追求她的人，如过江之鲫。","高不成，低不就的，很多。","但，有些也是旗鼓相当的，然而每当议论婚嫁，就出现了意外。","男朋友出车祸死了。","男朋友突然摔断了腿，成了跛足。","男朋友竟然中风了。","男朋友得了肌肉萎缩症。","等等等等。","这些议及婚嫁的人，死的死，伤的伤，真的是好奇怪，好奇怪。","我自己也觉得蹊跷。","后来我问我的本尊：","“她有姻缘否？”","本尊答：","“有！”","我问：","“何以至今不婚？”","本尊答：","“她的守护灵能力太强。”","我问：","“谁是她的守护灵？”","","本尊答：","“她的第一位男朋友，已订婚，将要结婚，遭车祸身亡。这位男友死后，成为她的守护灵。男友亡魂认为是她的丈夫，凡遇其他男士欲亲近者，便想尽办法拆散！”","哇！我终于知道原因了！我问这位小姐，果然是如此。","她的第一位男友，已定期结婚，是结婚前三天，车祸身亡的。","我想办法，给这位男友诵经超度，将男友之魂，交予“转轮圣王”。","帮小姐做“结界”。","再给予摩顶加持。","这一回，那位美丽动人的小姐，终于结婚了。她结婚时，也给我送来了一张喜帖，我没有去，礼到人不到。","最近，我听说她已有身孕，心中暗暗为她高兴。","所以，只要找到那个“结”，打开，一定成功！","","曾","",""
"038 祖母是守护灵","https://reader.tbboyeh.org/fullscreen_player.php#/?ebook_id=436&chapter_id=c038","位年轻的女大学生，长得：","眉清。","目秀。","唇红。","齿白。","追求她的人很多，桃花不断。","她本人落落大方，因此也成了该校的风头人物，她成了该校的校花。","但她突然双腿软了。","站立不起来。","瘫了。","只有坐轮椅到学校上课。","从双腿软瘫开始，一个又一个的朋友，敬而远之。人情的冷暖自己知道，所有的人都寄以同情，但，周边的人少了。","虽然如此，她专心一致的读书，功课仍然很好，成绩很优秀。","双腿软瘫，父母带她看遍了名医，中西医均有。","","“核磁共振”扫描，脑部没有问题、骨没有问题、神经没有问题、肌肉没有问题、筋没有问题。","请乩童问事：","吃符。","吃香灰。","拿香枝回法沐浴。","又请：","推拿师。","整脊师。","按摩师。","针灸师。","穴道师。","易经师。","相命师。","跌打师。","父母就是什么方法也用尽了，这位掌上明珠一样站不起来。","什么原因？没人知道。","有人介绍我。","她父母本欲来，但遭到了自己皈依的师父冷言冷语。","“这个人不用去看他！”","“他的一切全都是假的！”","“我连提他的名字都觉得不屑！”","“假活佛！”","“怪力乱神！”","","父母的皈依师父，也算是教界有名的长老，师父不喜卢师尊，因而阻止。","经过一段很长的时间，她父母偷偷带着女大学生，上山看我。","我一摩顶。","看了掌光，见一位老婆婆双腿被树藤卷住，动弹不得。","我问本尊：","“何意？”","本尊答：","“祖母是守护灵，守护灵双腿被绑，女孩子双腿就软了。”","我建议，开祖母的棺看看。","这一开棺。","“宾果！”","真的祖母的双腿被树藤卷住，只须将树藤剪断取走即可。","就从剪断树藤那一天开始，女大学生的腿渐渐有力了。","一","最后，终于能站立。","你说，奇不奇！"
"039 皮肤过敏的痊愈","https://reader.tbboyeh.org/fullscreen_player.php#/?ebook_id=436&chapter_id=c039","一名女子，持着三张照片，来祈求加持照片中的男子。","我问：","“是谁？”","女子答：","“是我大哥。”","我问：","“妳大哥怎么了？”","女子答：","“我大哥全身皮肤过敏，又痒又抓，又抓又痒。目前从头至脚，无不是坑坑洞洞，不只如此，红肿、发炎、溃烂。”","我问：","“看医生了吗？”","女子答：","“打针、吃药、涂药膏、抗生素、类固醇，全用了，已全部无效。”","我仔细看三张男子的照片，一看大骇，因为从头至脚，从胸至背，从手到腿，可以说体无完肤，那种溃烂，的确令人全身发麻。","","我说：","“持〈安土地真言〉五十万遍。”","女子答：","“他已持了十万遍。”","我说：","“再继续持吧！”","我观想自己变化成本尊，用手摩抚照片中的男子，自觉法流从手流到照片上。我说：","“成了！”","女子问：","“什么事成了？”","我答：","“会有奇迹吧！”","据说－－","女子的大哥做了一个梦。","见一位穿白色衣服的女士，相貌端庄问他说：","“你全身怎么了？”","“皮肤过敏严重。”他答。","白衣女士问：","“我若帮你治好，你去皈依卢师尊！”","他答：","“这个当然。我念〈安土地真言〉已十万遍，卢师尊叫我念五十万遍，我还继续不停的念呢！”","","白衣女士拿了净瓶倒出了水，用树枝沾水，弹水到他的全身。","他在梦中，觉得水非常的清凉，皮肤觉得舒服。","又看见，很多黑色的小虫，从皮肤里爬了出来，掉落在地上，倏地不见了。","白衣女士说：","“你皮肤病会好，但，手背有一处不会好，要等念完五十万遍真言，自动就会好了。”","白衣女士走了。","他想追。","梦就醒了。","自从那一天开始，他的皮肤就干了，不痒了，皮肤渐渐褪了痕迹，约一个月，痕迹才褪尽，但，只有手背有一处，仍然不好。","他来皈依。","我说：","“白衣女士是观世音菩萨也，你去谢谢菩萨吧！”","后来，他的手背一处，也全好了！","","","有","",""
"040 紫阳真人降临","https://reader.tbboyeh.org/fullscreen_player.php#/?ebook_id=436&chapter_id=c040","一天，在静坐中，我的手自动结：","“召钩印”。","“圣贤印”。","一位“天人”从虚空中突然飘飘然降了下来。我大喜，忙问：","“是哪位圣贤？”","答：","“紫阳真人。”","我问：","“真人知拙火法吗？”","紫阳真人答：","“身内天然真火，炉中赫赫长红，每日勤修吐纳，神妙真是神龙。”","我问：","“真人知中观吗？”","紫阳真人答：","“此派至神至圣，平等无别分秒，不管何佛菩萨，说破只算是巧。”","我问：","“真人知神水法吗？”","","紫阳真人答：","“这是人间至宝，华池神水晃摇，拙火神水既济，游戏神通微妙。”","我问：","“真人知无漏否？”","紫阳真人答：","“妙在抽添运用，此法不宜轻弄，损之又损谨慎，得一万般皆休。”","我问：","“真人知持戒否？”","紫阳真人答：","“德行修达八百，阴功积满三千，化解人世亲冤，此乃成就本愿。”","我问：","“真人知禅否？”","紫阳真人答：","“这是性上究真宗，原来变化真无穷，归本还原不可说，现前就有大神通。”","我问：","“如何降伏烦恼？”","紫阳真人答：","“烦恼不须去降伏，真知原在不强求，无先也是无后至，悟之刹那可成佛。”","我问：","“什么是无修呢？”","","紫阳真人答：","“悟了之后自无修，色空明暗本来同，真假岂有两般样，天竺曹溪共弘隆。”","我问：","“什么是无善无恶？”","紫阳真人答：","“一切全不放在心，此心空空亦无名，任运自然随他去，随分饥餐与渴饮。”","我问：","“什么是无生法忍？”","紫阳真人答：","“果报原来在人天，若无因缘便归源，一切情仇及爱恨，是戏是梦也是烟。”","我说：","“你说的，我皆知之。”","紫阳真人说：","有","“你知，我知，他人不知。”","哈哈哈！"
"041 大圆满法的祖师－－“极喜金刚”","https://reader.tbboyeh.org/fullscreen_player.php#/?ebook_id=436&chapter_id=c041","我所知，“极喜金刚”的来历如下：","佛陀灭度一百年，极喜金刚下生。","极喜金刚的前生是忉利天，三十三天的天人“桑炯”的儿子。","也就是五百天子当中的“胜心天子”，在天上界已修证了“大圆满法”。","下生在邬金国的国王的公主，这位公主是一位出家的比丘尼。","这位比丘尼有梦境：","见一位全身光明的男子入胎。","五方佛用宝瓶灌顶比丘尼三次。","公主比丘尼怀胎十月生下了“极喜金刚”。","比丘尼很害羞，把小孩扔到灰土的山坑之中，三天之后，没有死。","比丘尼意识到，是圣贤下生，便养育他。","极喜金刚七岁时，便和五百位班智达辩论佛教的法义，结果极喜金刚赢了，众大善知识非常吃惊。","接着极喜金刚到“太阳光明山”闭关静修到三十二岁。","","金刚手菩萨出现，给极喜金刚灌顶，让他开启了前一世修“大圆满法”的记忆，他在刹那之间，就证得了无上正等正觉。","极喜金刚用文字记载了“大圆满法”。","在施达瓦的尸陀林中，给诸多修行人，讲授大圆满法。","这时候“妙吉祥友”到来学法，妙吉祥友用七十五年的时光，跟随极喜金刚，学习最重要的“宁提法门”（心中心）。","最后，极喜金刚，在动地放光之中，身化虹光，融入法界。","其重点是：","一、前世贯通今世。","二、人间第一位祖师。","三、出生不同。","四、辩才无碍。","五、金刚手打开前世记忆。","六、刹那刹那得证佛果。","七、尸陀林授法。","八、传法给妙吉祥友。","","●","","极喜金刚原名是“嘉饶多杰”，班智达称他“般若巴哇”（智慧自性）。","极喜金刚原名“普尉希瓦杰拉”，是国王给他取的名字。","我给“极喜金刚”写偈：","其一：","天上开悟即下凡间。","悟了何湏寂灭化烟。","但求随缘能度则度。","利物也能自利是仙。","","其二：","欲了无生是湏精进。","关关全是为了真心。","此道也是无形无相。","一颗摩尼无字真经。","","其三：","五眼三身四智。","六度万行修齐。","随缘只接群迷。","方便指归实地。","","据","我觉得历代祖师，都有奇妙之处，总之，来历均不寻常，弟子能学佛法，也是前世使然也！",""
"042 我所知道的“妙吉祥友”","https://reader.tbboyeh.org/fullscreen_player.php#/?ebook_id=436&chapter_id=c042","位“妙吉祥友”出生在一个富有的婆罗门家，从小好佛。","他又名“文殊师利米札”。","他的佛学是向五百大善知识学来的，学习了“八次第法”。","有一天文殊菩萨现身说：","“在佛法中，你学到八次第，还有一乘你没学到。”","妙吉祥友答：","“我已是大班智达，佛法全知，岂有不知道的？”","文殊菩萨说：","“只有极喜金刚才是全知，你要去向他学习。”","妙吉祥友说：","“我不服，我要向他挑战！”","于是－－","在“施达瓦”尸陀林，展开了辩论，想不到极喜金刚赢了妙吉祥友。","妙吉祥友很惭愧，找刀要割下自己的舌头表示谢罪。","极喜金刚说：","“割舌无益，反增罪业，伤了自己的微妙佛身，倒不如将一切佛法结集，使一切众生蒙受益处。”","妙吉祥友于是拜极喜金刚为师，随师“七十五年”。","","又有一天，极喜金刚化虹涅槃，妙吉祥友急求重要心要。","极喜金刚从虚空中抛下“三要语”，打到妙吉祥友的头，从此妙吉祥友，得到了“明心见性”的正等正觉。","此后－－","妙吉祥友，将恩师的大圆满法，整理“六百四十万偈”。","分三部：","心部－－住心法门。","界部－－勤修法门。","口部－－要诀法门。","最后，妙吉祥友，在菩提迦耶西方的“索萨州”的尸陀林弘法一百零九年，他在那里将大圆满法完整的传授给吉祥狮子（师利星哈）。","我在这里告诉大家：","妙吉祥友的涅槃同极喜金刚一样，化一道虹光，上升天界。","这件事尚未了。","妙吉祥友为了度化莲华生大士，他曾下凡一次，在西天竺，从莲花中出生，变成莲花童子。那位莲花童子，后人称他是“后妙吉祥友”，曾为莲华生大士说法。","这是：","莲花童子传法给莲花童子。","","我写偈赠妙吉祥友。","赞曰：","不是天降","不是来自天宫","但人性佛性同一数","太阳一样从东","","人佛相通","再怎么变","学法是同功","","住心火自起","勤修水自降","莲华之中有自性","放光芒","透玲珑","","","这","",""
"043 卢君","https://reader.tbboyeh.org/fullscreen_player.php#/?ebook_id=436&chapter_id=c043","回美国西雅图，一出机场，看见“卢弘”及“卢君”来迎，便先拥抱了两个孙子女。","孙子、孙女叫：","“阿公！阿公！”","谁说，出家人出了家，便没有家了，对于自己的孙子女照样疼爱有加。","因为毕竟：","祖父母最疼的是孙子、孙女。","我一看卢弘，个子还是小小的，便希望他快快长高长大。","我一看卢君，大骇！","原来卢君皮肤全身过敏，原本一身细皮白肉，脸红通通的可爱极了，现在全身红斑点点，连头上、脸上、手上、腿上、背上、胸前，等于全身都是斑斑点点。","据说，东方人在西方生的孩子，都有这等皮肤过敏的毛病。","有的长大自然会好。","有的不会好。","没有想到卢君的皮肤过敏会这么厉害，原本一张可爱的脸，成了满脸全是豆花。","","有没有看医生？","有啊！","医生用药，不是“抗生素”，就是“类固醇”，擦久了不好。","医生吩咐，洗澡不得用热水。","医生吩咐，少洗澡。","医生吩咐，晚上睡觉穿衣物，免得痒了，用手去抓，抓破皮，发炎，就更严重。","（关于洗澡的问题，是因为洗了之后，皮肤变干燥，大陆型的气候，本来干燥，皮肤过敏的人，要擦乳液。）","卢君看医生多回，一直都没有好，这真是糟糕透了。","又规定什么可吃，什么不可以吃。","让卢君的脸，削瘦成了长脸。","我看了：","“心疼死了！”","有一回－－","卢弘、卢君到阿公、阿嬷家过夜，趁这个机会，我把卢弘、卢君叫到坛城面前跪下，我用手给卢弘、卢君摩顶。","我祈祷：","卢弘快快长大！","卢君的皮肤快快好起来。","求瑶池金母加被孙子、孙女。","他们乖乖的合掌，有模有样。","我又用“四纵五横印”，加持了一杯瑶池金母圣水，给卢君喝。","","过了一星期－－","奇迹出现了！","脸上的红斑不见了，脖子上的红斑也不见了，全身的红斑，也消褪了，原本红肿的，现在褪得只剩下一点痕迹。","痕迹要经过一段时日才能完全不见。","这已经很好了！","在六月十六日（星期日），那天是父亲节，卢君写给阿公的卡片上说：","“谢谢阿公的加持！谢谢金母！”","我向瑶池金母祈祷：","但愿透过我的手的法力，能流注在众弟子的身心之中，人人身体健康，心灵快乐，修行成就！","","","","","","","","","我","",""
"044 梦中的针灸","https://reader.tbboyeh.org/fullscreen_player.php#/?ebook_id=436&chapter_id=c044","一位从加拿大“艾蒙顿”来的洪姓师兄，带着他的妻子，到西雅图雷藏寺来见我。","他说：","他的背痛十五年之久。","寻遍了中西医均无法根治。","他从书中得知，卢师尊当年，因脑分八瓣，四大分散，从台湾飞韩国，到了韩国大大小小的寺院及佛塔，拜佛及绕塔。","卢师尊绕了：","“多宝佛塔”。","礼拜了：","“药师琉璃光王佛”。（大佛）","敬礼日光菩萨、月光菩萨、药王菩萨、药上菩萨、十二药叉神将......。","在回“汉城”的途中－－","亲见“药师佛”及其眷属，心中大大感动，因而自知：","我的四大分散、脑分八瓣，一定会好。","后来，果然好了！","因此，洪师兄认为，到寺院拜佛、绕塔的功德甚大。","","洪师兄便从加拿大飞到日本。他也学卢师尊，到日本各地的寺院佛塔，拜佛绕塔。","他一样拜到：","“药师殿”。","当夜，他梦见，卢师尊从虚空冉冉而降，在他的背部插针。","整个背部插满了针灸的针。","然后再一针又一针的拔掉。","第二天醒了，背部同往常一样的痛，并没有即刻的好。","但！","那个痛却一天又一天减少。","隔了几天。","背痛完全好了！","十五年的背痛，竟然针灸后，完完全全不痛了。","真是奇迹！","洪师兄认为：","“是卢师尊以插针之术，救了他！”","我在此说明：","我本人不是中医，也不是针灸师，我完完全全不懂针灸之术。","中医是要考试的。","针灸也须要考试的。","双双都要有执照，不可以乱来。","但在梦中，原本就是光怪陆离的，梦中针灸就可以不用执照了。","","又－－","原本就不会针灸的卢胜彦，为何可以在梦中为人插针？","答案很简单。","我说：","我只要上了天上界，天上界的日德上人、月德上人、天医上人，这三位天人，与卢师尊合一，我就变成了神圣的天医，自然可以为洪师兄背后针灸了。","但，只能在梦中插上千针万针。","梦中是不犯法的。","（哈哈哈！）","这些事，这些神迹，一般人都知道是很神奇，不可思议。但，事实上，这些事实不是梦，而是真实。","","","","","","有","",""
"045 接骨师父","https://reader.tbboyeh.org/fullscreen_player.php#/?ebook_id=436&chapter_id=c045","一位老弟子，他早上起床起得太猛，走下床时，腿一软，整个人扑倒在地面磁砖。","扑倒时，人有直接反应，用手先去撑地，“喀嚓”一声，骨折了，痛得哇哇大叫。","家人很快来到，叫救护车，急送到大医院。","医师说：","“骨折了，其他无大碍。”","于是，把骨接直，很快的打了石膏，一条手臂挺得直直的，向上，如同向人招手一般。","医师说：","“拆了石膏，就好了！”","医师说：","年纪大的人，早上醒来，要先躺在床上几分钟，等全身的意识醒过来，再下床。","因为，往往老人刚醒，意识尚未醒，猛然下床，脚不听使唤，容易跌倒。","","跌倒的地方有：","床。","不知有台阶。","楼梯。","浴室。","医师说：","起床要慢，先赖个床也好。","走路要注意有无台阶高低。","爬楼梯要抓紧扶手，注意脚下的台阶、落脚处，尤其最后一阶，务必看清楚。爬楼梯时，勿与人讲话或打招呼，一分神就会跌倒。","浴室跌倒很多，原因是：","水滑。","浴缸高低。","打了肥皂，地滑。","一踩就滑，会脑震荡。","另外，勿走有青苔之地，勿踏有青苔之石，跨越水沟等等等等。","老弟子接石膏之后，手仍然非常痛楚，一天又一天的剧痛。","老弟子又去医院照Ｘ光。","发觉骨头没有接正，没有接直，又偏差了一些些。","另有一小块碎骨。","所以手臂仍然痛。","医师说：","必须把石膏拿掉，再重新调整。","在没有去医院之前，老弟子到雷藏寺祈求一切平安顺利。","刚好碰到我（卢师尊），便祈求摩顶、摩手加持。","我用右手，摩老弟子的右手，在石膏上摩了一遍，一面口诵咒。","当夜，卢师尊在老弟子梦中出现。","","卢师尊说：","“我替你接骨。”","卢师尊抓起老弟子的手，好像在把玩一般，把手像陀螺般的旋转了起来，接着“喀嚓”一声，好像接正了。","在梦中，手不会痛。","非常奇怪。","老弟子依约去医院拆石膏，调整骨之前，又照了Ｘ光。","这回骨科医师眼睁得大大的，非常讶异。","“骨接得好好的，碎骨也不见了！”","医师问：","“谁接的？”","老弟子答：","“卢师尊接的！”","","有","",""
"046 失忆症","https://reader.tbboyeh.org/fullscreen_player.php#/?ebook_id=436&chapter_id=c046","一则笑话：","有一个人得了失忆症，他去找专科医师看诊。","医师问：","“你忘了什么？”","病人答：","“每次买东西常常忘了付钱。”","医师忙叫护士：","“快来，先叫他付了诊疗费！”","（哈！哈！哈！）","又－－","医师又问：","“你又忘了什么？”","病人答：","“忘东忘西，什么都忘了。请问医师，这怎么治？”","医师答：","“医失忆症的最好方法，就是把失忆症也给忘了。”","（哈！哈！哈！）","","在我这里有一个例子：","有一个中年的女弟子，她是一个失忆的患者。","忘了吃药。","忘了关门。","忘了眼镜。","忘了火炉的火。","忘了皮包。","忘了雨伞。","忘了保险箱的号码。","等等等等。","她学佛，读了不少经典，但是，读了等于没读，连一句也记不住，旋记旋忘，令她非常的痛苦。","她忘了咒语怎么念。","她忘了手印怎么结。","她忘了观想怎么观。","反正仪轨也差不多全忘光了。","在座下听法，听的当时，她尚且知之；听后不久，全部忘得一干二净。","问她：","“昨日师尊说法说什么？”","她答：","“全忘了，脑袋空空。”","后来，她求我摩顶加持，我给她摩顶多次，她还是记不住。","画了符给她，也是记不住。","勅甘露水给她喝，枉然。","","念〈虚空藏菩萨求闻持真言〉，一字一字念，一日一日念，无效。","我自己也没有办法可想，弄得我自己也几乎神经兮兮，脑部空白。","有一天阿难尊者下降。（不请自来也）","我突然灵光一闪，阿难尊者是“多闻第一”，听过就不忘的尊者，阿难一定有办法才是。","阿难尊者告诉我：","“你观想我，我住顶，你加持。”","我给她摩顶。","这一回不一样了，她梦见“八功德水”洗她的脑，又梦见多部“经续论”装入脑中，再梦见我拿我写的书，全装入她的脑海之中。","过去，现在，未来，一一浮现。","天哪！","有","她的记忆力之好，异于常人，再多的数目字，加、减、乘、除，一一迅速回答。","她，记忆第一，过目不忘了！"
"047 我吃了三个蛋","https://reader.tbboyeh.org/fullscreen_player.php#/?ebook_id=436&chapter_id=c047","一天晚上，我在梦中，看见三位弟子向我叩首，随即这三位弟子，各个供养我一个“水煮蛋”。","我问：","“这蛋怎么如此奇怪，没有蛋壳？”","三位弟子说：","“这种蛋是没有蛋壳的。”","我问：","“如何得来？”","三人答：","“从吾等而生，也不知如何。”","我把这三个蛋，吃进肚子里。","三位弟子向我谢恩。","这个怪梦就如此醒了！","第二天。","真的有三位弟子从远方的他国赶了过来，他们是来祈求摩顶加持的。","我问：","“什么事？”","","三位弟子答：","“我们三位都是肠子长瘤的，医师要我们切除，特别来请求摩顶，然后再回去医院切除这三个瘤。”","我说：","“你们都没事了！”","三位问：","“为什么会没事？”","我答：","“昨夜我梦见吃了三个蛋，我相信，我吃的蛋就是你们身上的瘤。你们不信，再去医院检查，你们身上的瘤均不见了，确实被我吃了！”","“真的吗？”","“真的。”","后来三个弟子去检查，果然确实发现，肠子里的癌瘤，真的不见了！","有人问：","“三个瘤不见，而卢师尊吃了三个蛋，岂不是一种替代，卢师尊岂不是肠子会产生三颗瘤，这不是害了卢师尊吗？”","我答：","“我不会。”","“为什么？”","我答：","“三个蛋我把它咬碎，吃了下肚，消化排泄掉了。”","这真是非常奇怪的事，三个蛋居然是三个瘤。","","●","","又有一次，我梦见自己啃树皮。","这树皮长得很粗糙，但，我把整棵树的树皮啃得光光的。","梦醒后，自知又是怪梦。","见一位弟子，来求我摩顶，弟子掀起了上衣及长裤管给我瞧。","天哪！","那皮肤上长了斑斑点点，连裤管内也是，真的体无完肤。","我对他说：","“你会好！”","他答：","“已三十年了，各种药物全用过了，有可能会好吗？”","我说：","“三天就好！”","后来果然三天就好，没有吃药，因为卢师尊把他的皮肤病全吃光了。","有","",""
"048 手成了止痛剂","https://reader.tbboyeh.org/fullscreen_player.php#/?ebook_id=436&chapter_id=c048","一：","有陈传芳，参加彩虹雷藏寺的护摩法会（火供），两膝盖疼痛异常，不良于行。","求卢师尊加持。","我用手拍了她的二膝盖。","拍后就不痛了。","经过了一个月之后，她又到西雅图来参加法会，她说：“膝盖痛已有多年，经一拍之后，就止住了痛。”","她说：","“卢师尊的手是止痛剂！”","","●","","其二：","有莉莉法师的姐姐，来参加我生日那天的“长寿佛同修”。","突然间腰痛及二膝盖痛，痛得蹲在地下，爬不起来。","她准备叫车，载她回家休息。","莉莉法师见状，请我加持。","我用手拍其腰一下，二膝盖各一下。","在“长寿佛同修”前，她的腰痛就停止了，二膝盖痛也停止了，她突然之间又可以留下来同修了。","她说：","“卢师尊的手是止痛剂！”","","●","","其三：","有一位严诚先生，晚上睡觉“落枕”，脖子疼痛异常，而且不能转动。","他贴“撒隆帕斯”。","贴“西藏药贴”。","吃止痛药、消炎片。","经过了一个月，脖子没有好，痛不止，脖子又长了药疹。","严诚先生到雷藏寺找我，我用手拍了拍他的脖子。","他隔了一天，脖子的疼痛就完全好了，连红疹也消失了。","严诚先生说：","“卢师尊的手是止痛剂！”","","●","","其四：","有一位敬雄先生，从远地赴西雅图，在飞机上发生牙痛。","一下飞机赶赴医院检查牙齿，发觉是牙床发炎。","脸肿了一边，痛得哇哇叫，吃了医师给的止痛药及消炎片，却没有马上好，特别来求加持。","我拍了他的脸各一下。","奇迹－－","马上就消炎，也不痛了！","敬雄先生说：","“卢师尊的手是止痛剂！”","“有病、有痛，先看医师，而后才来求加持！”","●","","其五：","有一名女子，名美琦，在彩虹雷藏寺法会之前，心刺痛，痛得脸色发青，冷汗直流，她来求我加持。","我隔空，用“剑指印”，对着心脏部位发功，只是一刹那。","她脸容转青为红。","其","冷汗不流了。","刺痛也止了。"
"049 时轮金刚戒律","https://reader.tbboyeh.org/fullscreen_player.php#/?ebook_id=436&chapter_id=c049","日，莲翰上师，在香港“时轮金刚法会”已说过“时轮金刚”的戒律。","我今日是重述于英国伦敦“时轮法会”。","一、先守护根本十四堕：","鄙视教诫。轻视毁谤根本师。说金刚兄弟的过失。舍慈心。舍弃菩提心，愿菩提、行菩提。谤经典。谤咒语。未成熟说密法。轻视五阴。舍空性。与败德的为友。破坏行者的信心。不守自己誓言。诽谤女人。","二、再守护根本戒（十八）条：","自赞毁他。不施佛法及施财。不原谅求忏悔的人。舍大乘。偷三宝财物。舍佛法。偷僧人的衣物。五无间罪。邪见。破坏而不修护。将空性说出来。令人毁退无上道。使人舍去戒律。毁谤小乘。未得言得。接受非财。轻视律仪。舍弃利他。","三、二十五种行为规范：","五大恶－－杀盗淫妄酒。","五中恶－－赌博、吃不净肉。","五种杀－－牛、小孩、女人、男人，破身、语、意。","五小恶－－不信佛法。生气。朋友、领袖、宗教。欺骗。","五欲望的执着－－色、声、香、味、触。","四、守护粗罪：","使用不合格的“手印”。没有选择就修“专注”。不是法器教授“无上密”。在法会中吵架。具信心的人，回答令其失去信心。不可在小乘行者家中住七天。不是修气瑜伽士，却冒充是。对不信佛法的人，开示殊胜密法。进行修法，没有完成“合一”，或接近“合一”。","五、守护智慧（般若）：","并不恶骂恶行。赞叹女人。在双运中不忘“正见”。有不变的意乐。外法、内法均重视。不射出“滚打”。一切清净。永持菩提心。","（犯者要“忏悔”、“还净”、“重新受戒”、“上师加持”等等。）","","●","","※编按：","依据莲生活佛开示“修持时轮金刚法应守的戒律”二十五种禁止的行为：","一、五大恶（五种严重性罪恶行为，即五戒）：杀戒、盗戒、邪淫戒、妄语戒、酗酒戒。","二、五中恶（五种次严重性罪恶行为）：赌博、靠不正当行为谋生图利、阅读散布邪说的书籍及图文、用杀生的方式祭祖或拜鬼神、信仰邪教外道。","三、五种杀（五种特重罪的杀毁行为）：杀男人、杀女人、杀害婴儿、杀牛、毁坏塔庙和佛像。","四、五小恶（五种伤害性的行为）：伤害佛和师父、伤害僧众、伤害亲友、伤害主人、伤害信赖自己的人。","五、五欲望的执着（五种贪欲行为）：眼贪美色、耳贪乐声、鼻贪香味、口贪美食、身贪安乐。","","","","","","","","","","","","","","","","","","","","","","","","","","昔","",""
"050 供养“时轮金刚牌”颂偈","https://reader.tbboyeh.org/fullscreen_player.php#/?ebook_id=436&chapter_id=c050","爱的师佛：","嗡嘛呢呗咪吽。祝贺：","师佛圣诞快乐，老如松柏，健康长寿，自在逍遥，恒转法轮，广度众生，共证菩提，娑婆早化净土。","虔心奉上“时轮金刚”佛牌，作圣寿之礼，祈师欢喜。","此是当年吐登达吉师公给予，嘱咐日后逢因缘再造千足金，送给卢师尊，作为传承。","此佛牌是千足金打造，再镶上一O八粒完美水晶，水晶项链是弟子亲手串造，亦用上一O八粒水晶，造成三十六个共十八对的金刚小杵，背后串造一个十字金刚杵，配合而成。","一粒粒的心意，全心供养，达成心愿。","还织造了一条五色项带，可随意伸缩长短，十分方便。","希望在今年六月欧洲伦敦弘法之旅，传时轮金刚法会时能配戴上。","钻石水晶。","非异非同。","当下直心。","价值一如。","（感谢莲花瑞兰、庆莲师姐助协完成）","","供养时轮金刚牌颂偈：","吐登师公殷嘱咐。","法脉传承莲生佛。","阐扬时轮金刚法。","广弘五洲七大洋。","利益六道无量众。","速超三有脱轮回。","顿忘人我真空解。","香巴拉佛证菩提。","祝","佛安吉祥。","弟子 莲花佩雯顶礼","二O一三年五月十一日","","●","","其二：","顶礼师佛：","顶礼阿弥陀佛。","再三叩首。","客套俗言，不拟多说。","祈师点拨，悟金刚义。","四句喻旨，未知然否。","水面书字。","旋起旋灭。","因缘聚散。","本无动摇。","经中佛语：“知我说法，如筏喻者”。","是义相类，早有明言。","恕徒饶舌，说不得已。","知之非艰，“行”之维艰。","祈师加持：","“知行合一，理事无碍。","直至菩提，永不退转。”","祝","佛安","弟子 莲檠顶礼","敬","二O一三年",""
"051 附录：莲花敬安的来信","https://reader.tbboyeh.org/fullscreen_player.php#/?ebook_id=436&chapter_id=c051","师尊莲生佛台鉴：","愚弟子恭读师佛文集五灯会元系列之八《一支箭射向苍天》后，今再呈上师佛书内提问之作答，一如以往般师徒一问一答，自得其乐外，祈望师佛垂慈点拨其中不是之处，盖此书“禅”意境深远。又，愚弟子于阅此书后似有所得，故将有所感悟之偈一并呈上，文中意肤浅之处，全因弟子根器顽劣，祈请师佛慈悲体恤，悯谅教导。","此致　敬祝","佛安！","愚弟子 莲花敬安合十百拜","无聊之后还是无聊","●","闲谈句中藏法意，无聊话里尽有聊，挽弓箭后筋骨散，了悟佛意尽八九。","偈一首：","闲云自在不归岫，百川入海不复流，","梦里犹作无为用，花开花落自随风，","锦绣河山无栈恋，独处飘渺一幽峰，","问君身居何境界，庄严净土无佛踪。","退步退步退步","●","意念纷飞将如何？","《一支箭射向苍天》之师佛提问作答","“一支箭射向苍天”序","一支箭射向苍天，无觅处何有影踪，","古今尽曲终人去，仰天啸万里长空。","富贫不足碍，诸相岂在内，上进与下退，来者不拒外，无明亦无暗，真性如如在。","走人了！走人了！","六尘常阻碍，幻海续漂浮，尘梦若乍醒，人走佛始留。","欲说还休","“心安”就是平安","心安是平安，平安把心安，行者随缘步，“道”上好风光。","欲说语还休，佛法如沙舟，度者人未动，风光已尽收。","伸展双手","(一) 伸手肩抖动，如何尽释道，欲说从何起，道本在汝中，无奈唯寄语，一笑任随风。","(二) 万象本具寂，恒来有什么？幻人起幻念，结梦“空”床中。","下雨下雨又下雨","椅子称着什么？","六道由此出，源自此“石头”，万缘结合相，幻化一“地球”，若无缘结聚，苍穹一“微尘”。","(一) 诚心真忏悔，雨洗清罪失，甘露常遍洒，对错何有执。","什么是三界？","三界自缘起，微妙心作动，六识尚且灭，眼里尽放“空”。","(二) 茫茫天地何有彊，百花异品总花香，明明无“我”偏“我”在，执着如此倍神伤。","开车要“用心”","(一) 风云静与动，全凭一心弄，念动诸境动，不动终不动，是谁之过错，妄心起作用。","(二) 平常心是道，自然“性”显露，心静若止水，六根作何用？拂子与扫帚，殊途同归路。","（动作：整理衣装，合十领教后退。）","(三) 心灯燃点照无物，十八因缘无一实，出家在家总在相，不居一所若悬物，不觉身置妙莲座，自度度他清净佛。","(三) 道逢枯涸者，甘露普恩泽，方便如是故，仁者无心择，要知其利弊，雨多淹万物。","盲聋瘖痖","六根尽弃是修行，盲聋瘖痖是佛陀，明心内修见自性，外寻岁月终蹉跎。","卢师尊到底传什么法？","对答如流","耳聋不闻凡音，眼盲不视俗色，本地如如不动，无根无尘无识。","风吹梧桐飘满秋，春来绿叶发枝头，八万四仟难尽意，无法可说独君愁！","为何不久坐？","明明天上月，用水映什么？恒随师步印，用坐作什么？","从来不请假","致","不干你的事","各有前“因”及后“果”，娑婆原是一合缘，由此悟入明幻变，大千何有一事存。"