"chaptername","chaptername href","chapterbody","chapterbody 2","chapterbody 3","chapterbody 4","chapterbody 5","chapterbody 6","chapterbody 7","chapterbody 8","chapterbody 9","chapterbody 10","chapterbody 11","chapterbody 12","chapterbody 13","chapterbody 14","chapterbody 15","chapterbody 16","chapterbody 17","chapterbody 18","chapterbody 19","chapterbody 20","chapterbody 21","chapterbody 22","chapterbody 23","chapterbody 24","chapterbody 25","chapterbody 26","chapterbody 27","chapterbody 28","chapterbody 29","chapterbody 30","chapterbody 31","chapterbody 32","chapterbody 33","chapterbody 34","chapterbody 35","chapterbody 36","chapterbody 37","chapterbody 38","chapterbody 39","chapterbody 40","chapterbody 41","chapterbody 42","chapterbody 43","chapterbody 44","chapterbody 45","chapterbody 46","chapterbody 47","chapterbody 48","chapterbody 49","chapterbody 50","firstcharacter","chapterbody 51","chapterbody 52","chapterbody 53","chapterbody 54","chapterbody 55"
"目录","https://reader.tbboyeh.org/fullscreen_player.php#/?ebook_id=438&chapter_id=c999","序 对着月亮说话(序)","001 我这一生没有照相机","002 月亮没有法座","003 品尝云之美","004 月河的流水","005 小草最坚强","006 超美的柔软","007 燃烧的野火","008 月蚀的时分","009 躲在风雨之后","010 小小世界都美好","011 蕴藏了复杂的滋味","012 七彩的湖","013 有雾的早晨是晴天","014 树与藤","015 玻璃心与钻石心","016 禅定是坐忘","017 远古的万万年","018 我们都会老","019 月轮的观想","020 或许我是个傻子","021 生命的期待","022 回到自己的“故乡”？","023 梦梦梦梦梦","024 永远不会死去的","025 在风雨飘摇之中","026 我们不要失眠","027 鲑鱼的回航","028 回到鄕下去种田","029 欢愉的日子","030 将“快乐”供养","031 坐在法王的宝座上","032 不会有结局","033 我修“无漏法”","034 听着雨声入梦鄕","035 我眞正的工作是写作","036 你是我的？","037 床上的日出","038 你的少少挂碍","039 让我全身燃烧的火","040 你我共同的观念","041 旅行中的感触","042 创造一些新作品","043 带一点与众不同","044 一无隐藏的人","045 香与华","046 大圆满法的重要灌顶","047 “四喜”密教修持精要","048 一颗天真的心","049 呷呷给我的灵感","","","","","",""
"序 对着月亮说话(序)","https://reader.tbboyeh.org/fullscreen_player.php#/?ebook_id=438&chapter_id=c000","说卢师尊对着月亮说话是吗？","对！","那你是疯子是不是？","是！","怪不得很多人都说，卢师尊疯了！","我说：","这世界上有很多人，都对着月亮说话啊！","谁？","我举几个小例子：","子淳的诗：","水最为清月最圆；月光涵水水涵天。","混融不落威音世，到此如何语正偏？","17102 NE 40th CT","我说：","子淳的诗，提到“威音世”，即“威音王佛”。佛对着月亮，如何说正的？还是偏的？","慧永的诗：","髙山飞瀑布，野寺少燃灯。","坐对玲珑月，不时心似冰。","我说：","慧永的诗，心中有月，月就是清凉的冰，这冰是对月亮说话。","正觉的诗：","木落空山霜，夜楼时一撞。","随风度林岭，唤月到萝窗。","响应虚传谷，声飞不碍江。","梦回天意晓，蝴蝶失双双。","REDMOND WA 98052","我说：","正觉的诗，是撞钟的一颂，把月亮叫到窗户内，正是对月说话。","慈云的诗：","笛声吹动钱塘月，遶岸秋芦风郁勃。","小寺孤灯炯炯明，道心梦悟趋清越。","我说：","这人更妙，对着月亮吹笛声。","实行的诗：","凉风吹白发，诗句转清越。","犹谓寄情深，禅心向明月。","U. S. A.","我说：","实行的诗，何不说，谈“心”向明月？","贯休的诗：","今人看此月，古人看此月。","如何古人心，难向今人说。","我说：","就对着月亮说！何必对人说！","李白的诗：","床前明月光，疑是地上霜。","举头望明月，低头思故乡。","编者注：本有声书系由莲竩法师录制","我说：","李白是夜夜对月亮说话的诗人！","听","我早就知道了，从古至今，很多很多对着月亮说话的人。","我这位小人物，也对着月亮说话，我终于知道:","“我不是主角，我只是配角。我只是一个过路客啊！”","大家都是疯子！","我是小疯子！"
"001 我这一生没有照相机","https://reader.tbboyeh.org/fullscreen_player.php#/?ebook_id=438&chapter_id=c001","呷！","我是一个不懂电脑的人，我也没有现代人，人人一手的手机，还有一点値得注意的：","“照相机”。","很多人用照相机拍我，用手机拍我，我的照片非常多，而且无尽无量…。","但，我没有“照相机”。","我的照相机就是我的“心”，是我的心，把你的心情、背影、俏相、微笑、神韵……，全部印在我的心中，而且满满的。","","月亮中有你的倩影。","月亮中有你的巧笑。","月亮中有你的眉、眼、鼻、唇。","月亮中有你的苗条。","我说：","“月亮中有你！”","你说：","“我怎么没看见？”","我说：","“哈！那是我心中的明月！”","很多人的照相机都是对外的，照的都是表面，就算是自拍，也是照外表，照表面。只有我卢胜彦与你，拍的是“谈心”。","","我说：","“有些时候吧！一个人只为了一个人，永恒的相聚。”","这种事－－","只能对着月亮谈话了，因为那是秘密，当然我的谈话是最忠实的，那是我心中的话，心中的话，不能让第三者知道。","呷呷！","在我的回向之中，只有我与你了，我是孜孜的一片心，虽然佛陀的教法是：","“无我念！”","无我念，我做到了。但，我的心中是“有你念”，哈哈，你那美妙的声音，就化为天乐，在虚空中，回荡过来，回荡过去。","我就送一首诗给你：","智慧如来大，","恩情父母深；","若问我心底，","吾对你更眞。","能够和你相逢，是値得庆幸的，那是一段最美好的时光啊！因为我不必安排，也不用巧思，不造作，不用特别的彩排，一切就是如此的自然，自然而然的顺理成章。","偶而也有“爱别离苦”。","但，我知道你在遥远的地方，我知道你在那儿，我渴望你回来，你渴望我回来，彼此的心声，都是“渴望”！","","我写一首现代诗给你：","有时候喜欢天晴","因为那晚的月亮更分明","你的映","我的影","","脸儿盈盈","让我无眠","分不清是月是你","说如此牵情","","","","","呷","","","","",""
"002 月亮没有法座","https://reader.tbboyeh.org/fullscreen_player.php#/?ebook_id=438&chapter_id=c002","呷！","我们常说：","“如来就是，无所从来，亦无所去，故名如来。”","我由“如来”想到月亮。","月亮从哪里来？","月亮从哪里去？","什么时候它开始悬在空际？什么时候它消失于空际？","我们看见月亮升起，看见月亮降下，但我们知道“月落不离天”。","由此，我印证：","“月亮没有法座！”","","僧璨有一首诗：","丘壑容高卧，","烟霞久作邻；","禅扉睽祸福，","呵护自由人。","","月亮就是“自由人”了。","看月亮，是非常的简单，只要是晚上，一抬头就看见了。","我看月亮，就等于看你。","在这美妙的时刻，一切烦恼及纠葛就完全的不见了。","只要看月亮，心思就飞到里面去了，去看月宫宝殿，去看嫦娥，去看吴刚，去看月兔，随着，就身心全放下。","这刹那的一刻－－","天是天。","云是云。","月是月。","天，我们知道是空虚的！","云，我们知道瞬息万变的！","月，我们知道是流浪的！","哇！好美哦！","","月亮没有法座，不固定的。呷呷！我知道你是自由人，你是流浪的。","其实我总是有一点小小的私念，把你留在我的身边。","我是男主角。","你是女主角。","但，有时候，把眼光放大，看看宇宙、星辰、大地、山海，这么大的远景，这样的壮观，我如何能够把你留住。","其实你也是没有法座的，你一直感觉到没有家，就算有家也拴不住你。","因为我只要把眼睛闭上，你就一溜烟似的，走进我的心底深处。","","那一刻最美！","那一刻最宁静！","那一刻甜甜的！","","写一首诗，送给你：","没有人能够把你留下","你说你为我活","这又是什么话","","让我们来划一画","月亮最雅","呷","也永远的在天涯","没有固定的法座","我不用娶你也不用嫁","",""
"003 品尝云之美","https://reader.tbboyeh.org/fullscreen_player.php#/?ebook_id=438&chapter_id=c003","呷！","当我们看“月华”的时候，我们同时也看到“云”。","月亮在云的后面。","月亮在云的中间。","月亮在云的边缘。","月亮在云的并列。","看云也是很好的一种享受，云有多色，白的、黑的、橙的、红的、灰的……。","云的形状完全是不固定的，千奇百怪，有的像龙，有的像凤，有的像手掌，有的像脚印……在一刹那又一刹那中变幻。","它有时候会变化出你的脸，看见你的脸，就会想起眉、眼、鼻、唇……。","","我记得一首诗，好像是这样的：","一朝鹏举，万里鸾翔。","纵任挥洒，游行天王。","车车返邑，衣锦还乡。","鸟残以羽，兰折由芳。","","你知道吗？我把这首诗，原本不是写“云”的，我却把它，当成云想。","又：","智威的诗：","余本性虚无，缘妄生人我。","如何息妄情，还归空中空。","这就是“云”了！","","又：","虚无是实体，人我何所存。","妄情无须息，即登般若船。","这就是“禅”了！","同样的一种千古想念：","你从哪里来？","你要到哪里去？","你在人间做什么？","还有：","“你遇到我，我遇到你，为的是什么？”","有一首“偶然”的歌，歌词是：","我是天空的一片云，偶然，与你相逢……。","天啊！","从此之后－－","你是我的唯一！","你是我的全部！","我们不是孤独的云，你身中有我，我身中有你，缠绵成一片，纠缠成一片。","","呷呷！","我一生追求自由自在，追求无障无碍，追求清净平等，追求本觉智慧光明。","我盼望着，盼望着－－","“爱”、“纯”、“柔”、“亮”。","写一首诗送给你：","在清秋","放一轮明月","月旁有云四处流","","呷","有一种心情无法收","苒苒之中不眠不休","何事心里留","","像一叶小舟"
"004 月河的流水","https://reader.tbboyeh.org/fullscreen_player.php#/?ebook_id=438&chapter_id=c004","呷！","我读过“寒山子”的诗集，其中有二首：","一、吾心似秋月，碧潭清皎洁。","无物堪比伦，教我如何说？","","又：","二、碧濶泉水清，寒山月华白。","默知神自明，观空境逾寂。","","由寒山子的诗中，我们可以看出寒山子是喜欢月亮的。他常用月亮来表征。","这两首诗，比喻“心如秋月”、比喻“月华雪白”，都象征了寒山子的心。","学佛的人都知道：","寒山子是文殊化身。","拾得子是普贤化身。","这个因由是“闾丘胤宦丹丘”，遇天台山的“丰干”禅师。胤问：“天台山可有贤师？”","丰干答：","“天台山有寒山文殊、拾得普贤，在国清寺。”","胤到官三日，亲往国清寺，见到寒山子、拾得子，便大礼拜。","二人大笑：","“丰干太饶舌了，阿弥陀佛不识，礼我二人做什么？”","","我读了二首诗，及其典故。我想起了我们的“月河”，那是我们多世以前相聚的“月河”。","月河光明无尽。","月河天乐悠扬。","月河清净法身。","月河流水甘露。","我们食甘露。","我们穿天衣。","我们住宫殿。","我们行嬉戏。","","呷呷！","我们化尽了色身被污染的四大(地、水、火、风)，我们的家在“天河胜景处”。","其实，人间是纷乱纠缠的，是迷悟的大海，是污染的黑云。","我们在“澈却”的观修中，是要断除四大的种种污染。","当四大由粗变微，由微变化，于本净中，解脱得成就。","我们在“脱噶”观修中，由光的聚集，光明化尽肉身，得“虹光身”。成就大迁转，证得无上正等正觉的佛果。","","你是我的道伴。我要告诉你这些。","我们要回到原来的刹土去，天河胜景处，是我们的故乡。","","写一首诗送给你：","我们不能在娑婆世间逍遥","人间游戏","如许的无聊","","我们要望向地标","不能闲过清宵","我愿与你","业障消","呷","四大均清净融化","让拙火燃烧","","",""
"005 小草最坚强","https://reader.tbboyeh.org/fullscreen_player.php#/?ebook_id=438&chapter_id=c005","呷！","我赏月时，偶而会站在庭院的草皮上，西雅图的夜色是有寒气的，寒气会穿过我的喇嘛裙，直接的吻着我的双腿。","那时，地上的小草已有了露水了，当我踩过，露水也会沾上脚板。","有人说：","“不要踩草！”","我问：","“为什么？”","他答：","“小草因你踩它，它会死！”","我说：","“它不会死，小草最坚强，它是枯了，但，又会变绿，绿又枯，枯又绿，小草令我吃惊，很快的，它又是油绿一片。”","我欣赏小草，只因花会枯萎，树会被砍，只有小草，永恒的存在。","","良价的诗：","可笑奇，可笑奇，无情说法不思议。","若将耳闻声不现，眼处闻声方得知。","","我说：","“小草是无情说法，它说，我与你的爱，永远不死，不可思议！”","我们这一生，当然有很多挫折无数，来自于社会的，来自于家庭的，来自于人际的，来自于你的朋友的，来自于我的弟子的。","他们像黑云，层层的盖住了月亮。","但，我明白，月亮还在。","终有一天，撕开了那层黑幕。","月亮从未离开。","","惠能的诗:","不见一法存无见，大似浮云遮日面。","不知一法守空知，还如太虚生闪电。","此之知见瞥然兴，错认何曾解方便。","汝当一念自知非，自己灵光常显见。","这首惠能的诗，你能解否？","无念之法。","看法不着于法。","直心是净土。","“浮云遮日”又有何妨害！","只要你为我活，我为你活，我们就是小草，众人都踩不死的。","","写一首诗，送给你：","我的脚踩着小草","我的头望着月华","我知道","相聚不易","","小草有时序","月华有时序","我们总是彼此的相忆","别后的","离苦的","更加的绮丽","","呷","我总是傻傻的伫立","聚又散","散又聚","又送月华去",""
"006 超美的柔软","https://reader.tbboyeh.org/fullscreen_player.php#/?ebook_id=438&chapter_id=c006","呷！","很多看见你的人都说：","“你是超美的！”","你的眉毛，像上弦的月。","你的眼睛，像蓝色的海，那么生动。","你的鼻子，像一座山高矗。","你的唇，像菱角，微微的翘起。","这种组合：","“超美！”","","六世达赖的情歌中，有一首：","白昼看美貌无比，夜晚看肌香诱人，","我的终身伴侣，比“鲁顶”花更为艳丽。","","宗喀巴的诗：","莲花脸盘乌黑眼睛美，深蓝发辫顶髻银光闪，","姿态绰约妩媚妙音女，再次祈祷赐以语自在。","对了！","","呷呷！你的头发像瀑布，散发出香气四溢的水珠，放射！","你的眸子闭着，很柔软。","你的眸子开眼，我的心就醉。","四目相对时－－","一切烦忧全忘却。","这时候，一切全变得非常柔软了，我的心很柔软，你的心很柔软，这是一种无法形容的觉受，非常舒畅，仿佛洗尽了尘埃，净明无染，像菩萨的光芒，又细又柔，流动着放光芒。","","如果我们在一起，总是这样！","如果我们没在一起，我对着月亮说话，想要月亮对我说：","“你在另一头，也跟着我说话！”","呷呷！","虽然我是卢师尊，但，你知道吗？我的内心实在是超柔软的。","","我记得齐己的诗：","大士生兜率，空池满白莲。","秋风明月下，斋日影堂前。","色后群芳坼，香殊百和燃。","谁知不染性，一片好心田。","","这一片好心田，是我要对你说的，我实在有一片好心田。","你超美！","我柔软！","就是这样了！","写一首诗送给你：","你的超美犹带一分俏","见过的人","心头都发烧","","如果是笑时","那更是不得了","百态千娇","呷","","我要你明白及知晓","我的心确实轻飘飘","我常常对月亮说话","说着说着"
"007 燃烧的野火","https://reader.tbboyeh.org/fullscreen_player.php#/?ebook_id=438&chapter_id=c007","呷！","其实要了解一个人内心的秘密是非常困难的，以我来说，我自己也不一定了解自己。","我连自己都不了解自己，更何况别人怎可能了解我呢？","反过来说，我要眞正去了解你的心，必然也是相当艰难的过程。","有人说：","“相聚久了，自然而然就明白了！”","久了，是多久？","曾经有一个人，我想了解他，经过了十年之久，我还是不了解他。","呷呷！","看你的表面，像一位阳光少女，很活泼开朗，但，事实上，又很淡定。冷静的时候，可以解开那千丝万缕的纠缠。","","还有冷冷的面膜之下，怎知是燃烧的野火？天雷勾动地火，一发而不可收拾！","有时候你冷静－－","如外科医师，解剖我的一寸一寸的肌肤，分析得有条有理。","有时候你狂野－－","就像燃烧的野火，把我的全身都烧得精光，尸骨无存。","其实我喜欢你的全部，冷静与狂野，我都很欣赏。","我要如何解析你呢？","","认眞说：","“不必解析！”","因为在你的面前，我变得很盲目，无从得晓。","卢师尊原本有“他心通”的本领，可以看透人的内心秘密。","我有天眼，可以看。","我有天耳，可以听。","我有耳报，神佛的通告。","","但，这些都变成没有作用了，因为“爱”，所以把这些全部否决掉！","我实在：","“不懂你的心！”","良价的诗：","切忌随他觅，迢迢与我疏。","我今独自往，处处得逢渠。","渠今正是我，我今不是渠。","应须恁么会，方得契如如。","","我感叹啊！","在你之前，我一切的神通预知，仿佛全部自动消除，你说什么，就是什么！","","写一首诗送给你：","你是雾","随着风缥缈","我已迷失","所以神通就变得小","","你的内心秘密是云","变幻根本无法晓","只要你说的","我都说好","","呷","燃烧的野火耶","我整个人被烧掉了","","",""
"008 月蚀的时分","https://reader.tbboyeh.org/fullscreen_player.php#/?ebook_id=438&chapter_id=c008","呷！","我们常说月有阴晴圆缺，人有悲欢离合，有喜、有怒、又哀、又乐。","这是佛陀说的：“诸行无常”。","我们也知道当太阳、地球、月亮，成一直线时，地球挡住了太阳光，那就是：","“月蚀”。","","景岑的诗：","百尺竿头不动人，虽然得入未为眞。","百尺竿头须进步，十方世界是全身。","又：","不识金刚体，却唤作缘生。","十方眞寂灭，谁在复谁行？","","这两首禅诗，其主旨是：","认清“十方”。","认清“不动”、“寂灭”。","我说：","认清“圆缺”、认清“离合”、认清“哀乐”。其实是“不动”及“寂灭”的。","","外，是动乱。","内，是不动。","外，是喧哗。","内，是寂灭。","这也就是“月蚀”的标准答案。","我们的情谊，时常被人为的破坏严重，彼此之间亦有误解。","但，好像是“月蚀”一样，凋萎了，黑暗遮住了一大块，后来，它又奇迹似的复活了。","有时不只是黑了一大块，几乎是全部都黑了，昏天暗地。","但，渐渐的，又光明了！","","你说：","“我是为你一个人活的。”","我说：","“我也是为你一个人活的。”","就凭这句话，我们奇迹似的活了过来，扫荡一些闲言闲语。","体会：","“十方世界是全身！”","体会：","“十方眞寂灭！”","我们走过了黑暗的幽谷，是我在护着你行，是你在护着我行。","我们能够如此的亲密，是外人永远不会了解的，因为他们不明白，你我所知道的：","“多世多生！”","我写一首诗送给你：","月蚀的时分","十方世界非常暗","受了很多言语的影响","几乎被惊散","","心中纷纷乱乱","潮起潮落","心总是摇摇晃晃","呷","水茫茫","何处是彼岸","","对着月亮说话","你听见我的呼唤"
"009 躲在风雨之后","https://reader.tbboyeh.org/fullscreen_player.php#/?ebook_id=438&chapter_id=c009","呷！","今天是有风有雨的日子，从清晨至晩上，都是风呼呼的吹，雨淅沥淅沥的下，一整天，都是湿湿答答的。","月亮不见了，星星不见了，其实不是不见了，而是躲在风雨之后。","在我的住家“南山雅舍”的大门外，我站立在门檐之下，望向那乌黑黑的天。","明媚的月亮不是没有，而是在乌云之后。","我们不能说:","今夜无月。","而是月亮在乌云之后，我仍然对着月亮说话。","","仍然想起那个笑话：","我把你的名字写在云中，云化为水，水一落地，就流走了。","我把你的名字写在风中，风呼呼的吹，就忽东忽西，消杳了。","我把你的名字写在河水中，水匆匆的流过，一去也不复回。","我把你的名字写在电线杆上，结果，我被环保人士，给带走了。","哈哈哈！","其实我把你的名字，刻在我的心中，你的名字永不褪色，谁也不能抢夺，整个心全充满你的名字，任谁也挤不进来。","那夜，雨愈下愈大，愈下愈迷濛，天窗上，叮叮当当的响。","但，心中的你。","仍然光亮无比。","","呷呷！","有一天，你对我说：","“我没有安全感！”","我说：","“你放心！我永远会守护着你，不管是白天晚上，不管是有风有雨，不管路再怎么难走，不管天崩地裂，我会永远的牵着你的手！”","你说：","“谢谢！”","我说：","“应该的！”","这本来就是应该的，也不是一次两次，而是多生多世了。不然，我们不会那么熟，那么自然，那么的专注。","我发现这其中是有誓愿的，无怨无悔了！","","我写一首诗，送给你：","香靥在雨中","香靥在风中","这也是一种缠绵","交杂","如秋烟","","不管是日月","或是又来一个新年","楚腰纤细","叫人怜","","你且安心","我永远在你的身边","人后人前","十指环扣永相连","","","呷","","","","",""
"010 小小世界都美好","https://reader.tbboyeh.org/fullscreen_player.php#/?ebook_id=438&chapter_id=c010","呷！","我们修习到“摩诃瑜伽”的时候，就会产生一种觉受，这种觉受叫“一味”。","住着的是“佛殿”。","穿的是“天衣”。","吃的是“甘露”。","行的是“云车”。","来来往往均是佛菩萨。","这个时候，我们称为“安住”。所谓“安住须弥”、“安住如海”、“安住所显”、“安住明体”。","进一步：","对人我方面，我之瞋、怒、爱、恶等，皆能清净而入自解脱。","所谓：","他骂不还骂。","他怒不还怒。","寻过不还报。","他打不还打。","行者是以无修之修，无整之整，自然的光辉来看待一切。","这时候，只见此人的长处，而不见此人的短处，人人均是大菩萨。","","呷呷！","你说：","“有一个人很讨厌，我不喜欢看见他！”","我说：","“看他的长处吧！”","你说：","“他一无是处！”","我说：","“看他的佛性吧！”(人人具足)","例如：","马来西亚的那个人，有“执着之美”。","新加坡的那个人，有“点子之美”。","台湾的那个人，有“读书之美”。","美国的那个人，有“圆谎之美”。","这就是：","“自然慧灯”。","我们在“大乐地”之行者，自住“明觉”之中，只是欣赏“小小世界”之美。","","希迁(石头和尙)的诗：","当明中有暗，勿以暗相遇。","当暗中有明，勿以明相睹。","明暗各相对，比如前后步。","万物自在功，当言用及处。","这几句眞好！“明”与“暗”是互相组合的。","","写一首诗送给你：","这天气","也不一定是好天良夕","很多的很多的","障碍不可去计","","何事去回忆","呷","当了那烦恼的奴隶","不如都美好","月光如碧","","若是眞正的行者"
"011 蕴藏了复杂的滋味","https://reader.tbboyeh.org/fullscreen_player.php#/?ebook_id=438&chapter_id=c011","呷！","有一天晚上，月亮没有出来，因为天上有很多的云，有黑墨汁的，有灰暗的，有灰濛的，有淡黑的，有浅白的。","学画画的人都知道：","“墨分五色！”","现在我终于明白了：","原来感情的事，蕴藏了复杂的滋味，同样的有，酸、甜、苦、辣、咸，这些滋味，你细细的咀嚼，哇！有些，眞的很难适应呢！","吃醋！","嫉妒！","都在其中。","","有人说，感情的事是容不下一粒沙子，又说，如同人的眼睛，一定是清净明亮，一点小灰尘，也是无法容忍的。","我很盼望：","我们的感情，要每天细心清洗过。","我们的路子，要平顺而无波折。","我们的个性，要阳光温柔。","我们的热度，要保持适中。","我们的人事，要没有他人插队。","我相信，我们会“心心相印”的来处理这些不必忧心的忧心。","最重要的是“互信”，不是吗？","","玄觉的诗：","绝学无为闲道人，不除妄想不求眞。","无明实性即佛性，幻化空身是法身。","法身觉了无一物，本源自性天眞佛。","五阴浮云空去来，三毒水泡虚出没。","证实相，无人法，刹那灭却阿鼻业。","若将妄语诳众生，自招拔舌尘沙劫。","","这首诗，我觉得：","“妄语”最糟糕。","那不是“眞”，如果是“眞”，一定会把“五阴”摧破，一定会把“三毒”摧破。","感情的路，最害怕的是“妄”，最糟糕的是“诳”。","那种感情如气泡！轻轻一碰，就破了。","世俗的人的感情就是如此，会出现很多很多的“怨偶”。","我是行者，所以我知道：","梦里明明有六趣。","觉后空空无大千。","我们好好的“珍惜”吧！这是我的“眞”！","","写一首诗送给你：","情字这条路","且记不可以狂飙","因为狂飙有时候会糟糕","","须细心呵护","未来的路迢迢","勿急","勿缓","不可触礁","","呷","我一直小心翼翼","一路上调整","不让它等闲消","",""
"012 七彩的湖","https://reader.tbboyeh.org/fullscreen_player.php#/?ebook_id=438&chapter_id=c012","呷！","我在日本时，曾去看过一个湖，我们上山下山，看到了这个湖，果然七彩，非常美丽。","我去加拿大旅行时，由“温哥华”到“卡加利”途中，也去看四面环山的一个湖，一看，颇为惊叹！","","湖如翡翠，镶在大地。","湖如星空。","湖静如处子。","湖光七彩。","就只看一眼，就觉得人生难得一回见，好像看了这个湖，人生就値得了！","我曾如此想：","湖水到底是什么颜色？是白色？是绿色？是红色？是蓝色？是黄色？是……。","或是综合的颜色？","在密教－－","绿是水。","红是火。","黄是地。","白是风。","蓝是空。","在我们的人体上，水是水分，火是温度，地是骨肉，风是呼吸，空是念头。难道，我们人体也可以放光七彩吗？","","呷呷！","可以的。","我们修行“大圆满法”，最后“虹光化身”，也一样是七彩的。","我想问你的是：","我的“情”是什么颜色？","你的“情”是什么颜色？","二者合一又是什么颜色？","","玄觉的诗：","放四大，莫把捉，寂灭性中随饮啄。","诸行无常一切空，即是如来大圆觉。","摩尼珠，人不识，如来藏里亲收得。","六般神用空不空，一颗圆光色非色。","哈！","“佛性”是什么颜色，色非色？","“情”是什么颜色，空不空？","我去看七彩湖的时候，觉得十分的温和，十分的平静，十分的堪深。","我祈愿：","“温和、平静、堪深。”","","写一首诗，送给你：","对于美景我不错过","觉得是人生一乐","绝对不是喜色","看那多彩湖成幄","","感情不会有什么错","那是","你我的承诺","莫忽","呷","莫变","莫莫","","我要的是平静","你要的是温和"
"013 有雾的早晨是晴天","https://reader.tbboyeh.org/fullscreen_player.php#/?ebook_id=438&chapter_id=c013","呷！","清晨起来，一看窗外，哇！雾好浓好浓，浓得像白色的乳汁，化不开。","在清凉的早晨，我披上“夹克”，就走到雾里，一下子，就被雾吞噬了。","雾好像一颗颗的细粉，是活的，随着我的呼吸，跳起了轻飘飘的舞姿，我一走过，一碰触，就轻轻的吻上了脸。","我想起了：","如梦。","如幻。","如泡。","如影。","释逾牟尼佛说：“应作如是观！”","但，我觉得“眞情”实际不是如此，它和雾是不同的。","如石，坚硬！","如海，深深！","如天，广广！","如地，不动！","如河，长流！","","我在雾海之中，深切体会“眞情”的可贵，对我的生命有了一种眞实的意义。","就在我离开雾海的时候，我看到松针的缝隙，有一点黄金的光，那是太阳透露的信息，有雾的早晨是晴天。","那一点黄金的光，仿佛对我打招呼，就如同远方的你，探问我的消息。","而我，向你倾诉。","两个心灵的会面，正是如此。","“嗨！今天好吗？”","“好！你呢？”","“一样好！”","","我喜欢智闲的诗：","一击忘所知，更不假修治。","动容扬古路，不堕悄然机。","又：","处处无踪迹，声色外威仪。","诸方达道者，咸言上上机。","我说：","“这是雾，那一击忘所知，无声无息也；行处无踪迹，正是上上机。”","这一切一切，唯雾乃知难可测！","写一首诗送给我的呷呷：","走在浓浓的雾中里","我发觉","一贫如洗","这正是禅的上上机","","是你我相依相倚","呼吸就是清风起","你浓","我浓","如此相继","","黄金光一点","那是唯一的生气","渐渐的变化","呷","绮丽","眞爱的次第","那是雾的新霁","",""
"014 树与藤","https://reader.tbboyeh.org/fullscreen_player.php#/?ebook_id=438&chapter_id=c014","呷！","我说：","“我是一棵树。”","你说：","“我是一株藤。”","于是，树被藤紧紧的缠住，二者永不分离，如此过了百年，或几个百年……。","包括了前世、今世、未来世。","经过了很久很久很久的时间与空间。","树与藤，彼此的心跳都听得见，彼此的温度都明明白白。","它们互相发现，根本纠缠成一家，不可能分离了，就算树死了，就算藤死了，它们的“眞爱”依然的永远在相怜。","","爱着你的爱。","悲伤着你的悲伤。","“眞爱”如何去表达呢？其实也不用表达了，不用表达就是表达。","心在一起！","身在一起！","连灵魂也在一起！","根本不用张开了双臂，去迎接对方，因为，它们是永远的牵手。","雨落下来了，共同汲吮着那甜蜜。","风刮过来了，紧紧的相依相偎。","雷落下来了，它们的根，仍然在大地里交缠。","电闪过了，仍然长出生命的绿苔。","","呷呷！","我们早就分不出是雨？还是泪？生活在乐中？生活在苦中？","我们唯一的相守，这就是：","“不朽！”","","玄觉的诗中：","行亦禅，坐亦禅，语默动静体安然。","纵遇锋刀常坦坦，假饶毒药也闲闲。","我师得见燃灯佛，多劫曾为忍辱仙。","我喜欢：","锋刀无畏！","毒药无惧！","有了你，什么都不怕，有了你，什么都不恐怖，反正，行亦禅，坐亦禅。","","我们比什么都坚硬！","我们比什么都不坏！","我们比什么都光明！","我写一首诗送给你：","月亮落下了","也不会离开天","那即是","树与藤的心弦","","卿怜我来我怜卿","怜来","怜去","如此的缘","呷","","梦中频频常相见","这也是祈愿","愿久","愿远"
"015 玻璃心与钻石心","https://reader.tbboyeh.org/fullscreen_player.php#/?ebook_id=438&chapter_id=c015","呷！","有一首歌，唱的是“情人的心是玻璃心”。","这含意是，玻璃是很容易破碎的，只一撞击，便成块块分裂，飞散各处。曾经有一个人，以为非常亮透的落地窗，是空的，就这样猛然的冲了出去。","结果：","那人躺在地下。","身上落下满满的玻璃碎片。","我们知道：","玻璃如果裂了，是无法弥补那个裂痕的，玻璃如果碎了，根本无法黏平，“破镜”无法重圆，众所周知。","","玻璃心：","它带着一种男女的象征，是容不下一粒砂子，容不下一丝的阴影，容不下，另外一个人的切入。","爱情仿佛是一场争战，双方都有梦幻的思绪，不能破灭的泡泡。","我们纪录了很多故事：","那是过去式的历史。","杨贵妃。","赵飞燕。","王昭君。","西施。","武则天。","……。","我们只是纪录者，永远不被故事所污染。","","呷呷！","在人生的大海之中，我遇见了“惊为天人”的你，你我也一样在编织一场“美丽的梦”。","我只是从古代走过来的人。","你也是从古代走过来的人。","你说：","“情人的心是玻璃心。”(指俗人)","我说：","“情人的心是钻石心。”(指行者)","在你我心里的深处，我们是万万年的缘分，我们是这样子走过来的。","我们是：","“钻石心。”","我们是：","几回生，几回死，生死悠悠无定止。","自从顿悟了无生，于诸荣辱何忧喜？","(仍然是玄觉的诗)","修行的道侣是没有“忧”，也没有“喜”的，所以我们修禅定，禅定了，就是“钻石心”，也是一心一意。","","写一首诗送给你：","对于人间我们总是笑开怀","无事","无心","自然就会绝疑猜","","绮丽的感情中人有了二心","容易凋谢","时好","时坏","一下子变尘埃","呷","","感情若是明镜台","怨魂无伴尚徘徊","",""
"016 禅定是坐忘","https://reader.tbboyeh.org/fullscreen_player.php#/?ebook_id=438&chapter_id=c016","呷！","有一个人对我说：","“在禅定时，一切忘却时，进入了奇特的空境，由于太寂静了，一时心生害怕寂灭，便出定了。”","又一个人说：","“在禅定时，进入无云晴空之中，广大无比的空灵，心生惧畏，不敢进入，便出定了。”","又有一位说：","“在禅定时，觉受是四周非常暗，有一个奇大无比的黑暗大洞，自觉自己往黑暗大洞中，掉了进去，一直掉下，深不见底，无止无休，由于惊慌，便出定了。”","","我对他们说：","“禅定是坐忘，觉得太寂静了，觉得太空灵了，觉得掉入黑暗大洞。这些均是禅定的初机，眞正在禅定，你是无觉，一片空白，没有时间，没有空间。”","我又说：","“在静室禅定，有何恐惧、害怕，那是未坐忘的缘故啊！”","我在禅定前，念：","“往生净土，超生出苦，南无阿弥陀佛。”","自己即死。","无事。","无心。","刹那！刹那！不知不觉。","我在禅定中，是极端极端安静的，没有一丝想念，没有一丝风，没有一丝光，其实什么都没有。","禅定就是这样！","我在想：","我以前在入甚深禅定中，要出定的时候，也是没有原因的。","刹那、刹那就出定了。","","现在要出定：","先有一个人，从我的甚深禅定中，走了出来，由很细的一点，渐渐的变成微妙的天人，一看脸孔，那是白衣大士，祂就是你，你就是祂，无二无别。","结果：","我就出定了。","我想一想，原来你的倩影，早已深深的藏在我的最深意识。","行端的诗：","本无生灭，焉有去来。","冰河发焰，鐡树华开。","我想：","冰河为你发焰，铁树为你花开了。","","写一首诗送给你：","这人间","是有情的花园","你的眼","就是天人","","在龙华树下的法筵","呷呷","你就是弥勒菩萨的妙选","","一起成佛去","一起成佛去","“兜史天”不远","","","呷","","","","",""
"017 远古的万万年","https://reader.tbboyeh.org/fullscreen_player.php#/?ebook_id=438&chapter_id=c017","呷！","我曾经如此说，我们现代人，都曾经是远古人，而今世的现代人，也将转换成未来人。我如此说的意思，是“过去”、“现在”、“未来”，是串连的。","在远古的万万年！","你是海。","我是盐。","你是山。","我是树。","你是天。","我是地。","仿佛我们从来就注定聚在一起的，一种浓浓的清香，飘透了过来。","那是远古的万万年，芬芳永远在我们的心中。","","我说：","你若是“开水”，我就是“茶叶”；你若是“壶”，我就是“杯”。","如此，也就让我决定了，我的心不用在虚空中盘桓，入我、我入。","这是密教的“入我我入”，也就是：","你进入我。","我进入你。","这就是相应的瑜伽。","这一种气息，其实是从远古传递到今天的，的的确确是无法形容的，是弥漫的，是包围的。","我说：","你若是“水”。","我就是“鱼”。","这是分不开，也是化不开，有一种声音一直在呐喊着：","“爱你万万年！”","","我们忘掉这条路的远近，我们忘掉周遭的一些人和事，我们忘掉四周的风景，相对的，你忘掉你，我忘掉我。","你说：","“你比我的爱更爱！”","我说：","“我们不要比这个，我告诉你，我早已忘掉我自己了！”","这忘掉，才是眞爱。","多少分，0分。","不可量，不可测，无有分别，这个才是。","","知玄的诗：","花开满树红。","花落万枝空。","唯余一朵在。","明日定随风。","","这“知玄”的诗，是“空灵”，我们的“空灵”，已万万年矣！","写一首诗送给你：","这万万年","那能够等闲就抛","若说忘记","也是缘分难消","","你我不会有情憀","说什么","呷","路归路","桥归桥","就算是独处","梦里全是春梢",""
"018 我们都会老","https://reader.tbboyeh.org/fullscreen_player.php#/?ebook_id=438&chapter_id=c018","呷！","你说：","“有一天，会变老！”","我说：","“我们都会老！”","如果以年龄来说，我的弟子，早以七十岁来帮我暖寿，在新闻媒体上，如果我上新闻，他们称我是“七旬老翁”。","依你的年龄，你比我年轻了许多，你离老还远得很呢！","另外，很多人看见你，都很惊讶，认为你大约二十五到三十岁之间，你是“冻龄”的美女，你只要继续“冻”下去，你永远不老啊！","虽然年龄上，我已七十，是“七旬老翁”，但在我的心灵上，我只有十七岁，我常常自嘲，我是未成年的少年。","","事实上，也是如此：","我在单杠上，会引体向上。","我在双杠上，会蜻蜓点水。","我在双环上，会十字平衡。","我每天，伏地挺身二百下。","很多年轻人看了，咋舌不已，因为很多动作，年轻人，也做不来。","我是修气瑜伽士，全身气足，气力饱满，我只要一动起来。","运动“三小时”。天天如此。","","我修证“无漏法”、“拙火法”、“明点法”，我的“荷尔蒙”不漏失。","看起来，身强体健，尤其在心灵上，我是永远年轻的，这是眞的。","呷呷！","但，我知道，我们都会老！","我说：","鱼不怕溺。","鸟不怕堕。","只要继续活着，我就可以永远向前飞，飞翔得比别人更快。","在年轻的心灵之下，我从不感觉老，在澄明无染之下，我写作：","“年轻的书”。","记得，维摩诘大士与散花天女吗？大士“老病”，天女“年轻”。","","仍然是玄觉的诗：","维摩大士顿除疑，还同赫日销霜雪。","不思议，解脱力，妙用恒沙也无极。","","我写一首诗送给你：","谈年龄","这眞是浅薄之见","是独具慧眼看得出","我的内在的心灵","是粉面","","对着月亮说话","月如翦","月又圆","廓清良月","眞情就在此时现","","你我已经完全超越了","千选万选","呷","","","","",""
"019 月轮的观想","https://reader.tbboyeh.org/fullscreen_player.php#/?ebook_id=438&chapter_id=c019","呷！","我们修密教的人都知道，在“月轮观”中，常修习的是，一轮明月，从平静的蓝色海洋中升起，悬在虚空中的天际。","白色的明月中心，出现了诸尊的“种子字”(梵字)。种子字放光。行者观想由“种子字”幻化成诸尊，有的是佛、菩萨、金刚、护法、空行、诸天……。","","于是诸尊放光加被行者。","使行者身、口、意清净。","嗡()－－天心白光。","阿()－－红光在喉。","吽()－－蓝光在心。","月轮的观想是我们常常修法中，用到的，那澄明的月轮，像一面皎洁的明镜，它使我们的心灵非常的平静，非常的清凉。","","然而，六世达赖(仓央嘉措)有二首歌是：","前往得道的上师座前，","求他将我指点；","只是这心猿意马难收，","回到了恋人的身边。","又：","默思上师的尊面，","怎么也没能出现；","没想那情人的脸蛋儿，","却栩栩地在心上浮现。","","然而，","我对于“六世达赖”的如此表白，没有恶感，反而觉得他在现实的世界是在“游戏三昧”，在世俗幻化的人间展示了“出污泥而不染”。","他是眞实的！","他是不虚伪的！","他是不压抑的一面！","我个人觉得，理智与情感不用对立，而是互相协调与融合。","","呷呷！","我们天天修法。","我们天天禅定。","我们天天做“月轮观”。","我们有“爱”，又有“修行”，这才是完美的人生。","","玄觉的诗也是如此写的：","但得本，莫愁末，如净琉璃含宝月。","既能解此如意珠，自利利他终不竭。","又：","不求眞，不断妄，了知二法空相无。","无相无空无不空，即是如来眞实相。","","于是：","我们了知眞妄空相无，我们了知眞实相，我们知道，爱情与修行，并不矛盾与冲突，别人是冲突，你我不冲突。","","写一首诗送给你：","向晚","月亮冉冉的升上岸","此岸","彼岸","呷","其实并不紊乱","","你我修行是道伴","在游戏三昧之中","渐渐把烦恼斩断"
"020 或许我是个傻子","https://reader.tbboyeh.org/fullscreen_player.php#/?ebook_id=438&chapter_id=c020","呷！","有人说：","“呷呷与《月河的流水》，全是虚拟的，是卢师尊编撰出来的。”","我听了，静默以对。","有人说：","“呷呷与《月河的流水》，全是眞实的。现在的这本《对着月亮说话》，是加长版。”","我听了，静默以对。","有人说：","“七十岁的比丘，写情，这个人一定疯了！”","有人说：","“七十岁的比丘，写情，这个人是傻子！”","我听了，静默以对。","我或许是一个疯子，我或许是一个傻子，我总是会出其不意，我总是会突发奇想，突然间写出令人无法了解的抒情文，令人无法想像七十老人写十七、十八岁的所谓“与你相随，不离不弃”。","呷呷！","城市的月亮，西雅图由秋季，渐渐的步入冬季，阳光渐渐少了，月华渐渐多了，雨的数量逐渐增加，冷风飒飒。","","有一个人，对着月亮说话。","是一个疯子。","或许是一个傻子。","我对着月亮喊：","“你是我的唯一！”","“你是我的全部！”","清尙的诗：","道力自然超，身亡同坐禅。","水流元在海，月落不离天。","溪白葬时雪，风香焚处烟。","世人频下泪，不见我师玄。","呷呷！","我欣赏的是“不见我师玄”啊！我玄在哪里？岂不见我是疯子吗？","岂不见我是傻子吗？疯子及傻子，玄之又玄。","","写一首长诗送给你：","我常常走在月亮边","周遭根本是无人","我变成一个自在的闲闲","看着月亮旁的云烟","","我要对你说的话","万万千千","从天向地","从地向天","你我本来就是神仙","","你总是那么美","你总是那么艳","五官","精妍","愈看愈是叫人怜","","我用我的天眼","呷","心中弹起那三弦","述说我的誓言","誓言","飞到你的面前",""
"021 生命的期待","https://reader.tbboyeh.org/fullscreen_player.php#/?ebook_id=438&chapter_id=c021","呷！","我们在小的时候，几乎是“无知”的时候，我们对于人间，不知道期待什么。","等到有一点点“知道”的时候，进了学校，我常常期待，考试能及格，课业能增上。","那时候，如同人说的：","一岁，出场亮相。","十岁，学业至上。","廿岁，春情荡漾。","卅岁，职场闯荡。","四十岁，稍微发胖。","五十岁，老当益壮。","六十歳，血压向上。","七十岁，有点遗忘。","八十岁，摇摇晃晃。","九十岁，迷失方向。","一百歳，挂在墙上。","","人的生命，在这一种“模式”之下，我们的期待又是什么呢？","财产？名位？色欲？","期待对我来说，是一种循环，是一种轮回，像海水一样，有潮汐，涨潮、落潮；又涨潮、又落潮。","像日，日出日落。","像月，月升月降。","像天气，春、夏、秋、冬，又春、夏、秋、冬。","我们可以感受到，旺盛的精神，同样的，觉受到，体力的衰退。","呷呷！","我老实对你说：","我剩下了两个期待－－","一、珍惜你我。","二、学佛到彼岸。","","文益的诗：","拥毳对花丛，由来回不同。","髪从今日白，花是去年红。","艳异随朝露，馨香逐晚风。","何须待零落，然后始知空。","这是一首“珍惜”的诗，我对于你，有一种神秘的珍惜，虽然空，却期待永恒。","昙晖的诗：","礼佛焚香早，钞经梳洗迟。","蒲团因坐惯，冷煖渐无知。","这首诗，我喜欢“无知”二字，我们一起修行，一起坐禅。","到了“无知”，到了“坐忘”，到了“空空”，我们就了了“生命的期待”。","","我写一首诗送给你：","从迷到清醒","诸佛自然来相迎","悟境自明明","","呷呷","纵然芳景如屏","愿永生","愿盈盈","呷","","一起到丛林","将人生期待一起变清灵","化为空境","这即是你我的实情"
"022 回到自己的“故乡”？","https://reader.tbboyeh.org/fullscreen_player.php#/?ebook_id=438&chapter_id=c022","呷！","我的祖父卢昌，是从福建“范阳”移居到澎湖“西屿”小池角，再从“澎湖”移居“嘉义”。","我是在“嘉义”后湖出生。后来父亲在“高雄”当公务人员。","因此，","我在“高雄”住十九年。","我在“台中”住十九年。","我在“西雅图”住三十二年。(到今年计算)","我一直有一个疑问：","我的故乡应该是在哪里？","","“范阳”、“澎湖”、“嘉义”、“高雄”、“台中”、“西雅图”……。","我的故乡在哪里？天哪！我居然混淆了，不清楚了。","有一年，我到澎湖去，见到了我伯父“卢乔”的儿子“卢朝煌”。","卢朝煌是我的堂兄。","他带我去看“小池角”的卢家祠堂，是像一座中型的庙，内供奉卢家的列祖列宗。","原来卢家祖先有当宰相的，当大学士的，当大臣的，进士、举人、秀才……。","我看了一下卢家族谱，礼拜了“范阳堂”的列祖列宗，我突然觉得，我是：","“澎湖人”。","我在澎湖，去了“望安”、“七美”、“小池角”、“马公……。","","呷呷！","当我在“澎湖”的时候，游历“小池角”的一条古街，有一位陌生人看见了我，说：","“你是卢胜彦，你父亲是卢耳顺，你祖父是卢昌，你是澎湖人。”","我吓了一大跳，他怎么知道的？我的的确确非常的惊讶！","他说：","“我读过很多你的书，我们小池角，很多人知道有一个卢胜彦。你妈妈卢玉女是小池角人，你舅舅及舅妈全是小池角人……。”","我一时说不出话来，只是很感动。","","呷呷！","你知道吗？当我禅定到最高的心点，在“静观”之中，见到了我的明净的内在，我非常深深的内观之时。","我看见了你！","你是我的旧人，出现在我的前几世之中，哈哈！你是我的旧人。","怪不得，我们的缘分是如此的深，在任何一个角度来看，是海与天空，缘分是又辽阔又深远，是不可以分的。","这说明了：","“故人再来！”","","写一首诗送给你：","你我在上上一代，更上一代","都是主流","你我曾经共悠游","我们的缘分久之又久","","怪不得只有你啊","能够在我内心深处久留","想到庆祝一番","在澎湖小池角","共饮一杯故乡的酒","","","","呷","","","","",""
"023 梦梦梦梦梦","https://reader.tbboyeh.org/fullscreen_player.php#/?ebook_id=438&chapter_id=c023","呷！","有一则笑话，如是说：","家里买了大豪宅，亭台楼阁，豪华如皇宫，又有游泳池，又有假山大花圃。车库内有八部跑车，从“蓝宝基尼”到“法拉利”等等。","英俊潇洒的老公开车兜风。","老婆看着温柔体贴的老公，觉得很幸福，不禁感叹：","“人生美满幸福如做梦一般！”","","眼一睁开！","吓！果然是做梦！","(哈！哈！哈！)","我以前记忆最深的王安石的〈梦诗〉：","知世如梦无所求。","无所求心普空寂。","还似梦中随梦境。","成就河沙梦功德。","(这人世间，果然如梦如幻。)","","赞宁的诗：","四野豁家庭，柴门夜不扃。","水边成半偈，月下了残经。","虽逐诸尘转，终归一梦醒。","未知斯旨者，万役尽劳形。","(若不看破，有一天梦醒，不但劳形，还劳心呢！)","","道楷的诗：","数里无人到，","山黄始知秋。","岩间一梦醒，","忘却旧时忧。","","(过去的事，全归一梦中，这岂不是梦？)","呷呷！","有一天，你对我说：","“我们好像在做梦！”","我说：","“是眞的在做梦！”","我对你说：","“我可不愿意梦醒。”","你说：","“我也一样。”","既然如此，我们就继续下去吧！我们不愿意梦醒。梦醒又如何？不梦醒又如何？我们的梦，如天地宽阔；我们的梦，神而明之；我们的梦，昂扬欢愉；我们的梦，是仰望；我们的梦，是心印；我们的梦，是平安美好。","这样的梦是永恒的幸福！","","写一首诗送给你：","这种情谊","不向晚","你我都不愿意醒","梦里多虹光","","树叶恒翠","呷","在秋里也不飘黄","是眞执","永远不会凄凉","","指向未来处"
"024 永远不会死去的","https://reader.tbboyeh.org/fullscreen_player.php#/?ebook_id=438&chapter_id=c024","呷！","我想告诉你的是，在我的过去世之中，我记忆某些人、某些事，还有记忆你的事，我自觉，你我从来未曾死过。","好像死过，但，还是没有死。","我有段记忆是这样子的－－","突然之间，自觉自己非常的疲惫，全身无力，虚脱了。","一片长长的黑暗飞了过来，那黑暗把自己给掩埋了，四周全是黑暗。","感觉上，四周有很多人，我算是一个大人物吧！因为四周的人很多。","他们都在注视着我。","我无法同他们对话，因为一片黑幕，还有连说话的力气都没有。","我知道，原来这就是死。","","但，一片光明照射过来。在某一个时空之中，又似乎神奇的活了。","啊！我并没有死啊！","呷呷！","认眞的说，我并没有死，我举几个例子来说明，我并没有死－－","我只是换一件衣服。","我只是换住另一个房子。","我只是搬了一个家。","我只是改朝换代。","我只是换了一具身躯。","我只是整型一次。","","有一点点改变，但，大部分是不变的，我有强悍的生命意志，一直的延续下去，就像红花一样，开了又谢，谢了又开；开了又谢，谢了又开。但，叶子永远不落，根、茎永远活着。","呷呷！","你我正是－－","互相交缠。","互相纠结。","互相绵密。","我们的这一世，连结着上一世，上上一世，更上上一世，当然也连结，下一世，下下一世，更下下一世……。没完没了。","大家以为死了的，其实从别地方，又活了过来。","","憨山的诗：","一泓死水静无波，绕岸芦花寂寞皤。","声及潭边惊鸟起，寒光翠影共婆娑。","又：","雪里梅花初放，暗香深夜飞来。","正对寒灯独坐，忽将鼻孔冲开。","(表面似死，却是活的。)","","写一首诗，送给你：","没有不散的席筵","但","情是深","意是浓","心与心却是绵绵","","不要以为飘渺如烟","忽悠悠化去","泪眼","长眠","呷","怎知道来世又重演","","","",""
"025 在风雨飘摇之中","https://reader.tbboyeh.org/fullscreen_player.php#/?ebook_id=438&chapter_id=c025","呷！","听说“台湾”又有台风来了，在这些年中，在关岛形成的台风，在菲律宾形成的台风，它们吸足了太平洋的水气，于是风大雨急的扫过。","风吹倒电线杆。","风拔树倒屋。","暴雨。","土石流。","落石。","淹大水。","……。","","在台风日，人们不耐烦待在家中，反而到百货公司去，或电影院满座。外面风雨飘摇。而过着台风假的人们，躲在温暖的一角，暂时把风雨抛在脑后，那是悠闲而自在的另一种舒适。","如果不这样。","你可以在落地窗前，看见大雨急骤，风呼呼的吹，群树张牙舞爪。","窗内，你喝着咖啡。","窗外，有抽象画之美。","台风夜，你亦可享受那份风雨中的宁静，你沉沉进入梦乡。","梦中无风无雨。","","呷呷！","我的事儿，流传甚广，在我的四周，不是风，就是雨。","人们最喜欢的是“风言风语”，它们像台风一样，一波又一波的侵袭，有些实在错得太离谱了，有些根本走了样，有些“子虚乌有”，有些“穿凿附会”。","台湾人常说：","“看一个影，生一个仔！”","更糟糕的是：","“一犬吠影，百犬吠声！”","我一点也不惊慌，我每天照样安静的写作，安静的修法。","台风夜！","我更沉静！","","法远的诗：","幻世出没有何穷，幻化本来体自空。","南山起云北山雨，楼头鼓动庆阳钟。","又：","来时无物去亦无，譬似浮云过太虚。","抛下一条皮袋骨，还如霜雪入洪炉。","","我体会到：","无所谓！","无所谓！","无所谓！","","我写一首诗送给你：","对于外面的风风雨雨","你我均懒慵","不看","不听","当成耳边风","","我们化为一道彩虹","只是一时的惊鸿","呷","这偶而相逢","风起云涌","风起云涌","又消失的从从容容",""
"026 我们不要失眠","https://reader.tbboyeh.org/fullscreen_player.php#/?ebook_id=438&chapter_id=c026","呷！","我听到有人说：","“睡好眠有三大口诀。第一，心放空；第二，身放松；第三，气要通。”","我听后，觉得很有道理。","心放空－－把脑袋的垃圾，包括妄想、烦恼、心事、琐碎的小事，全抛出去。","身放松－－摆一个你最习惯的姿态、最放松的姿态，让身体松懈，轻轻松松。","气要通－－呼吸通畅，无鼻塞、无痰、不咳嗽，吐纳均匀。","这是睡眠三要素。","","宗一禅师的诗：","美玉藏顽石，","莲华出淤泥；","须知烦恼事，","悟得即菩提。","","呷呷！","你若悟得，便知禅定的口诀是：","无事。","无心。","你说：","“会失眠！失眠很痛苦！”","我说：","“放空就好了！”","你说：","“因为有你，所以放不空！”","我说：","“暂时放空，一切醒来再说。”","","我觉得这就是修行，修行如同晓通禅师的一首偈：","冷似秋潭月，","无心合太虚，","山高流水急，","何处驻游鱼。","","呷呷！","前二段是无心，后二段是无事。明明有事怎会是无事？","那就要靠“止观”法了，当你止不住想念的时候，何不“金刚诵”？","“”－－白光吸入。","“”－－红光久住丹田。","“”－－蓝光呼出。","你若如此观修，就是“金刚诵”，行者的心渐渐的专注于一念，由一念止住了万万的念头，由这一念入于深眠之中。","你说：","“失眠是我害的！”","我说：","“我们不要失眠，用『金刚诵』吧！”","","写一首诗送给你：","彼此的想念","何啻价值千金","我们心连着心","呷","","请把我吸入你的身","二者合一","变化成知音","就这样深入睡眠"
"027 鲑鱼的回航","https://reader.tbboyeh.org/fullscreen_player.php#/?ebook_id=438&chapter_id=c027","呷！","你知道吗？在美国“华盛顿州”，在“伊斯挂”(lssaquah)的小鎭，有一个地方，是鲑鱼产卵的地方。","鲑鱼产卵之后的卵，变成了婴儿鲑鱼，牠们在这里成长、成长。","长了成形，接着牠们就出去流浪，牠们从溪河到达了“华盛顿湖”。","在那里适应一阵子，然后由淡水的“华盛顿湖”，进入咸水的海洋。","在海洋之中到世界游历……。","约五年后。","牠们要产卵了，就从海洋游回“华盛顿湖”，再由“华盛顿湖”沿着溪河游回“伊斯挂”产卵的地方，成长的地方。","","每年，鲑鱼出去流浪。","每年，鲑鱼回来产卵。","千千万万的鲑鱼，蔚为奇观。","有人说：","“鲑鱼有GPS。”","有人说：","“鲑鱼认得故乡水的滋味。”","有人说：","“鲑鱼不忘本，出生及死亡都在同一个地方。”","有人说：","“鲑鱼有情！”","有人说：","“这是爱的回航！”","我听了，非常的感动，这虽然是非常难以理解的事，但，这是事实，百分之百的事实。","","由鲑鱼，联想到你我。","那是很久很久以前，你我初见面。","你说：","“我的内心深处就已经有了你的味道。”","我回想起来：","“那倒是眞的，初见面的那一天，我就已经惊叹了！怎么这个人，那么的深刻、那么的熟悉。”","于是：","你心中有我。","我心中有你。","你去流浪，我也去流浪，最终的，又回到我们的海上。","","法照的诗：","万里归乡路，","随缘不算程，","寻山百衲弊，","过海一杯轻。","(天哪！你我终于回到自己的地方。)","","我写一首诗送给你：","我走过了多少城市省州","你坐过了多少车船机舟","在水际","在山头","住过了多少楼","","辗转多少年后","呷","多少时候","悲欢离愁","缘来了","缘去了","原来就在你我的回首"
"028 回到鄕下去种田","https://reader.tbboyeh.org/fullscreen_player.php#/?ebook_id=438&chapter_id=c028","呷！","我心里有一个计划，必须要对你说，将来我老了，我退休了，我要住到一个没有弟子的地方，住到偏远而不知名的乡下。","我已心中有谱。","在那里，毗邻着海岸。","有一大片的松林。","羊肠小道的尽头。","有一间木头小屋，烟囱上吐着袅袅的炊烟，那就是我老头的家。","我会种植一些蔬果，我举起铲子，把过去的一切，全部埋葬。","在过去，我是昂扬的帆船。","现在我把帆船，繋起，不再出航了，只要停止了出航，就不会有波浪。","","一切都结束了！","我想到：","最好的肉－－鸡肉。","最好的菜－－蕃薯。","最好的果－－木瓜。","我要养鸡，我要种蕃薯，要栽木瓜。","我要过一个完全没有干扰的晚年。","这个时候－－","没有什么叫顺境。","也没有什么叫逆境。","","呷呷！","在海岸，夕阳就是我们的邻居，会让我们时时目睹。","让你我坐下来，欣赏着时光中流逝的种种风景。","我养的鸡，就是你我的亲眷属，当然有公鸡，也有母鸡。","我喜欢公鸡的威武。","你喜欢母鸡的柔顺。","这是另一个安宁时代的来临。","","呷呷！","你喜欢吗？","你可以摇金刚铃，鼓晚钟，那是多么美丽的黄昏。","敬安(八指头陀)的诗：","迢遥钟梵下斜阳，寂寂岩花渡水香。","屋角一铃风自语，窗前万木雨催凉。","山衔云气窥人净，江挟涛声入海长。","却羡巢松千岁鹤，不知尘世有沧桑。","","呷呷！","你我把过去的事，全忘了吧！现在大地之间，只剩下你和我。","写一首诗送给你：","就像一埸戏","总有一天锣鼓歇","","这个时候","我将与诸弟子永别","挥一挥手","挥去了襟袖凄冽","也离开了法座金阙","呷","","呷呷！","如果在寒冬时节","可以依偎着看窗外的新雪",""
"029 欢偷的日子","https://reader.tbboyeh.org/fullscreen_player.php#/?ebook_id=438&chapter_id=c029","呷！","我有很多的日子是凄凉的，我有很多的日子是忧伤的，我有很多日子是幻想的，我有很多日子是落寞的，我有很多日子是孤单的……。","这一生，挫折很多很多。","这一生，打击很多很多。","这一生，毁谤很多很多。","我应该是，一个忧悒的人，一个悲哀的人，一个走在沙漠的孤独的行人。","那一年！","我们见面了！","那绝对不是第一次的见面，而是很多次的见面，只是，我们是有影像之间的距离，这奇异的距离，见面如同不见。","一直到那一天，我们座位非常接近，二个人的座位，你我同坐。","我们开始说话了！","你讲了 一句，令我不敢相信的话，这句话令我的心灵产生了颤抖，我惊呼，这简直太突然了，我想也不敢想。","","这句话直接进入我的心中，我看到我的内心，其实你就在里面。","情！","是的，是情！","这时，我才惊觉，我的内心，早已把你珍藏，没有人胜过你。","从那天开始，我就疯了！我这个疯子，左看右看，前看后看，就是想看到你，看到你，心情就十分的欢愉。","从此，欢愉的日子，就展开了序曲，我对内心说，我对你说：","“这是我这一生之中，最欢愉的时光！”","你说：","“我也是！”","我快乐。","你也快乐。","","就这样，我体贴你，你体贴我，我们互相体贴，贴切而自然，你我的感触不同了，欢愉的日子，一直都很绚烂。","于是我知道：","“你是我快乐的泉源！”","你也说：","“在一起，是一生中，最快乐的时光。”","怎么会这样？","天哪！","怎么会这样？","你我总以为这不是眞实，或许是逼近眞实，但，眞的是眞实。","我眞的爱上了这个眞实，你我不管后来会变得怎么样。","","写一首诗送给你：","呷呷！","你终于把我的心扉打开","而里面","一个栩栩如生的你走出来","不用剪裁","","快乐在你的香顋","你我的缘分啊","变成洗不掉的千万年青苔","","","","","呷","","","","",""
"030 将“快乐”供养","https://reader.tbboyeh.org/fullscreen_player.php#/?ebook_id=438&chapter_id=c030","呷！","我是一个将自己“身、口、意”供养给自己的“上师”、供养给自己的“本尊”、供养给自己“护法”的行者。","当然，我一样把“你我”，供养上师、本尊、护法。","祈求祂们垂加护。","让我们的快乐能够恒恒久久……。","我了解：","当一叶小舟，漂泊于湖上之时，小舟会留下水的痕迹。白色的，拖在舟尾。","这一道痕迹是小舟行走时，划下来的水痕，但，很快就会消杳，又平静了，无涟漪。","不用很久。","","我的人生也是一样－－","童年已幻化。","少年已幻化。","青年已幻化。","壮年已幻化。","在我的回忆之中，渐渐的、渐渐的，模糊了、模糊了 。","只是偶而“电光一闪”，有一丝的欢喜，有一丝的忧伤，或许一时勾起，在某一些时刻，牵动我们的心思而已。","","呷呷！","我不喜欢这样，虽然明知“电光石火”，但，我眞的不喜欢这样。","我明知不可执着，但，我却执着。","我什么都不执着，就是执着你呢！","于是：","我把我供养给“阿弥陀佛”。","我把你供养给“白衣大士”、“白空行母”。","在未来际－－","“白衣大士”永远的跟随着“阿弥陀佛”，天上人间，都是一样的。","大同的偈：","四大动作，","聚散常程，","汝等勿虑，","吾自在行。","(此偈道尽人生，唯有自在的人，常能永恒。)","","我祈愿，在未来际，在佛国刹土 ，我是无量寿的阿弥陀佛，你是无量寿的“白衣观音”，这样就可以“自在”行了 。","","写一首诗送给你：","佛说","不执着","我说","沧海一小舟","随风十方去流浪","东西南北游","","如今","要到彼岸去","在那里有一片绿洲","你是观音","我是弥陀","","呷","将漂泊的心来收","极乐国","恒久恒久","这是你我的地头",""
"031 坐在法王的宝座上","https://reader.tbboyeh.org/fullscreen_player.php#/?ebook_id=438&chapter_id=c031","呷！","我常常如此说，这一生我只会两样：","一是写作。","二是佛法。","我每天要花很多时间研究“经、律、论”，尤其是五部大论、弥勒菩萨五论、一切续部。","我读经，实修密法。","我的的确确的实修：","四加行。","上师相应。","本尊法。","修气。","修脉。","修明点。","金刚法。","无上密。","大圆满法。","明心见性。","","在我“明心见性”的时候，十方诸如来，统统现全身，我融入其中，我知道一切成了。我可以端坐在法王的宝座上，向大众宣讲佛法。","我能够坐在法王的宝座上，那可不是一蹴而成，而是经历了千辛万苦的磨练，通过了诸多的考验，死去活来的挫折，最后才能端坐紫金莲的。","藏密教主“甘丹赤巴”亲自给我披上了：","“法王袍”。","","呷呷！","当我坐在法王的宝座上时，传统的悲剧又来了，很多人看不见我是眞正的行者、实修者，反而觉得我这个法王得来太容易了，引起了他们的嫉妒及吃醋。","这些，我是不去理会的。","昔日佛陀成道，一样遭受到二女“战遮”、“孙陀利”，六师外道(六大教派)攻击。","所以我称之“传统的悲剧”。","其实这也是：","“誉之所至，谤亦随之”。","这些都不要紧，要紧的是，你要好好的追随我，要：","读经。","修法。","让你的成就与尊贵的“空行母”同等。","我们不只是道侣，我要看见你，壮阔雄伟的胸襟，全身光明的印记，领悟空性的智慧，深入禅定的寂灭之海，如此，才不违背你我的“相惜”。","我坐在法王的宝座上。","我也要你，坐在法王的宝座上。","","写一首诗送给你：","日月等闲容易过啊","盼望勿虚掷光阴","祝你","一步一步的实落","","管他人蜚长流短的言语","不理会","心也不漂泊","走过那平沙漠漠","","就是那光明与光明的相融","呷","成就于一","坐上你我双双的宝座","","",""
"032 不会有结局","https://reader.tbboyeh.org/fullscreen_player.php#/?ebook_id=438&chapter_id=c032","呷！","有一天晚上。","一群弟子送我，却读唱了一首歌：《无言的结局》。","我对弟子们说：","“不会有结局！”","弟子们愕住了 。","我解释：","“所谓不会有结局，是无始无终的意思，是绵绵不断的意思，是师徒之间的缘分永永远远，一直循环不息，不会分散的意思。”","这时。","弟子们才掌声不断！","是的，你我之间，不应该有结局，有结局就停留在那个阶段，不能再前进了 。","呷呷！","我对你说，我们不会有结局的意思是说，我们没有空间、时间的限制，你我的情谊，永永远远不停的流转不休。","","我们不是：","“王子与公主，从此之后，过着幸福快乐的日子。”不是这种结局。","我们也不是：","“爱你一万年！”","一万年也是结局。过了一万年就没有了。","也不是：","“爱你万万年！”","万万年毕竟有结束的时候。","我说“不会有结局”，就是你就是我，我就是你，没有什么结局不结局，是无始无终的，是不会结束的。","像云一样－－","","云不知从何而来，云不知从何而去，云无生，云无死，它是偶然来，它是偶然去，不过它的出现，它的消杳，等于是：","此处没。","他处现。","它是无始无终的。","云根本不会有结局！","","有谁能识浮云意，悠悠天地之间？","皎南的诗：","未到无为岸，","空怜不系舟，","东山白云意，","岁晚尚悠悠。","(这白云悠悠是眞正的义谛)","","写一首诗送给你：","就把我观想成天际","就把你观想成云","云与天","欢欢喜喜","","我惜你","你惜我","在这有情的天地","何必去寻见","","呷","悄悄的来","悄悄的去","在不分离之下没有结局","",""
"033 我修“无漏法”","https://reader.tbboyeh.org/fullscreen_player.php#/?ebook_id=438&chapter_id=c033","呷！","当我在修行“宝瓶气”之后，我先修“无漏法”，后修“拙火法”。","为什么？","因为我认为“无漏法”是“拙火法”的基础，先得到“无漏”，气才能足，腹(脐下四指)，生法宫发暖，如此才能升起拙火。","我认为：","漏精(明点)摩擦精管是小乐。","无漏(明点)在中脉中降提摩擦，才是大乐。","明点不流失，易升拙火。","在大乐中，能够入定，这就是“欲乐定”。","","“无漏法”观修口诀：","手印：七支坐。","咒语：长“吽”。","观修：先修宝瓶气数次，用右手结“金刚指”，中指指在头顶中脉的顶穴。","想脐轮有红色“”字，其“吽”字尾的勾“”勾住龟头(宝珠头)前的白莲花(明点)。","此时，收腹部，运气上升，念长“”字，将“吽”字顺中脉，往上提，提到顶穴之上。","观想最上为“”字(红色)。","次为白色莲花。","三为肉髻。","(肉髻是阳具，倒卷入中脉，至顶穴而成肉髻。)","这是观修法。","","技法方面：","一、日月朝天－－双眼朝上看。","二、舌抵上颚－－通气、提明点。","三、压喉结－－麦管吸水，一压不漏。","四、上行气呼出－－下行气上升，提住明点。","五、腹贴背－－收腹部，把明点提住。","六、提肛－－收紧肛门，提住明点。","(这是萨迦六势变，无漏技法。)","","呷呷！","我为何要重述“无漏观修”及“无漏技法”，因为这对行者修“拙火法”太重要了。","又对：","众生有大益。","呷呷！","你知道的，要得“大乐”、“光明”、“空性”，是一定要观修：","“无漏法”。","","应物的诗：","长川不见龙行雨，幽谷遥闻虎啸风。","偶与游人论法要，眞元浩浩理无穷。","(这眞元，有形的，应指明点。无形的，即是佛性。)","","我写一首诗送给你：","不要因为我写的秘密","就惊讶","这是众生的日常行谊","不会不雅","","呷","这可不能装聋作哑","我不是","太闲暇","","要认眞的观修"
"034 听着雨声入梦鄕","https://reader.tbboyeh.org/fullscreen_player.php#/?ebook_id=438&chapter_id=c034","呷！","这几天，雨总是不停的下着，听着雨声入梦乡，这眞是美好的夜晩。","我听过你唱歌，那清澈悠扬，那柔音绕梁，点点滴滴沁入心房。","歌声、雨声，我拥抱着呢喃，就这样，不知不觉的沉入了梦乡。","在梦中，我又回到“天河胜景处”故乡。","在那里“天女”不停的唱歌。在那里，天乐不停的响，天鼓不停的敲，“天女”的舞蹈，姿态美妙。","我们总是姿态优美的飞翔！","我们总是不停的歌唱！","我们总是不停的游戏！","所有诸天的快乐，胜过人间的种种：","橄榄球。","保龄球。","羽毛球。","跳绳。","弹琴。","歌舞。","","这些等等等等，全在奔驰流转，这些游戏一场又一场。","非常的尽情，非常的尽兴，愉悦更是非常。","我说过：","你我玩跷跷板。","你上我下。","我下你上。","“克、克、克、克”。","就是这样的游戏，过了人间一百年，过了人间一千年，凡尘俗世的人，眞的非常的难以想像。","没有灰尘。","没有疾风。","没有寒热。","这世界无法形容，那种快乐嬉戏，长、长、长，畅、畅、畅，无法，挡、挡、挡。","","我心里想：","甘露。(食)","天衣。(衣)","宫殿。(住)","游戏。(行)","这“天河胜景”就是所谓的天堂，那是你我天上的故乡。","象征的诗：","利名归俗世，山水委贫僧。","视篆都车马，分符擅爱憎。","清风犹吝色，明月岂钦称。","独羡芒鞋软，楼台任意登。","(这首诗抛世俗，而乐出世。却也不如天河胜景处的安适。)","","写一首诗送给你：","这残雨","惹得江天变成夜暮","你的歌","就如同点点滴滴的叶树","","人间就是短暂的客旅","呷","不如归去","走向回家的路","梦里已经历千百度","忆起天河胜景处",""
"035 我眞正的工作是写作","https://reader.tbboyeh.org/fullscreen_player.php#/?ebook_id=438&chapter_id=c035","呷！","有人问我：","“卢胜彦，你在人间眞正的工作是什么？”","我一时怔住了，后来想了一下。","我答：","“我只会学佛、写作、修法、说法，还有划一点点画。”","那人再问：","“如果去掉佛法，你的工作是什么？”","我答：","“那就是写作了！”","是的，是写作，这是每一天，我在书房，专注的埋首，日常的工作。","我到 Office Depot，买 Filler Paper，然后装订成一册，共一百张。","我每天写二张。","五十个工作天，就完成一本书。","然后就出版。","","我的工作是很孤单，只是一个人，一枝笔，一本写作簿，没有人能帮忙！","当我投入工作的时候，整个人及精神，完全在笔与纸之间。","如同我写这一本《对着月亮说话》，我的脑海中只有一个你。","你的一言一行。","你的鲜花般的笑靥。","你的优美姿态。","完全而没有保留的，投影在我的写作之中，完全融合成一片。","这写作，是我终生的工作，终其一生，没有离开过写作。","有人说：","“认眞工作的人，最庄严！”","我笑了。","","事实上，没有比人专注于自己工作的时候，更庄严了。","有人笑我，你仍然在爬方格子吗？现代的作家，用电脑写作，讲话输入电脑，按键写作，e时代来临了，卢胜彦师尊，仍然用笔及纸，太落伍了！","是的，我是落伍了！","我在荒芜的田园，仍然用锄头。","我在空白的纸上，仍然用笔。","","呷呷！","这就是我的“眞”。","写一首诗送给你：","眞正在工作的时候","一向","只有一灯相伴","","脑海中只剩下一个你","占据了我的全部","无法分散","","孤独的笔与孤独的纸","在时光中","一半一半","","其实也没有什么好怨叹","呷","这个工作就是不能断","","","",""
"036 你是我的？","https://reader.tbboyeh.org/fullscreen_player.php#/?ebook_id=438&chapter_id=c036","呷！","在某一些时候，你会轻轻的对我说：","“我是你的！”","我听了非常的欣喜。我一样会回应：","“我一样是你的！”","这都是心情非常愉悦的时候说的。我觉得很多情侣，在深深的情意之中，都会脱口而出：","我是你的！","你是我的！","眞的是如胶如漆、如鱼如水、如树如藤……。","有时候：","当我加持“眞佛密苑”门前的玫瑰花时，每一朵玫瑰我都亲她们一下。","“怒放吧！”","“你是我的！”","玫瑰很快，第二天，她眞的怒放了，坚持了几天之后。","便渐渐的失去色泽，一片一片的花叶，慢慢的有了倦容，于是便凋萎了。","我突然有无力的感觉，我无法使她们像从前一样，花枝招展。","娇艳的，迎向我，我发觉我已失去了她。","","“你是我的。”","早已不存在了 。","我是学佛的人，早早就知道：","有生必有死。","有旺必有衰。","有强必有弱。","有壮必有老。","我知道了，我的身体器官，也不是我能自主的，心、肝、脾、肺、肾、六腑。谁能不痛、不病、不发炎、不感染、不疲惫、不会死。还有心灵上的，一直在转换着，无时无刻在变幻之中，千变万化，有时聚，有时散，有时起，有时沉。","无可奈何啊！","","呷呷！","这世上的东西，没有一样是你的，连你自己也不是；这世上的东西，没有一样是我的，连我自己也不是我的。","由如此推理－－","你是我的。","我是你的。","这感情的语言，根本是不可能的不可能。","师范的诗：","雨散云收后，崔嵬数百峰。","王维虽妙手，难落笔头踪。","(我对这些，也无法下手了。)","","写一首诗送给你：","不忍把快乐时光抛弃","要珍惜珍惜","那串联起来的相聚","有聚必有散","有散亦有聚","","呷呷","记得一刹那是眞谛","明明知道","你的心很细","呷","我的心很细","但仍然要","且把白云用绳子来系","",""
"037 床上的日出","https://reader.tbboyeh.org/fullscreen_player.php#/?ebook_id=438&chapter_id=c037","呷！","我住美国西雅图“南山雅舍”的时候，我的房间落地窗是朝向东方，窗外是原野及树。","坦白说，在床上，我就可以看见，第一道的阳光。哇！太阳出来了，从原野跳跃出来，从树梢跳跃出来，而我的床上，就充满了金光。","每天，我被阳光吵醒。","阳光照到我的床，阳光也照到我的头，一种温柔的感觉，油然而生。","","楚石的诗：","眞性圆明，","本无生灭；","木马夜鸣，","西山日出。","","呷呷！","这位“楚石”是宋朝人，少年出家，七十三岁时，说法在蒋山。","这首偈，提及“木马夜鸣”，提及“西山日出”，全是矛盾句。","“木马”怎能鸣？","“西山”怎能日出？","我告诉你：","这是指开悟者，对金、木、水、火、土；地水火风空的一种透澈。","所以，木马也能鸣。","至于西山，开悟者，东南西北，四方已圆融。东若称为西，西山自然日出。","我这样解释，当然仍有些人看不懂。看不懂的人，可以找我，我再深入讲解，你自然就会懂，就会明白。","我在床上的日出，是一个很特别的经验，不过这是写实的。","","阳光就是你，你把我吵醒。","阳光就是你，光明的一天又开始了 。","阳光就是你，带来了希望。","阳光就是你，让我的生命之中，带来了繁华及缤纷。","床上日出，第一个想到的就是你啊！","我记得有人写情书：","你是我冬天的太阳！","夏天的冰淇淋！","秋天的长青树！","春天的百花！","呵！呵！太阳就是你，每日清晨的第一个想念。","","写一首诗送给你：","向第一道阳光说早","醒来时","就如此美妙啊美妙","昨夜梦醒","花落知多少","","夜悄悄","第一道阳光晃晃","把黑夜的一切","全部都扫","","昨夜之恼","今晨不再挠","呷","迎接光明的一天","有你的日子多么地好","","",""
"038 你的少少挂碍","https://reader.tbboyeh.org/fullscreen_player.php#/?ebook_id=438&chapter_id=c038","呷！","记得很早以前，有一位禅师，著作了 一本书，他的主旨是：","“悟无所得，顿断烦恼。”","这使我想起《心经》的一段话：","“以无所得故，菩提萨埵，依般若波罗蜜多故，心无挂碍。无挂碍故，无有恐怖，远离颠倒梦想，究竟涅槃。”","我也曾如此想，很早以前：","我出生是为什么？","生从何来？","死从何去？","我的生命有什么意义？","因为，学佛的人，到了某一个境界的时候，你就知道了：","无所住。","无所谓。","无所得。","来时双手空空。","去时双手空空。","后来，我终于开悟了，悟到了“第一义谛”。","","天哪！原来是这样！","我开悟后，我的表情似乎有改变，我更虔敬的修法，更专注的生活，而且无私的奉献是我的旨意。","我的脸上有早晨的阳光。","我的脸上有黄昏的彩霞。","我自自然然的生活着。","快乐的度过每一天、每一夜的生活。","","呷呷！","我曾偷偷的把开悟的内涵，告诉了你，想让你不执着、不挂碍。","我对你，我承认，是有执着，是有挂碍，这是我修行上的不够力。","但，想到开悟，我会把执着、挂碍清除掉。","而你呢？我看出执着，我也看出挂碍，看出你有少少烦恼。","“我的身边有女弟子！”","“对卢师尊有着仰慕的女弟子！”","“有姿色的女弟子！”","“有大弟子，有小弟子！”","但是，你要知道，卢师尊在度化众生，不分男、女、老、少，不舍一个众生。我对人人都好，守住了我的方寸。","只有对你不同。","是不同的。","是不同的。","是不同的。","百分之一百的珍惜。","我只有一个愿望了，去除你心中少少的挂碍吧！","","写一首诗送给你：","多病总是为了多情","明月","也不能永远的圆净","轻烟变成残景","","我心耿耿","你心杳杳","呷","小小的细节要省省","你可以不可以","不要看那些梧桐碎影","",""
"039 让我全身燃烧的火","https://reader.tbboyeh.org/fullscreen_player.php#/?ebook_id=438&chapter_id=c039","呷！","我个人常常觉得，生命是一个奇迹。","例如：","温度－－火大。","血液－－水大。","骨肉－－地大。","呼吸－－风大。","意识－－空大。","以温度来说，这温度是从何而来？我的上师说，是从脐下四指的“生法宫”而来。","是天生的，母亲的体性。","(以“金刚亥母”为表征。)","如果利用：","呼吸。","观想。","摩擦。","可以升起密教的“拙火”，拙火就是神火、灵热、灵蛇、内火。","它的观想法，可以观想“短阿字”，观想“迸火星”，观想“火焰”，观想“粗火焰”，观想“细火焰”。","","呼吸是“完全呼吸”，分“细慢长”及“粗急短”。","粗急短是律动呼吸。","摩擦由师长教授。(密授)","当拙火炽热燃烧时，渐渐烧至脐轮、心轮、喉轮、眉心轮，下至生殖轮。","于是全身燃烧神火。","此时产生大乐光明，由拙火而入空乐大定。","(这是拙火修行)","另外：","没有修行，有七情六欲的人，若升起火，是“杂火”或“欲火”，所以，世俗人会“欲火焚身”。","修行人和世俗人不同。","可以将“欲火”变化成“拙火”。","由大乐光明进入“禅定”。","","呷呷！","你知道吗？你是一位让我全身燃烧的人，你的呼吸是火，你本身就是火，我们意念是火，于是一起燃烧了 。","出生火。","出生光。","我的身子，因为“拙火”的缘故，不漏明点，身光润泽，不怕寒冷，不怕生病，身心轻安，明点增长，产生光明，产生神通。","全身燃烧的人，能自在游戏。","呷呷！","你就是让我全身燃烧的人，我在温暖中进入了禅定。","","写一首诗送给你：","火啊","燃烧尽我的千头万绪","归于一时","完完全全化为灰烬","","你就是火","火出生了双翼","尽量的飞翔飞翔","进入天际","呷","","呷呷","你我相伴回归去","",""
"040 你我共同的观念","https://reader.tbboyeh.org/fullscreen_player.php#/?ebook_id=438&chapter_id=c040","呷！","我开始学习佛法的时候，师父给我四个人生的概念，这四个概念是：","苦——恶业会造成下地狱之苦。或转化成畜生，彼此互相呑噬杀戮，或遭人屠杀之苦。饿鬼没有食物，有饥饿口渴之苦。阿修罗嫉妒好斗，有杀戮之苦。人有生老病死等八苦。天道有堕落轮回之苦。","空——世上万事万物，包括生命，均有时间性，天灾人祸难料，人一死，生前拥有，皆化为空。","无常——累世之业，一般人是无知的，灾劫一到，无常大鬼即至，善因善报，恶因恶报，业力的变化，均是无常。","无我——综合以上，苦、空、无常，人生如梦幻泡影，这个自我，岂不同于“无我”吗？生死无我、空无我、无常无我。","","呷呷！","你当然也知道这些，你我才走上修行之路，我们去寻求解脱吧！","清洪的诗：","得失是非皆放却，经行坐卧无相拘。","有时把柄红麈拂，有时持串乌木珠。","有时欢笑身舞蹈，有时默坐若葫芦。","懒举西来佛祖意，说甚东鲁有诗书。","","又：","竞利奔名何足夸？清闲独许野僧家。","心田不长无明草，觉苑长开智慧花。","黄土坡边多蕨笋，青苔地上少尘沙。","我年三十余来此，几度晴窗映落霞。","","呷呷！","读了清洪的诗，生起无限的感慨啊！得失是非，竞利奔名，终究是空。","权位最高的阿扁总统，后来入监牢。","王永庆过世之后，双手空空，不带走一毫。","玛丽莲梦露，魂飞魄散。","邓丽君，只剩歌声绕梁。","呷呷！","你我誓愿，我追随你，你追随我，相识相惜，共同修行，同心同德。","知道这些之后，更要珍惜相处的时光，互相勉励，共成佛道。","风雨同舟。","甘苦共尝。","","我写一首诗送给你：","你我的情谊很深很深","并不恣意狂荡","不是恶业结集","并不会心神沦丧","","走在佛法之路","彼此交流的心法上","净土里","充满了希望","","你我知这人生之路","知道走向","扫尽了贪瞋痴疑慢","念佛","持咒","观想","呷","在你我的口中欢欣的唱","","","",""
"041 旅行中的感触","https://reader.tbboyeh.org/fullscreen_player.php#/?ebook_id=438&chapter_id=c041","呷！","我还记得那一趟“澎湖之旅”，在那离岛群中的澎湖列屿，勾起了我的很多回忆……。","那是我小时候，我与家人一齐去澎湖，我们是从“高雄”乘船去“马公”。","去的原因是，我的舅舅“黄炳生”，娶澎湖西屿“小池角”的小姐，我们全家坐船去澎湖参加。","那时航行的船有三只：","公诚号。","公益号。","恒春号。","(在那时代，没有澎湖轮。后来，听说，公诚、公益、恒春均沉入大海。)","我们坐公诚号。","那天晚上上船，风浪很大，天摇地动，我们都吐了。到了马公，在海岸上陆，我的妹妹“卢帼英”的毛线帽，被风吹到大海之中。","我一个人，先去住在“小池角”，一天清晨，天空飘雨，我被几个亲戚小孩拖到海边去撒网捕鱼，我穿“簑衣”，戴斗笠，眞正成了澎湖人。","","呷呷！","我看着大海浪涛的舞动。","看着天雨织成的锦缎及海中的丝网。","看着鱼群在网中活奔乱跳。","沧海碧波。","我茫茫然了……。","后来，又有几次去澎湖：","我姨丈，调马公电力公司，我去看阿姨“黄雪花”。","我去看伯父“卢乔”，住“中国商行”。","我当测量官，测量膨湖“拱北山”。","呷呷！","你从来也不知道的，我的祖父“卢昌”是福建到澎湖，澎湖到嘉义。","我的母亲“卢玉女”原是澎湖小池角人，后来搬迁到嘉义。","母亲“卢玉女”是我祖父辗米厂、油行的会计小姐，于是父亲“卢耳顺”与“卢玉女”结为夫妻。","(这些全是缘分)","","呷呷！","告诉你这些，我只是想起“缘分”，我第一次见到你，是你老远跑到我这里，问你自己的姻缘何在。","我对你说：","“没有答案！”","你也没有继续问下去。","结果，当你完全离开我的视线时，我才发觉，我把你的身影留在我内心的深田。","时光流转。","很多年，很多年过去了。如果不是你一语惊醒梦中人，我会以为那只是一场：","“空梦”。","","写一首诗送给你：","说来说去都是缘","倩影藏在我心田","时光中流去","很多年很多年很多年","","只是一时又出现","那种澎湃的情一点也不减","天哪","这首诗词如何写如何填","","呷","","","","",""
"042 创造一些新作品","https://reader.tbboyeh.org/fullscreen_player.php#/?ebook_id=438&chapter_id=c042","呷！","过去有人问我：","“卢师尊，人生的意义是什么？”","我答：","“创造宇宙继起之生命。”","(这句话是先总统蒋公说的","过了十年，又有人问我：","“卢师尊，人生的意义是什么？”","我答：","“创造一些新作品。”","又过了十年，又有人问我：","“卢师尊，人生的意义是什么？”","我答：","“从轮回中解脱出来。”","又过了十年，又有人问我：","“卢师尊，人生的意义是什么？”","我答：","“珍惜美好的时光。”","","呷呷！","为什么四次的回答都不一样？我告诉你，第一个回答是“学习的阶段”；第二个回答是“写作阶段”；第三个回答是“修行的阶段”；第四个回答是“认识你的阶段”。","这就是“无常”。","其实只要用一下心，这四个回答是连贯的，是相通的，是相融的。","珍惜美好的时光，好好修行，从轮回中解脱出来，把修行经历，创造一些新作品，然后，传给下一代，继起的生命。","这就是我的“一贯”。","每一件事情，都能撼动我的心，你的一举一动，也一样震荡着我。","其实我有一颗安静的心，我现在正感受每一天，你从我的心中踩过。","","我知道：","月有阴晴圆缺。","人有悲欢离合。","花有花开花落。","云有忽隐忽现。","但，我多么的渴望，珍惜你我妙漫的时光，这也算我对生命永恒的追求，不管春天远逸了，凋零的冬天来了，我能感受到－－","欢喜。","温暖。","忧伤。","失落。","然而，我想要在你我之中，创造一个恒新的永恒的作品。","","写一首诗送给你：","我要时时都知道你的消息","让我关心你的一切","因为这样能","别来无绪","","这样非常有意义","我的作品不断","一直创造","这就是继续","呷","","我向诸尊祈祷啊","永恒的相聚","",")"
"043 带一点与众不同","https://reader.tbboyeh.org/fullscreen_player.php#/?ebook_id=438&chapter_id=c043","呷！","每一年，台湾的夏天来了，五月天来了，我就准备回到美国西雅图去。","为什么？因为我怕热。","西雅图不是没有夏天，只是这里的夏天很短，而且早晩仍然清凉。","我说：","“西雅图的夏天，等于是台湾的冬天。”","美国人民也如此说：","“西雅图是全美国最佳的避暑胜地呢！”","纽约－－夏天太热，冬天太冷。","凤凰城－－一年四季均热。","洛杉矶－－最像台湾。","迈阿密－－有西北雨。","西雅图－－清凉雨多。","在美国西北角的城市，西雅图的阳光，总是柔柔的，不是燠热。于是，我在西雅图一住，已经三十二年了。","西雅图带一点与众不同。","","呷呷！","有一位马来西亚的佳新师姐，她常常来西雅图，当我们念完佛，打了太极拳，佳新师姐就带大众做运动操。","她的服装一出场，我们的眼睛就一亮。","一、件件不同。","二、光鲜亮丽。","三、带一种与众不同。","四、完全不与一般服装雷同。","五、款式自己搭配。","六、无法形容。","","我曾问：","“你的服装为什么件件与众不同？”","她答：","“作为主持人，要成为焦点，令人赏心悦目，就一定要带一点与众不同！”","呷呷！","你的服饰、你的气质、你的美、你的举止，我一看，仿佛全是新的。","那种新的欢喜，觉得你眞的很好看。眞的，看见你，总是无比的欢欣。","我很容易在大众中，认出你。","因为你天生带一点与众不同！","或许你天天修法，带着与众不同的光气。","","写一首诗送给你：","你像烟朦胧","无法去想像地","变化来","变化去","幻为风的轻鸿","","你像月","夜夜带一点不同","缺缺","圆圆","一轩上帘栊","","呷","你像云","情脉脉","意忡忡","如此的从容",""
"044 一无隐藏的人","https://reader.tbboyeh.org/fullscreen_player.php#/?ebook_id=438&chapter_id=c044","呷！","我实实在在的告诉你：","“我确实开悟了！”","为什么要这么说呢？因为我是一位“一无隐藏的人”。","人问：","“你既然开悟了，为何不把开悟说出来呢？你不是一无隐藏的人吗？”","我答：","“其实我已经说出来了 ，在我分散的书中，只是人们没有细心而已！”","人问：","“你何不直说？”","我答：","“佛陀把祂的开悟，说出了。在大般若系统的经中，在《解深密经》中，在《楞伽经》中，但，佛陀没有直说，所以，我也不敢直说。”","人问：","“为何不直说？”","我答：","“因为直说，会有众生不信，造大诽谤。其实开悟也是惊世骇俗的，若直说，必是天下大争议，基于如此的考量，所以不可说。”","我又说：","“大部分开悟的人，都是佛法境界顚峰的人物，经历了无止尽的修行，终于到了最高的境地。但将开悟直说，对一些初修行人来说，有害，而且无益，因此，不直说。”","我是一个直来直往的人，一个一无隐藏的人，一个眞正的素人，在这一点上，也不能不保留啊！","","呷呷！","我对你是一无隐藏的人。","带一点疯狂。","带一点不顾一切。","带一点任性。","带一点天眞。","带一点童子之心。","带一点不断的努力。","带一点独特卓然的精神。","这是眞实。在这现实的世界，已经非常少见了，所以，我说：","“我是素人！”","","呷呷！","我心中的盼望，你也是一个素人。我们彼此之间，都没有“伪装”。","写一首诗送给你：","从来就不管外人的眼光鄙视","不管亲人的督促","不管环境如何如何","我行我素","","讥笑的了","嘲讽的了","攻讦的了","无数无数无数","","但那种飘逸","这边挡","那边挡","却永远永远永远的萦不住","","呷","","","","",""
"045 香与华","https://reader.tbboyeh.org/fullscreen_player.php#/?ebook_id=438&chapter_id=c045","呷！","今天我要跟你说，香与华的供养。(华就是花的意思)","我们学佛的人都知道，在佛经中，常常看见“香华供养”这四个字。","《地藏经》中提到：","“每日，少香少华，供养地藏菩萨，有很大的功德及福分。”","我们常见的五供是：花、香、灯、茶、果。","密教八供是：","花、涂香、抹香、灯、茶、果、沐浴水、如意螺。","十种供养是：","花、香、璎珞、抹香、涂香、烧香、幢幡、衣服、伎乐、合掌。","《无量寿经》曰：","“设我得佛，国中菩萨，承佛神力，供养诸佛。一食之顷，不能遍至无数无量那由他诸佛国者，不取正觉。”","《宝积经》：","“赍持微妙供具，奉献如来及诸大众。”","《法华经》：","“于当来世，以诸供具，供养奉事八千亿佛。”","《往生要集》：","“随力辧于华香供具。”","","有人问我：","“供神明以什么供品才好？”","我答：","“以神明的喜好为供品最好。例如供诸天，以诸天的喜好供之，则佳。”","有人问我：","“供佛菩萨呢？”","我答：","“以自己的喜好供之即可，因为佛菩萨无分别心之故。”","呷呷！","我曾“持花”供养你。","你说：","“玫瑰花就好，百合花的香味刺鼻，还是玫瑰吧！”","我为什么供养你以花？","因为你是白度母的化身。我与白度母，是非常亲密的，白空行母就是白度母啊！","卢师尊常供养：","“四守方母、八方空行母、二十天天女。”","","写一首诗送给你：","祈愿","佛菩萨增大光明遍照十方","佛法的弘扬永远不老","","祈愿","你我的快乐久久远远","无烦无恼","","祈愿","休惆怅好归去","生生世世永不了","","祈愿","呷","修行成就大菩萨","化为虹光缠绕","你晓我晓","",""
"046 大圆满法的重要灌顶","https://reader.tbboyeh.org/fullscreen_player.php#/?ebook_id=438&chapter_id=c046","呷！","有弟子问：","“大圆满法有重要灌顶吗？”","我答：","“有。”","弟子问：","“是什么？”","我答：","“五佛严顶灌及阿达尔玛佛灌。”","“为什么？”","我答：","“因为这个法门的祖师爷，是本初佛阿达尔玛佛传下的。又，第二祖师爷就是五佛。这二个灌顶具足，可以净除污秽，得修行大圆满法的资格。”","我先说“五佛严顶灌”：","先迎请五方佛。","中央毗卢遮那佛佛父佛母，住行者眉心轮。西方阿弥陀佛佛父佛母，住行者喉轮。东方阿閦佛佛父佛母，住行者心轮。南方宝生佛佛父佛母，住行者脐轮。北方不空成就佛佛父佛母，住行者密轮或四肢。","由佛父佛母双融的甘露，流遍全身，净除身体及脉的污秽。","(以象征五佛之法器，触行者各部位，或隔空触。)","","我再说“阿达尔玛佛灌”：","先迎请“阿达尔玛佛”。","将“阿达尔玛佛”的佛父佛母，住于眉心轮、喉轮、心轮、脐轮、密轮。","由佛父佛母双融的甘露，流遍全身，将行者身语意、气脉点，全部净除污秽。","以阿达尔玛佛双身，触行者各部位，或隔空触。)","重要的观想在：","一、甘露充满全身。","二、身化空明。","三、行者自身变化阿达尔玛佛的佛父佛母，入于定中。","灌顶后的觉受：","如水晶透明。","如虹彩五色布满全身。","如日光月光。","如地水火风空之五光出现。","(由此，见证及引出佛性。)","","呷呷！","我跟你讲这些，主要是，当我们甘露充满全身时，心心相应时。","身、口、意、气、脉、明点彼此交融，也一样产生四大觉受。","由此见证佛性。","","写一首诗送给你：","这人间","尽是一些无聊的话语扰扰","太多的尘嚣","","迷权位高高","迷金钱珠宝","迷美色娇娇","苦苦来相招","","唯有灌顶化清净","呷","修大圆满法","将爱恨抛","将执着抛","一切业障全消","("
"047 “四喜”密教修持精要","https://reader.tbboyeh.org/fullscreen_player.php#/?ebook_id=438&chapter_id=c047","呷！","有弟子问我：","“卢师尊，可以告诉我们修明点四喜的口诀吗？”","我说：","“可以。”","我告诉他：","中脉至顶轮，有千叶莲花，即菩提心月液（明点)所在处，以白色“杭”字为表征。","行者手印是“六灶印”。","行者以拙火猛烈燃烧“杭”字。()","降下了明点。","到“喉轮”是初喜。","到“心轮”是胜喜。","到“脐轮”是最胜喜。","到“密轮”是具生喜。","这明点产生了“大乐”及白色的“光明”，融化至全身。","由此入定。是安乐无比的大定。(空乐大定)","","更重要的观想是：","眉心轮是中央毗卢遮那佛，佛父佛母，融化明点充满整个头。","喉轮是西方阿弥陀佛，佛父佛母，融化充满喉部明点。","心轮是东方阿閦如来，佛父佛母，融化明点充满。","脐轮是南方宝生佛，佛父佛母，融化明点充满。","密轮是北方不空成就佛，佛父佛母，融化明点充满。","最后，全身明点，达毛细孔。此时的“大乐光明”，达到了巅峰。","这种修法，成就了：","大乐。摩擦脉，产生乐。","无贪。不再追求什么。","入“大乐光明”定。","看到明点空光。","全身物质化为光明。","金蝉脱壳了，连壳也没有了 。","","呷呷！","你说：","“我这一生値得了，了无遗憾，我一切都获得了！”","我说：","“这就是我一生当中，最快乐的时光，我也一样了无遗憾。”","你说：","“我已到极乐世界！”","我说：","“这正是生命的至乐！”","","写一首诗送给你：","拙火的产生是由于气","风暖炽盛","这就产生了力","","只要观想四喜","两魂消","相关语意呢喃","呷","大乐生起","消除了一切烦恼愁绪","","乐极","光无量"
"048 一颗天眞的心","https://reader.tbboyeh.org/fullscreen_player.php#/?ebook_id=438&chapter_id=c048","呷！","我在这一生之中，走遍了天涯海角，见多了人情世故，眞的很累很累。很烦人、很烦人。","正如世人说的：","人在江湖，","身不由己；","江湖险恶，","人心更险。","不管是什么时候，都是闹哄哄的，沸沸扬扬，一波未平，一波又起。","久了，麻木了，环境周遭不能影响我。","现在的我：","心安理得，个性更温和。","安静自在，与世无争。","日子如花，该怒放就怒放，该枯萎就枯萎，非常的自然安逸。","","呷呷！","我看你，你的眉、眼、鼻、口、耳，还有非常饱满圆润的脸。","你的眞挚。","你的应对。","你的希望。","你的一颗天眞的心。","看见了你，我就感染到一颗孩子的心。那一种特质，深深的吸引了我。","你说：","我是未成年的少年。","我说：","你是飘逸的女生。","","于是－－","我们就变成了二个孩子，仿佛这世界只有我们两个人的存在。","我几乎每一天都想看见你。","你也几乎每一天都想看见我。","二个人，傻乎乎的，二个小孩，天眞中含藏着无比的光辉。","你我很和谐。","你我很温暖。","不去想过去的过去。","也不去想未来的未来。","我爱你，像“妹妹”。","你爱我，像“大哥哥”。","我们要一起走向生生世世，无始无终，这变成了一个誓愿。","","写一首诗送给你：","我们不管秋光已入暮","淡月映烟","只管携纤手","彼此不辜负","","我们随处而住","如飞云","如仙乡","一个故事又一个故事","","呷","我们觉得像小孩","天眞的完全不知世故","不管月明","不管风细","魂梦都相处"
"049 呷呷给我的灵感","https://reader.tbboyeh.org/fullscreen_player.php#/?ebook_id=438&chapter_id=c049","呷！","你知道吗？","我能够写这本书，是你给我的巧思，是你给我的灵感。","你的眼神是有电的，你在某一种说不出的角度之下，张开眸子，你就“放电”了。","你的脚，细细长长，优美的姿态，是极有“情致”。","你的气质，整洁简单的服饰，组成了和谐而美丽的感觉。非常“舒畅”！","还有你走过的味道，那是风，很温暖的，散发出特别的“香息”。","唇。","身材。","纤手。","非常的美妙！","","呷呷！","我是一位行者，但，我可以觉受到这一些，每一个人，都有磁场、磁性。我遇见你，你遇见我，那种感觉，不一样就是不一样！","我可以感应到每一个人：","苍白的。","冷漠的。","不安的。","急躁的。","忧愁的。","热情的。","……。","","呷呷！","你知道吗？你给我的感觉是和谐的、温暖的、健康的。一种很特别的致命吸引力。","你记得顺怡的诗吗？","久从林下游，颇识林中趣。","纵渠绿阴繁，不碍清风度。","闲来石上眠，落叶不知数。","山鸟忽飞来，啼破幽寂处。","(顺怡的诗，很清新。我是一位行者，原本应该幽寂的。但，你的来，如落叶、如山鸟，也不会妨碍到我。)","","呷呷！","我要告诉你：","你心里清净，走到哪里都是清净。","我心里空明，走到哪里都是空明。","我的修行。","没有妨碍。","","写一首诗送给你：","说是无情","却是有情来相会","像酒","使人茫茫醉","","这种缘分","是怎么样的滋味","像落叶","一般人也须下泪","","呷","修行的生涯","并不因此而破碎","清风","明月","无寐又无寐"