"chaptername","chaptername href","chapterbody","chapterbody 2","chapterbody 3","chapterbody 4","chapterbody 5","chapterbody 6","chapterbody 7","chapterbody 8","chapterbody 9","chapterbody 10","chapterbody 11","chapterbody 12","chapterbody 13","chapterbody 14","chapterbody 15","chapterbody 16","chapterbody 17","chapterbody 18","chapterbody 19","chapterbody 20","chapterbody 21","chapterbody 22","chapterbody 23","chapterbody 24","chapterbody 25","chapterbody 26","chapterbody 27","chapterbody 28","chapterbody 29","chapterbody 30","chapterbody 31","chapterbody 32","chapterbody 33","chapterbody 34","chapterbody 35","chapterbody 36","chapterbody 37","chapterbody 38","chapterbody 39","chapterbody 40","chapterbody 41","chapterbody 42","chapterbody 43","chapterbody 44","chapterbody 45","chapterbody 46","chapterbody 47","chapterbody 48","chapterbody 49","chapterbody 50","chapterbody 51","firstcharacter","chapterbody 52","chapterbody 53","chapterbody 54","chapterbody 55","chapterbody 56","chapterbody 57","chapterbody 58","chapterbody 59","chapterbody 60","chapterbody 61","chapterbody 62","chapterbody 63"
"目录","https://reader.tbboyeh.org/fullscreen_player.php#/?ebook_id=440&chapter_id=c999","序 打开宝库之门(序)","001 秘密口诀是精华","002 最最最大的口诀","003 见地与修心","004 我们去看一场戏","005 心安就是平安","006 开悟之后的改变","007 佛性是自然显现的","008 般若的最终极","009 忘忘忘忘忘","010 空、明、乐的三部曲","011 瑜伽念诵法","012 密教相应瑜伽的特色","013 大瑜伽的秘密","014 召请与观想、咒印","015 虚幻中的虚幻","016 “无所谓”是口诀","017 修法的基本模式","018 大礼拜有何利益","019 由一变多的供养秘密","020 开启慧命之门","021 诵金刚萨埵咒","022 赤子之心","023 什么是最大福田","024 眞空的法尔本然","025 密教圆满次第的前导","026 从“气”入中脉到正觉“佛果”","027 修守护轮(之一)","028 修守护轮(之二)","029 睡觉与起床","030 舍弃自己的身体","031 坐一支香","032 明点微细的口诀","033 令“心”安住的方法","034 姿势的口诀(修身)","035 有关于“灌顶”的口诀","036 “吽”字的清净法(修语)","037 大悲咒的深见(修语)","038 明空的大智大慧(修意)","039 六道习气的断除","040 觉受光明的口诀","041 智慧光明","042 守护“开悟”达到“坚固”","043 三种虚空的口诀","044 亲证佛性口诀","045 卢胜彦的胜义口诀之一","046 卢胜彦的胜义口诀之二","047 卢胜彦的胜义口诀之三","048 卢胜彦的胜义口诀之四","049 卢胜彦的胜义口诀之五","050 莲诃上师的信","","","","","","","","","","","","",""
"序 打开宝库之门(序)","https://reader.tbboyeh.org/fullscreen_player.php#/?ebook_id=440&chapter_id=c000","这本书里，我要告诉大家的是：","我就是这本书里的男主角，我就是宝库。","","为什么是宝库？我告诉大家几个原因：","其一：","我是天赋。","当我的天眼打开了，我看见自己原来是“莲花童子”，又到了“摩诃双莲池”，那是莲花童子的净土。","我写偈：","法身原在天外天，","古塔舍利却在前；","只为人间大事业，","化身僧人且流连。","","莲花童子是谁？是莲花手菩萨、项光童子、宝意童子、宝上童子、白莲花王、大白莲花童子……。","是“华光自在佛”。","由于有这种天赋，所以我是宝库。","","其二：","我是相应者。","我具备了修行的缘分，修“资粮道”、修“加行道”、修“见道”、修“眞道”、修“究竟道”。","密教修“生起次第”圆满。","密教修“圆满次第”圆满。","相应了“加行法”、“上师法”、“本尊法”、“金刚法”、“无上密”、“大圆满”。","","我这一生，只有“修行”、“写作”、“弘法”。","我相应了“瑶池金母”、“阿弥陀佛”、“地藏菩萨”……。","由于我是相应者，所以我是宝库。","","其三：","我是明心者。","明心就是开悟，我明白“一切有为法，如梦幻泡影，如露亦如电，应作如是观”。我明白“过去心不可得”、“现在心不可得”、“未来心不可得”，根本无所得。","我明白“空性”。","我明白“灭寂”。","我明白“天上天下，唯我独尊”。","我明心之后，知道原来是一元，不是二元对立；是绝对，而非相对。","明心之后，万念皆寂，一切皆泯。这才是普空寂，这才是恒在、不审。","这种大智慧，少人知之，所以我是宝库。","","其四：","我是见性者。","“明心”是理上的，而“见性”是事上的。","理是理论，事是实修。","佛门广大，教派繁多，各宗各派，皆有各自的修持法门。以密教来说，“大圆满”、“大手印”、“大威德”、“大圆胜慧”这四大法，我均潜修四十年。","我见证佛性。","这种“见证佛性”，世间少有，所以我是宝库。","","最后，我要告诉大家的是：","在我的“慧眼”之中，人间、生命、宇宙、因果、轮回、涅槃、一切一切，全是一个“大梦幻”。","","我找到的，是佛法的终极，到了终极，连佛法也不是。我有无穷尽的神通及微妙的觉受，所以我的智慧，使我一生无憾！","您若读了这本书。","在","您也会一生无憾。","赞叹啊！","赞！","莲生活佛卢胜彦联络处：","Sheng-yen Lu","17102 NE 40th Ct.,","Redmond, WA 98052","U. S. A.","编者注：本有声书系由星空录制","","",""
"001 秘密口诀是精华","https://reader.tbboyeh.org/fullscreen_player.php#/?ebook_id=440&chapter_id=c001","讲一个笑话吧！笑话是这样的：","“如果你说『有』呢？”","熄灯后，朱太太喋喋不休的讲了一些家庭的琐事，朱先生连吭都不吭一声。过了好一阵子，朱太太盯着丈夫说：","“都是我说，不公平，换你来说几句，我来听。”","我答：","朱先生点点头，说：","“好！我说。时间不早了，睡觉吧！”","哈哈哈！","“有也在空中。”","我说：","朱先生的一句话，是“精华”，是“口诀”，睡觉时间到了，就睡觉吧！","这本书不是长篇大论的理论，我也不用那深奥的佛学术语，不是训话说教，我只是想把自己的修行心得，用最简易的语言，说了出来而已。","去其枝枝叶叶。","直达眞实心意。","话不多。","但精要。","空有具泯！","例如：","有弟子问：","“卢师尊这一生来人间，做什么？”","我答：","“度众！”","","弟子问：","“如果有人不信？”","我答：","“大声疾呼！”","","弟子问：","“如果有人信？”","我答：","“大声疾呼！”","","弟子问：","“怎么都是大声疾呼？”","我答：","“都是大声疾呼！”","","弟子问：","“还有呢？”","我答：","“没有了！”","哈哈哈！我来这人间，就是“大声疾呼”，其他没有了，这就是口诀。","","弟子问：","“卢师尊为什么要大声疾呼？你是疯子吗？”","我答：","“我是明心见性的悟者，而众生在迷中，悟者要唤醒迷者。”","","弟子问：","“你是疯子吗？”","先","我答：","“是的。在众生的眼中，我是疯子法王，疯行者。”","","“你是悟者，谁能证明你？”","我答：","“没有人能证明我是悟者，除了虚空，我证悟了虚空，虚空也证明了我，这就是我的自灯明，法灯明。”","","我告诉大家，我的口诀是：","它简单。","弟子问：","“虚空”。","它澄明。"
"002 最最最大的口诀","https://reader.tbboyeh.org/fullscreen_player.php#/?ebook_id=440&chapter_id=c002","先讲个笑话吧！","有一个人到了面店，去吃一碗牛肉面，他发现面里没有牛肉。","他问老板：","“老板！老板！牛肉面里没有牛肉哟！”","老板理直气壮的回答：","“你吃太阳饼，太阳饼里有太阳吗？”","客人：","“……。”","哈哈哈！","这则笑话，是有很深奥的含意，这里面出现了“最最最大的口诀”。","","我过去常说：","太阳饼里没有太阳。","月饼里没有月亮。","老婆饼里没有老婆。","(最近，台湾发生了“食油”事件，橄榄油里没有橄榄、芝麻油里没有芝麻、花生油里没有花生、辣椒油里没有辣椒…..。)","","这个口诀是：","“没有、没有、没有”，也就是“无、无、无”，亦是“空、空、空”。","","由此，我常常引伸到月球上，月球上有什么？月球上没有人，月球上没有汽车、房子。什么都没有，月球上没有权位，没有金钱，没有美色。","","我问：","什么是善？什么是恶？什么是对？什么是错？什么是佛？什么是魔？什么是喜？什么是怒？什么是正？什么是邪？…..在月球上。","","我告诉大家：","“一切是一片澄明且宁静的大海。”","这就是“泯心泯境”。","","这个口诀就是：","地球上的人及万事万物，大家都以为眞实，实实在在的存在，太眞实了。","但，可以如此的想：","“人会死。”","“事会过去。”","“物会坏。”","","地球上一切有形，避免不了“成住坏空”，有慧眼的人看见了瞬息万变，明白了“虚幻不实”。如果行者，能如此的思维，早晩就能够开悟，这就是最最最大的口诀了。","","忆持这种思维，第一重要。","忆持这个口诀，就可以远离顚倒妄想，远离贪瞋痴，远离烦恼。","也就是：","空寂外境。","灭了内心。","内外倶寂。","妄心何起？","","想一想“水中月”，想一想“镜中花”，想一想你自己在娑婆人间，你究竟能够得到什么？如此就能够大澈大悟了！","","《红楼梦》的词，我把它缩短：","陋室空堂，当年笏满床。","衰草枯杨，曽为歌舞场。","我","脂正浓，粉正香，两鬓又成霜。","金满箱，银满箱，转眼乞丐人皆谤。","正叹他人命不长，","乱烘烘，","你方唱罢我登场。","甚荒唐。","","","","哪知自己归来丧。","",""
"003 见地与修心","https://reader.tbboyeh.org/fullscreen_player.php#/?ebook_id=440&chapter_id=c003","先讲一个笑话！","","有一位痩弱的徐太太再度当选了妇女会的会长，她上台致辞时很幽默的说：","“我连当了几届的会长，每个人看到我都喊『会长、会长』，可是我仍然这么的矮，不『会长』了。”","","哈哈哈！","我实实在在的告诉大家，你若是一个“明心”的人，一定会知道：","不增不减。","不垢不净。","不来不去。","不取不舍。","“佛性”本来如此，不会长的！","我们修行人先要有这个见地，这个“见地”就是口诀。","","我再讲第二个笑话！","妻子说：","“有个男人，因为娶了两个老婆，被判处有期徒刑一年。”","丈夫说：","“这么好？我只娶了一个太太，却被判无期徒刑，终身监禁。”","","哈哈哈！","我告诉大家，这是一个“专一”的笑话。","我们行者最重要是“专一”。","先要认知“佛性”。","再来就要“忆持”，又称“保任”，这就是“专一”，“专一”是非常重要的。","","认知佛性的见地，专一的忆持，这个就是修心的功夫和口诀了。","认知是“理”。","忆持是“事”。","光是明白“佛性”是没有用的，那只是理上的开悟。你必须时时“忆持”永远不忘，而且“保任”它，这才是“事法”的功夫。","","我举一例：","灯只是外相。","要加上通电，灯才会光亮。","这通电是要专一的。(一直不能停电)","这是有了“见地”，但，你一定要去“修心”。有了“见地”只算是“教授”，对“修心”毫无益处，“修心”是实践。","","有一位禅师说：","开悟如骑牛。","修心是控制牛，不要去践踏菜园。","所以“发菩提心”，不要去伤害人，就是很重要的口诀了。","不要去伤害人！","还要去帮助人！","这是菩萨的口诀。","","我实实在在的告诉大家：","学佛最初——","是为了认知“佛性”。","学佛最后——","是为了“保任”这“佛性”。","这就是见地与修心了。","我","","“保任”与“忆持”就是一等一的口诀了。","你是否想要自由？","你是否想要自在？","","那你必须去找一位明明白白的师父，他教你最最最重要的口诀。","那这位最明白的师父又是谁昵？","他就在你的眼前。","","你是否想要快乐？","",""
"004 我们去看一场戏","https://reader.tbboyeh.org/fullscreen_player.php#/?ebook_id=440&chapter_id=c004","一天，我们去看一场戏，这一场戏是《哈比人》。","里面的演员是：","哈比人。","半兽人。","精灵人。","恶龙。","","戏的开始是山下国王，去夺回先祖的权位及祖先的金银珠宝。","这个戏，无始也无终。在这场戏中，如果不连结《魔戒三部曲》，根本无始也无终的。","","戏中打斗很精彩。","我们的心融入那惊险的打斗之中。","后来，电影结束了。吁！我们呼了一口气，我是我，电影是电影。","","结论是：","“我们只是看一场戏！”","","我在这里告诉大家，“人生就是一场戏”，这就是“口诀”。","行者以旁观者的心态来看一场戏，这场戏不管如何，你始终是一名“旁观者”。","那你反观自己，你自己的一生，从生到死，还不是一场戏吗？","你要醒悟，你也是一场戏，如果以旁观者的身分来看自己。","你就会有悟境。","","你哈哈哈大笑，原来如此，原来如此，看一场戏，演一场戏。","戏结束了，应该就“开悟”了吧！身心不是解脱了吗？","我们最好是“旁观者”，保持这样，你就是一个清清楚楚的明白人。","就算你是主角，你也明白，这只是一场戏，你身心就自由自在的解脱了。","","有一个笑话是：","陆先生与陆太太去逛街，逛街回来，陆太太高兴的说：","“刚才在路上，好多男人看我哩！”","陆先生冷冷的说：","“让他们看吧！否则一回到家，根本就没有人看你了！”","","哈哈哈！","大家从这个笑话，能意会到什么吗？","你活着，就是演戏、看戏。","你死了，戏没了，戏没了。","","人总是难免一死的，在归于黄土的一刹那，名利、地位、权势、美女，都将易主。有生必有死，这是宇宙间顚扑不变的眞理。","你是演戏者。","你也是一名旁观者。","","老弟！","轻轻松松的过日子吧！何必那么紧紧张张的做什么？","这世间上，有什么是重要的事？","不过是一场戏而已！","","我这篇文章的口诀是“一场戏”，也只有这样，你才能以“无事”的心情，“无心”的态度，进入“专一”的三摩地(禅定)。","","你如果还是：","那","无明。","烦恼。","散乱。","斗争。","唉！我还有什么话，可说呢？","","","","","固执。","",""
"005 心安就是平安","https://reader.tbboyeh.org/fullscreen_player.php#/?ebook_id=440&chapter_id=c005","期，我经常走过市政路(台中)，看见正在兴建的一栋大楼，上面挂了大布幔，写着“心安，平安”。","","这让我想起，在机场的贵宾室，圣严法师写的六个字：","“心安就是平安”。","","我看了，哈哈哈大笑！","其实圣严法师写的“心安就是平安”，这六个字没有什么错，是对的。","但是——","他忘了，只要是人，心都是不安的，人人都有烦恼，如何能心安呢？","","我举二个笑话：","其一：","老王恭喜小李：","“恭喜你们，有情人终成眷属了，恋爱终于有了结晶。”","小李苦笑的说：","“唉！结婚三个月，太太有了身孕。看来眞的是，有情人终成『倦属』了。”","","其二：","有一个病人对医师说：","“我很烦恼，我显然得了失忆症，我该怎么办才好？”","医师说：","“回家去吧！你只要忘了这件事，就好了！”","","哈哈哈！","我会心的笑了，这是二则笑话，但也是一种事实。这证明，烦恼处处都在。","","要人“心安”不易！","我这里有一个口诀，这是我已说过的，我常常说的：","一、每一个人都会死。","二、凡事都会过去。","三、任何物，都会坏。","我常常想这三句话，只要想这三句话，心就能心安了。","所以这三句，是心安的口诀。","","我一生遭逢很多人、很多事、很多物，一波未平，另一波又起，永远无止无休…..。","我只想这三句口诀。","心就安啦！","","所以：","心安，平安。","心安就是平安。","这是圣严法师喊的口号。","而我只用口诀，人都会死、一切事会过去、任何物都会坏。","心自然安。","","光叫人喊口号是不行的，你要教导众生，如何才能心安啊！","或许你还不知道这三句话的来源，这三句话是释迦牟尼佛悟出来的眞理：","无常。","无我。","涅槃。","寂静。","近","","有人说：","“卢师尊说的是虚无主义！”","“不！”","","我是用“身心自在(心安)，了无牵挂的态度，去做好一切的人事物。我很努力的去弘法、修法，这是菩提慈悲。但，成果不放心上，这是一种佛陀教的终极智慧。”","我懂这个。","所以，我没有烦恼，一切无所谓了！","","我说：","",""
"006 开悟之后的改变","https://reader.tbboyeh.org/fullscreen_player.php#/?ebook_id=440&chapter_id=c006","先讲三则笑话：","","有一位太太，她照一照镜子，很生气的说：","“我几乎好像愈来愈老，愈来愈难看了。”","丈夫在旁，冷冷的说：","“我不喜欢妳这种不置可否，不敢肯定的语气和态度。”","(这是岁月的改变)","","又：","甲对乙说：","“我太太常说，结婚可以改变一个男人，使他成长，学到很多事。”","乙说：","“说的也是，结婚后，我学会了洗衣、买菜、烧饭、家事。”","(这是婚后的改变)","","又：","太太问先生：","“结婚前，你和我见面，总是会说，你的心总是小鹿乱撞，现在还有这种感觉吗？”","先生答：","“已不会了！”","“为什么？”太太问。","先生答：","“小鹿早已撞死了!”","","哈哈哈！","我举这三则笑话，是谈“改变”二字。然而，开悟之后，是不是能够眞有力量，改掉行者的习性与烦恼呢？","","我们常说：","“山可移，本性难改。”","“人的习性根深蒂固，人的固执，要改变，非常不容易。”","我常常说，水可以灭火，但火势很大，水很少，杯水车薪，如何灭？","又，火可以煮沸水，但只有星星之火，要煮沸一浴缸的水，要煮到几时？","","这累世的业障、累世的习性、累世的因缘果报、累世的七情六欲，岂是你刚刚一开悟，就可以脱离“金钱、权势、名誉、地位、情爱、享受”的纠缠？所以才有“悟后起修”。","","然而修得成，修不成，还要看你自己的定力与智慧够不够。(很多悟者仍然有贪、瞋、痴、疑、慢。)","","你明白：","每个人都会死。","每件事都会过去。","每种物都会坏。","但，诱惑来时，你是不是能“立断”呢？你明知一切无所得，但，你是不是能够“超越”呢？","","这就是：","“悟后起修！”","","你要修到：","能够到达彼岸。","能够解脱烦恼习性牵缠。","能够了世俗，出世成菩提。","这的的确确是不容易的，所以我用的口诀就是“精进”二个字。","我","“精进”是一生的事业，六度万行离不开“精进”二个字。","","我有很多“开悟明心”的弟子，但是，仍然很多位的种种表现，仍然在“世俗”当中，要脱离六道轮回非常困难，我奉劝圣弟子，要“精进”，要能够“立断”及“顿超”，如此才能佛性自显。","也要“渐修”。","","","","","","要“顿悟”。","",""
"007 佛性是自然显现的","https://reader.tbboyeh.org/fullscreen_player.php#/?ebook_id=440&chapter_id=c007","人问我：","“你是如何见证佛性的？”","我答：","“自然。”","","人问：","“为什么是自然？不是要很精进的去发觉它吗？”","我答：","“不！只要把妄念去除，佛性就在那里了。”","","我强调：","佛性恒在。","无垢光明。","不假修持。","(佛性不是修出来的，而是，只要精进的达到无念，佛性自显。)","","说得明白一点是：","云散水流去，寂然天地空。","人牛具不见，正是月明时。","","最重要的口诀是：","“不用求见证佛性，只将妄念息了即是也。”","","我讲二个笑话：","妻子问：","“你对一夫一妻制，看法如何？”","丈夫答：","“赞成一半。”","","妻子问：","“怎么说？”","丈夫说：","“我赞成一夫，反对一妻。”","(哈哈哈！我也赞成一半，只要妄去，不用求眞。因为妄去了，真就自然显现。)","","又：","甲问乙：","“你不是有一辆新的跑车吗？为何每次和太太出游，仍然开着那辆破旧的老爷车？”","乙答：","“唉！唯有那辆老爷车的响声，才能压制太太的唠叨声。”","哈哈哈！","只要唠叨声没有。","清净的佛性就自然显现了！","","我说：","《心经》里面有一句：","“远离颠倒梦想，也就是究竟涅槃。”","要离开颠倒梦想，千万不要执着：","一、虚妄不实的人间，以为是眞实的存在，而且会永恒的存在。","二、把世俗的快乐认为是追求的目标，紧紧捉住财、色、名、食、睡，且认为这就是人生快乐的根本。","三、一天到晚在比较分别，分别正邪、好坏、对错、美丑、是非、分合…..，生活在二元次第对立之中，妄念无法止息。","有","四、以“自我”为中心，认为眞正有一个“我”，以为肉体的我，就是眞实的我，一切只为这个我，产生种种的颠倒妄想。","","修行口诀是：","二、无有苦乐。","三、眞如绝对。","四、我是无我。","","我是一个清清楚楚，明明白白的人，诸圣弟子把口诀牢牢的记在心中，去精进努力的实践，自度也度他。","","一、人间是幻。","解脱及菩提，尽在其中。",""
"008 般若的最终极","https://reader.tbboyeh.org/fullscreen_player.php#/?ebook_id=440&chapter_id=c008","先说一则笑话：","甲说：","“我和太太几乎天天吵闹打架，上一星期一次激烈的拌嘴之后，我们足足有一星期没有吵嘴，这星期过得眞是惬意。”","乙问：","“你们已经和好如初了？”","甲说：","“和好？怎么可能！她离家出走，到今天还没有回来哩！”","","哈哈哈！","我为何讲这一则笑话呢？我是这样子比喻的，我把太太比如是“烦恼”，一个人老是跟“烦恼”在一起，互相纠缠不休，无有尽期。","","一直到有一天，“烦恼”走了，这一个人才能过眞正惬意的日子。","如果“烦恼”永远不归，那才叫“清净”。","好了，故事说完了，现在说正点的。","","释迦牟尼佛在菩提树下到底开悟了什么？我如此认为：","祂开悟了“如来”。","“如来”的本义是“好像有来”。","这“如来”二字的意义重大。","好像有来。","好像没来。","似有似无。","像又不像。","","我常常比喻“水中月”：","虚空中有一个又圆又大的月亮，投影在平静的湖水中，湖中也出现了一个月亮。","(千江有水千江月)","月亮在水中是有吗？","眼见是有。","月亮在水中是无吗？","捞之则无。","","我说：","般若的最终极就是如此。","","释迦牟尼佛说：","说法四十九年，未曾说过一个字。","若有人说，佛有说法，即是谤佛。","见相非相，即见如来。","凡所有相，皆是虚妄。","无所得。","无所说。","所谓佛法者，即非佛法。","应无所住而生其心。","无我相，无人相，无众生相，无寿者相。","一切诸相即是非相，一切众生即非众生。","菩萨通达无我法者，如来说名眞是菩萨。","一切有为法，如梦幻泡影，如露亦如电，应作如是观。","","我告诉圣弟子及大家：","这就是般若的最终极。","我","","我说：","般若成佛道，","善恶均是业，","六道由业生。","","我如此说，已经够清楚了，再清楚不过了。我最喜欢“如来”这二个字，好像有来，好像没有来，如果能意会，开悟没有问题，“如来”二字，就是我卢师尊的口诀。","用“如来”口诀，去看《金刚般若波罗蜜经》，一切皆知，一切皆明。","","反之成魔精；","",""
"009 忘忘忘忘忘","https://reader.tbboyeh.org/fullscreen_player.php#/?ebook_id=440&chapter_id=c009","迦牟尼佛的一生，其重点是在“菩提迦耶”的菩提树下，面向东方，结跏趺坐，发誓不证菩提，绝不起坐。","","后来，于黎明时分，佛陀证知，自己已经断一切烦恼垢染，明心见性，不必六道轮回，终于成就无上正等正觉的佛果。","","佛陀的初转法轮是：《念住经》为代表。","苦当知。","集当断。","灭当证。","道当修。","","佛陀的二转法轮：《般若经》为代表。","开悟明心。","般若智慧。","六度万行。","","佛陀的三转法轮：《解深密经》为代表。","唯识。","中观。","瑜伽。","金刚乘。","","小乘“上座部”认为佛陀在过去无数世中，是菩萨行，积集二资粮，祂下凡尘娑婆，在菩提迦耶，得道时，才是眞正成佛。","","而大乘佛教，是如此认为，过去的佛陀早已成佛，祂下生人间，纯属“游戏”，示现的原因是教导众生，凡夫也可以达成圆满觉悟。","","我个人如此认为：","“游戏”是修行的大口诀，一个行者如果以“游戏”的心看芸芸众生，再反观自己，对一切人、事、物，不会执着。","","而不执着就是：","“忘忘忘忘忘……。”","这就是“心”、“境”皆在，只是不着“心”，不着“境”。","自然。","一切都忘了，心无牵挂。","","曾经有一个形容是：","一个小童子，走入了画画的展览室，小童子绕了一大圈，看了很多世界名画，看完了，也忘完了。","","这叫“童子观画”。","虽然看完了全部的名画，却没有一幅画留在心中。","这是“游戏”，也是“忘”。","如果一位修行人，也能以“游戏”的心情，来看自己及周遭的环境，凡事“忘却”，不留心中，就不会影响自己的心，也不会有情绪波涛，妄念也就不会产生了。","","佛“游戏”示现娑婆，如同“狮子游戏佛”，游戏完了，就忘了。","“游戏”是口诀。","“忘”也是口诀。","","有一个笑话是：","情人节与清明节有什不同？","","答案是：","情人节与清明节是“送花”，是一样的。","释","情人节是花眞钱买花，送给情人，讲了一堆鬼话，给情人听。","清明节是烧假钱，送给鬼，讲了一堆人话，给鬼听。","","看来全是“游戏”，不要放在“心”上，“忘了”就是了。","“不忘”是凡夫！","“忘”是圣贤啊！","","","","哈哈哈！","",""
"010 空、明、乐的三部曲","https://reader.tbboyeh.org/fullscreen_player.php#/?ebook_id=440&chapter_id=c010","常常提到三界天的分别是：","空——无色界天。","明——色界天。","乐——欲界天。","这个“空”是指空(四空天)，“明”是指光明庄严，“乐”是指受用快乐无比。","要到这空、明、乐，须要一步一步的修行。","","有人问我：","“空、明、乐与佛的法、报、应三身，是不是有关联性?”","我答：","“有同有不同！”","","我如此解释佛的三身如下：","法身——这是诸法形象的本体，称呼甚多，眞如、空性、眞实、实相、眞心等等，是非常难以解释的。","","所以：","恒在、不审、不生、不灭、不垢、不净、不来、不去、不一、不异、无差别、无分别、平等、实性，又是身空、心空、法空、性空。","","我们常说“法身佛”是毘卢遮那佛(大日如来)。","(这个空性比四空天，更高超。)","","报身——是佛的圆满功德所感的圆满色身，具有三十二种庄严，八十种随形好，是一种光明无尽，无自性的幻化，卢舍那佛即是报身佛。","","所有的佛国净土显化出来的佛，都是报身佛，释迦牟尼佛的报身是常居色究竟天。”","(佛的报身，比色界天的光明，更无尽。)","","应身——是慈悲六道众生，应世显出来度众生而化现的。","出现在世间是为了“无缘大慈、同体大悲”变化出来，度化众生的明师即是也。","促使众生因应身佛(化佛)的指引，利益有情众生而出现。","世界存在，轮回不空，所以(化佛)就不停的出现。","应身佛教导众生的修行。","应身佛的形象不一，也无所不在。","在人间的“释迦牟尼佛”也就是应身佛。","","我认为：","空性——法身。","光明——报身。","光明觉性——应身。(化身)","","简单的说：","“空、明、明空”。","空性证法身佛。","光明庄严证报身佛。","光明觉性证应身佛(化佛)。","讲了这么多，到底口诀是什么？","","口诀在一个字：","“修”。","","有一个笑话：","甲说：","我","“我太太最近迷上吹口琴，我好喜欢！”","乙问：","“为什么？”","甲答：","“她天天练习吹口琴，就不会对我唠叨了！”","哈哈哈！","","我教大家修行，是有益处：","","","修行之后，有了证悟，便不会生贪心，不生妄念，不生烦恼，不生迷惑，清净无染了。这“修”之一字，是众生获得解脱的基点。","要离开六道轮回，只有一个字："
"011 瑜伽念诵法","https://reader.tbboyeh.org/fullscreen_player.php#/?ebook_id=440&chapter_id=c011","讲一个笑话：","有一个人，刚出生的时候，就请相命师来算命。","相命大师是威名显赫的。","","他说：","“面相太好了，有帝王之运，长大之后，出入皆有车，住豪华的酒店，到处受人拥戴，看遍名胜古迹，吃喝不尽，无论走到何处，都有一帮人紧紧的跟随…..。”","“哇！好伟大！”","后来这个人长大了，他的职业是：","“导游”。","哈哈哈！相应了！","","我说：","密教的生起次第，有“相应”法，什么是相应？相应就是“瑜伽”。","相应是：","合一。","共振。","相通。","圆满。","我们密教行者修相应法，要修“四加行相应”、“上师相应”、“本尊相应”等等。","","我说：","李商隐有一首诗，诗中有一句：","身无彩凤双飞翼，","心有灵犀一点通。","相应是非常美妙的，是非常神秘的，是心灵与心灵的彼此契合，是二等于一。","夜夜同眠。","朝朝共起。","一种互相依持的现象。","","如同，你的呼吸、你的心跳、你的念头与你的本尊是共通的，那是来自心灵的深处。本尊的意旨，一点一滴，你都能清楚明白，而且一一准的，不会出现了差错。","完全相融合了！","你心中有本尊。","本尊心中有你。","","我常常说：","每当我上了飞机，我才一坐下，我便念诵本尊的咒语，想念本尊，一直到本尊住我顶，进入我的心中，与我合一。","此时，一切安啦！","不管发生什么事，我就飞到本尊的净土，因为，我与本尊完全相应之故。","","我告诉大家：","密教行者要时时刻刻忆念着自己的本尊，或忆念着根本上师，或忆念着根本护法，最少要一日六时忆念。","要修相应念诵法。","观想本尊。","念本尊咒。","结本尊印。","","我有一个与本尊相应的最重要的口诀，这个口诀是：","凡供养本尊的食物供品。","你要吃少许。","完全吃完是第一好。","勿与他人食用。","我","","还有一个重要口诀，你发的誓愿，要与本尊的誓愿完完全全的一致，不能有分别，每回的修法，誓愿一致。","“食同”。(身的转化)","这是本尊相应法，最重要的口诀了！","","","","","","“誓同”。(意的转化)","",""
"012 密教相应瑜伽的特色","https://reader.tbboyeh.org/fullscreen_player.php#/?ebook_id=440&chapter_id=c012","们学佛的人都知道，依循渐修的方式，须历“三大阿僧祇劫”的时间。","先修：","布施、持戒、忍辱、精进、禅定、智慧。","","通达：","人空。","法空。","无我。","空性。","把烦恼断除及习气断除。","经历了“资粮道”、“加行道”、“见道”、“修道”、“究竟道”。","这是“大乘”、“菩萨乘”的修持方法。","","然而：","密教也是“大乘”的分支，自然也是要经历这种次第。但，密教有特别殊胜方便修法，也就是“相应瑜伽”，这在显教是没有的，密教有相应瑜伽就是特色。","","我们称这种修法是“天瑜伽法”，也即是“本尊瑜伽”。","这种特殊就是行者自身，选定一位本尊，由观想、结印、持咒的方式。","把自己与本尊绑在一起。","","本尊是佛或菩萨，出现天相身，而后行者依方便出现的天相身，紧密的绑在一起，甚至合一，行者出现了“佛慢”。","","我的意思是说，行者与本尊，无二无别，互相融合为一的修持方法，是其他宗派所没有的，这个就是特色。","我与瑶池金母相应，我就是瑶池金母。","我与阿弥陀佛相应，我就是阿弥陀佛。","我与地藏菩萨相应，我就是地藏菩萨。","这就是以“果”为“道”。","","我们也如此认为，这种密教相应瑜伽的修持念诵方式，可以把修行的时间缩短，本来要经过“三大阿僧祇劫”的时光，一世就可以成办。","这就是“善巧”。","这也是“速疾”。","","我们“大乘佛法”的共同点是：","“为利有情共成佛”。","“一切诸法自性空”。","但密教有特殊的“方便”与“智慧”共同结合的“天色本尊瑜伽法”是最大的特色。","","其他大乘是：","行者与智慧互为道伴助伴。","密教是：","和合一体。","只有这种观想本尊与行者的方便念诵，才能圆满福德资粮，而引发了报身及应身相合一的不共法门。","我认为这就是“微妙的口诀”。","","密教的本身就是：","“口诀”。","我个人从基督教，成为道教，修佛门显教，修佛门密教。","","因为我欣赏：","“本尊合一的念诵法”。","","我","有一则笑话很短：","怎样才叫单身汉住处？","也就是：","冰箱里却长出了霉花。","","我告诉大家：","我的四周及我，全是佛菩萨诸尊了！","","","室内盆栽全部都枯死。","",""
"013 大瑜伽的秘密","https://reader.tbboyeh.org/fullscreen_player.php#/?ebook_id=440&chapter_id=c013","个人已修至“本尊瑜伽”相应的时候，自然而然明白“佛慢”的本义。","原来“佛慢”就是大瑜伽。","","当自成本尊时——","就可以进入大瑜伽了。","食——净治成甘露。","衣——净治成微妙天衣。","住——净治成本尊宫殿。","行——净治成本尊的一切事业。","育——净治成本尊的佛慢。","乐——净治成本尊的受用。","人——净治成本尊天众眷属。","音——净治成咒语。","等等…..。","其实这些，统称“佛慢”，这些是行者模拟成本尊的观想。","","这些模拟，很可能被外界解读成：","自欺。","狂妄。","无意义。","但是，我个人如此认为，在这当中，已经在修行了，这大瑜伽就是修行，修行的本义就是转化清净，不是吗？","","世俗凡夫，走入修行的路，他原有五蕴、概念、欲望，全部要转化净治。","再说，世间的一切都是“无自性”的，我们行者运用“观想”、“手印”、“咒语”，全部把世俗的一切，转化清净成本尊的一切。","","更高明的是：","五烦恼(五蕴)——五智佛。","欲望——佛母。","财色名食睡——菩萨。","忿怒——金刚。","","我在这里要说明的是，诸法由意念为先导，“净治转化”就是口诀。","修行在其中也。","就算是“双身法”，也是“净治转化”。","世俗的男女合体是“淫欲”。","","一般人都在做，很平常的事，如果“净治转化”了，也变成修行。","在“双身法”方面，批评谩骂实在太多了，很难解释清楚。","但是，在大瑜伽当中，也不过是把世俗男女或居士们的淫行。","转化净治而已！","(怕就怕，那些色欲中人，假“双身法”之名，行骗邪淫而已。)","说到这里，大家应该明白，我最主要的口诀，就是“净治转化”了。","","我讲二个笑话：","老王到太太房间，对太太陪笑说：","“孩子们吵着要去动物园看老虎。”","王太太大怒：","“下这么大的雨，怎么出门？”","","老王说：","“就是嘛！所以请妳勉为其难到客厅，让孩子们，看一看妳！”","我","哈哈哈！这也是转化！","","又：","“送葬的时候，要在灵车前面走才好呢？还是在灵车后面走才好呢？”","老王回答：","“只要你不睡在棺材里，你想怎么走，就怎么走！”","哈哈哈！","转化是自由自在的！","","有一天，有人问老王：","",""
"014 召请与观想、咒印","https://reader.tbboyeh.org/fullscreen_player.php#/?ebook_id=440&chapter_id=c014","先讲笑话：","甲说：","“我太太执意睡前一定要学静坐，让我受到很大的困扰！”","乙说：","“她静坐还说话？”","","甲说：","“不！她坐不到三分钟，就打呼如雷响了！”","又：","妻子说：","“刚才街角处那个乞丐，脸色好难看，是不是病了？”","丈夫说：","“不是，是因为妳只扔一块钱的铜板给他！”","(哈哈哈！)","","这两个笑话，主要是为了“引伸”到主题。","在本尊的召请观想、念咒、手印上，都是有口诀的，初习者，一定要重视之。","","从三段法生说起——","先观“空”，出现“月轮”，月轮出现“咒字”(种子字)，再放光，本尊出现。","","召请本尊的重要口诀如下，我举例说明：","如果召请观世音菩萨，要观想天衣重裙飘飘然的飞舞。更细微的是，胸前璎珞及手钏均微微的动。这是口诀。","","如果召请文殊师利菩萨，要观想手上的剑，摆动着舞刺。","如果召请金刚手或其他金刚，要观想闪电霹雳，雷声“吽吽”。；","这是口诀。","","在念咒音方面：","息灾——用柔声。(慈悲)","增益——用切声。(力促)","降伏——用厉声。(怒吼)","敬爱——用喜声。(欢喜)","","在结印方面：","息灾——轻握。","增益——结实。","降伏——舞动。","敬爱——互抚。","手印要触动本尊的心，另有秘密口诀，在本文中，不一一说出，因为本尊百尊千尊，写也写不完。","","在颜色方面：","白色——息灾。","黄色——增益。","蓝色——降伏。","红色——敬爱。","这些口诀，在事部、行部的“有相瑜伽”中，运用非常广而且活泼生动。","到了瑜伽部及无上部就运用少了些，主要是“无相瑜伽”之故。","例如在入三摩地之前，如果念咒，是用“无声”的，只是在“心命之火”中，出现了咒字放光，不出声音的，就这样入了定中。","","我觉得密教很活泼的，例如本尊进入行者的心中的“入我我入”，就用了四个比喻，四部续亦如此比喻。","我","互视——行者与本尊互相对视。","微笑——行者与本尊互相欢喜。","拥抱——行者与本尊互相亲密。","密教“双身佛”的出现，根本是一种表征，是方便与智慧相结合，是相应的现象，是合一的现象，代表着一种圆满。","不用大惊小叫。","那是世间与出世间互相结合。","","","","合一——二根交接。","",""
"015 虚幻中的虚幻","https://reader.tbboyeh.org/fullscreen_player.php#/?ebook_id=440&chapter_id=c015","先说二则笑话：","甲女：","“妳的男朋友条件非常好，又高又帅，又是心臓科的权威医师。妳怎会跟他分手？”","乙女：","“那有什么用，他从来不听我的心声！”","哈哈哈！","","又：","一个妇女听她的朋友细述害病的过程，朋友讲得非常细，又非常认眞。","但，这位妇女听了听，竟然迷迷糊糊的打起了瞌睡。","猛然醒了过来。","","对朋友说：","“那么妳死了没有？”","哈哈哈！","(这两则笑话，非常的虚幻。)","很多人对密教的“幻身”非常的好奇，“幻身”是什么东东？","","很多人问我：","“幻身是什么？”","“幻身是很虚幻的。”我说。","如果按照一般人的说法，幻身就是“灵魂”，讲“灵魂”大家都很清楚了。","","灵魂就是“中阴”。","但“灵魂”也分等级：","鬼灵。(小力)","神灵。(大力)","精灵。(变化)","佛灵。(圆满)","等等等等。","","密教的修行，是在行者未死亡之前，把“幻身”修了出来。","幻身有时候不只一个，修出来的幻身可以有很多个，这就是“身外化身”。","","我个人以为修“幻身”最好的方法是：","“铸镜法”。","铸镜法我曾经细述过，不在这里重复述说，其口诀是：","行者自身。","本尊。","镜中的你。","(三者合一)","","在虚幻中的虚幻，“幻身”就出生了。这个“幻身”是行者自身的最细身，是心力所化，是意生身，也可以说是“精神身”。","","我告诉大家一个秘密，要修持达至佛果，是二个东西的结合：","一、“幻身”。","二、“净光”。","佛果是平等的、是甚深的、是恒在的、是唯一的、是正妙的、是清净的、是光明的、是受用圆满的。","这也就是无上的佛性。","","我请大家要注意，“那洛巴”六法中，有修“幻身法”，也有修“净光法”，这些是参考资料，而我认为修“幻身”最好的方法是：","我","“铸镜法”。","","我个人的“幻身”，可以“身外化身”，佛经里的千百亿化身，等于是千百亿幻身。记得我被瑶池金母开天眼之后，那时候，我的幻身就出现了。我的幻身去看自己的前世，游遍二十八天及六道世界，这正是幻身的游历。","","","","","","","行者要见自己的幻身，当铸镜法修成，在禅定中可以自见。","",""
"016 “无所谓”是口诀","https://reader.tbboyeh.org/fullscreen_player.php#/?ebook_id=440&chapter_id=c016","讲笑话吧！","有一位新婚太太，想要给出差的先生，来一个罗曼蒂克的简讯，于是，发简讯给先生：","如果你在睡觉，送个美梦给我。","如果你在笑，送给我你的笑容。","如果你在吃饭，送给我一小口。","如果你在喝酒，送给我一点酒香。","如果你在哭，送给我你的眼泪。","我爱你的一切！","","先生很快的回了简讯：","我现在正好坐在马桶上，妳要我送给妳什么？","送给妳…..。","(哈哈哈！)","","我个人觉得，这位先生不懂得幽默，如果是我，我会如此回简讯：","一、送妳黄金。","二、送妳蛋卷。","三、送妳冰淇淋。","四、送妳舒解后的快感。","(哈哈哈！)","","我实实在在的告诉大家，修行最大的口诀是“无所谓”。","“无所谓”接近于“道”。","你必须保持着“无所谓”的心，享受着一种“空”与“明”的心情。","“无所谓”不是呆瓜。","“无所谓”不是白痴。","“无所谓”不是木头人。","“无所谓”不是植物人。","“无所谓”不是毫无知觉。","无所谓是每时每刻都保持着清明的觉知，同时又安住在“空寂”的状态之下。","","简而言之：","有敏捷的反应。","又能轻松自在。","而且不计后果如何。","","例如：","我每天固定修行的功课，脚踏实地的“观修”。","至于将来成佛否？成菩萨否？成阿罗汉否？成金刚否？成护法否？成空行否？成诸天否？","","我统统：","“不理会，也不去想。”","他人损你，不理会。","他人骂你，不理会。","他人陷害，不理会。","他人赞扬，不理会。","他人歌颂，不理会。","他人颁奖，不理会。","","我只是继续我自己的“观修”。","顺境，不理会。","先","逆境，不理会。","没有什么内外，没有什么东南西北，没有什么是眞妄，没有什么是轮回涅槃，没有什么前后，没有什么是非，没有什么的什么。","这是：","妙用现前。","","我没有弟子，不理会。我有一百位弟子，不理会。我有万名弟子，不理会。我有亿万弟子，不理会。弟子来了，不理会。弟子去了，不理会。","嘿嘿嘿","哈哈哈！","这就是大圆满口诀当中的“明空”，因为是“明空”，所以“无所谓”。","随缘任运。","我全然不理会。",""
"017 修法的基本模式","https://reader.tbboyeh.org/fullscreen_player.php#/?ebook_id=440&chapter_id=c017","教修法仪轨，有基本模式，大约是：","一、恭敬礼拜。","二、呈献供养。","三、持诵〈四皈依咒〉。","四、忏悔罪障。","五、发四无量心(慈、悲、喜、舍)。","六、祈请诸佛转法轮。","七、请佛住世不入涅槃。","八、观空。","九、观想本尊。","十、持咒。","十一、入三摩地。","十二、诵赞。","十三、回向。","十四、诵〈百字明〉(补阙)。","","这样子的修法仪轨，一至七项被称为“前行”；八至十一项被称为“正行”；十二至十四项，被称为“后行”，这是完整的修法仪轨了。","一般的喇嘛上师，把这一套仪轨用在于平日的修法上。","另外，也可以用在祈福祈愿法会上，也可以用在超度亡魂上。(加上诵经)","至于开光，绕礼寺塔，也一样可以用得上。也有很多藏于山林洞窟的瑜伽士，他们也可以每日修如此的仪轨。","","至于加上修气、修脉、修明点，或专修拙火，也一样可以用于祈请：","上师加持。","本尊摄受。","护法拥戴。","当然，仪轨是人定的，自然也可以增加某些自己想诵念的。如果是在旅行的舟船飞机汽车之上，当然也可以只修“正行”。这一切情形，依时间地点而定。","","四部密续必须学习正规的仪轨作法，像立坛城(曼陀罗)。","制作“供品”的技术。","事部仪轨。","行部仪轨。","瑜伽部仪轨。","无上部仪轨。","另外，各种本尊，都有不同的教规，虽有大同小异之分，但也要注意其特别之处，显示其互异的部分。","","密集金刚、胜乐金刚、喜金刚、大威德金刚、大幻化网金刚、时轮金刚……等等等等，其修持法并非完全一致，有同有不同。其中有很多的幽微及深奥之处，不可不知。","","不管修法仪轨如何，行者必须要有信念，有大前提，这离不开宗喀巴大师的“三主要道”：","一、出离心。","二、菩提心。","三、中观正见。","","我今天写了这么多，其实每一小项都有口诀，口诀非常多，这些全是走过来的经验，如果没有一位够格的上师教导，我认为，密教修行其实非常不容易。","","我讲一个笑话：","滴酒不沾是俗子。","浅尝即止是君子。","有酒必喝是呆子。","每喝必醉是疯子。","喝酒开车是阎罗王的儿子。","哈哈哈！","密","一个“酒”字，学问何其大哉！","","","","","","","","","","",""
"018 大礼拜有何利益","https://reader.tbboyeh.org/fullscreen_player.php#/?ebook_id=440&chapter_id=c018","弟子问我：","“西藏人从自己的故乡去拉萨朝礼大昭寺、小昭寺，三步一拜，到底有何益？”","","我答：","藏人的三步一拜，这一拜是全身投地的大礼拜，与中土的跪拜有不同。","前者是全身投地(全拜)。","后者下跪顶礼(半拜)。","藏密的大礼拜是属于前者。","大部分的藏人，做大礼拜，有的是去朝礼寺庙，有的是去朝礼圣山，有的是朝礼圣湖，绕寺、绕塔、绕山、绕湖。","","其利益有：","坚定自己修行的决心及毅力。","获得修行的资粮。","理解人身的可贵。","锻炼体魄。","断恶行善。","训练一心。","降伏行者自己的傲慢。","结佛缘。","等等等等。","","弟子问：","“哇！这么多的利益，想也没有想过！那卢师尊，你认为哪一项最重要？”","","我想了一想，答：","训练一心及降伏自己的傲慢最重要。","因为，做大礼拜时，全神贯注在头、手、脚、全身。动作一致的时候，就不容易产生了妄念，没有妄念，就是一心。","另外，行者全身投地，就是置身于卑下，自己顶天俯地，那是表现最大的恭敬，傲慢的心就消失了。","","我们行者的修心，主要是断除贪念、瞋念、痴念、疑念、慢念。","这个傲慢的心不除，就有了骄傲，我们晓得骄傲会成了“阿修罗”道，会有斗争的心，斗争使我们不知不觉变成魔。","","弟子问：","“大礼拜有什么口诀吗？”","我答：","我个人的经历如下：","我做大礼拜时，口中诵：","“南摩三十六万亿，一十一万九千五百同名同号阿弥陀佛。”","","心中念：","“眼前阿弥陀佛千百亿化身，出现在对面虚空。”","如此一个大礼拜。","等于念了无数的佛号。","等于拜了无数的佛。","如此：","资粮无尽。","功德无尽。","","我讲一则笑话：","妻子说：","“我们结婚多年，你不曾对我说过好话，缺点却全讲出来了，但，你也该讲一讲我的一些优点啊！”","有","丈夫说：","“除了缺点，那剩下的就是优点！”","","“那就说吧！我有什么优点？”","丈夫说：","“哎！那有什么好说的！”","","我的意思是说：","","妻子说：","一个行者，多做大礼拜，少说无聊的废话。",""
"019 由一变多的供养秘密","https://reader.tbboyeh.org/fullscreen_player.php#/?ebook_id=440&chapter_id=c019","教修行，有很多种的成就，但总归纳起来，有三大成就：","一、持明成就。","二、护摩成就。","三、三摩地成就。","第一个成就是持咒到出现大净光。","第二个成就是火供养到福德圆满。","第三个成就是三摩地中明心见性的大成就。","","又有人说：","“密教的修行，统归供养，因为供养法，是第一重要的。”","","密教有大曼达供养法，这个“供曼达”我认为是把整个宇宙浓缩成一个曼达，而在曼达上，放上殊胜的供品。","曼达盘有多层：","上面立着法轮——象征宇宙最高的光明成就。","中央摆满供品——金、银、珠宝、药材、米。","底盘——石头、沙子。","西藏密宗的大曼达供养，有修法仪轨，仪轨繁复。(宜请教金刚上师)","另有三十七供。","坛城立八供。","五堆供。","米供。","水供。","火供。","等等等等。","","有弟子问我：","“供养的目的为何？”","我答：","“是积聚福德、智慧之资粮。”","","弟子问：","“重点是什么？”","我答：","“重点是心力，只要尽心尽力，就是最好的供养了。所以供养的功德，并非来自于七珍八宝，而是取决于自心。有广大的发心，就有广大的功德。”","","我告诉弟子，我的经验是：","我修供养法是“身、口、意供养诸佛、菩萨、金刚、护法、空行、诸天、六道……。”","身的清净供养。","口的咒语供养。","意的观想供养。","食的供养，凡一切食物，要吃前先供养，用心力，化为供养云。","衣的供养，凡着衣，将衣物用心力，化为供养云。","住的供养，将房子、物品、寝具，一一化为供养云。","行的供养，将车子及一切交通工具，一一化为供养云。","凡一切乐事，将快乐的意悦，一一化为供养云。","首饰珍品，将一切七珍八宝，一一化为供养云。","……。","","我实实在在的告诉弟子，你将你的一切，一切行为，一切修行，一切日常生活，全部化为供养云，由一变多。","(这就是口诀)","","密","我说：","将来我若转世为人，我仍然是世界第一：","我将一块金子，化为金山。","我将一块土，化为地球。","我将一美女，化为十方三世的仙女。","我将一心，千变万化。(广大的发心)","我成就了佛。","","","我将一口食，化为无尽的佳肴。","",""
"020 开启慧命之门","https://reader.tbboyeh.org/fullscreen_player.php#/?ebook_id=440&chapter_id=c020","不觉得吗？现代人的生命有它的规则性，从生到死，每个人都差不多。","出生。","婴儿时期。","求学时期。","事业时期。","婚姻时期。","生男生女时期。","老人时期。","死亡。","","也就是我常写的：","一岁——出场亮相。","十岁——学业至上。","二十岁——青春荡漾。","三十岁——职场闯荡。","四十岁——稍微发胖。","五十岁——老当益壮。","六十岁——血压向上。","七十岁——偶而遗忘。","八十岁——摇摇晃晃。","九十岁——迷失方向。","一百岁——挂在墙上。","大家都差不多，你说有何意义？","","我认为：","“只有修行，才能解脱人生的一切烦恼，佛法才是开启慧命之门。要能不受轮回，直至涅槃，成为一个悟者，唯修行耳！”","","修行的开始，得先皈依金刚上师、皈依佛、皈依法、皈依僧。","下士皈依——惧怕畜生道、饿鬼道、地狱道的痛苦，求人天的安乐。","中士皈依——为了摆脱轮回，求取涅槃。","上士皈依——为了救众生脱离苦海，普度众生。","","要生起信心皈依：","有些人是看了我的书，及听了我的佛法。","有些人是有了感应，及我的加持使痛苦消除而皈依。","有些人是看到他人确有感应而皈依。","","我个人觉得，很多人有初发心，但，没有长远心，这是人的通病。如果人没有很坚定自己的信念，半途而废的人也非常多。因为人心会变，这是心的无常，我常说，人心如水，流来流去，所以，一下子皈依这个，一下子皈依那个，一下子信，一下子不信，根本就是正常的现象，不足为奇。","","所以密教规定：","要诵满十万遍的〈皈依咒〉：","南摩古鲁贝。(皈依金刚上师)","南摩布达耶。(皈依佛)","南摩达摩耶。(皈依法)","南摩僧伽耶。(皈依僧)","我的皈依是因为瑶池金母帮我开启“天眼”，见到了自己的前世大白莲花童子及净土，从此一心学佛、一心学法、一心向善。","","我信心不退的原因是：","一、眞实见。","二、有感应。","三、有法力。","你","四、能度众生。","五、明心见性。","六、成佛。","将来圣弟子学习眞佛密法，也达到了我的六种能力，自然也是信心不退的。","这才是长远心的圣弟子。","我为了度众生，有必要令弟子有感应，使之成为信心坚定的弟子。","","皈依能不退转的口诀是：","聪明的弟子，当能看出我的努力不懈，看出卢师尊的成就。","如果我的圣弟子，确信“莲生活佛卢胜彦”确实能如此。","“感应生起信心。”","若不能，你仍然是水，流向东南西北，哪边凉快哪边去。"
"021 诵金刚萨埵咒","https://reader.tbboyeh.org/fullscreen_player.php#/?ebook_id=440&chapter_id=c021","常常教人诵〈金刚萨埵咒〉：","短咒：嗡。班杂。萨埵。啊。吽。呸。","长咒：百字明咒。","我们晓得，从“本初佛”到“五方佛”，从“五方佛”到“金刚萨埵”。","所以“金刚萨埵”是五佛的法王子。","密教金刚乘是以“金刚萨埵”为教主。","","金刚萨埵的咒，有二大意义：","一、“空”。","二、“明空”。","诵〈金刚萨埵百字明〉，就是忏悔的大法。","","为什么要忏悔？","因为众生“起止动念”无不是罪。","另外，每一个人，今世或无数的前世，都积下了无数恶业，恶业不忏悔，就会成了障碍，障碍修行不成，便堕入三恶道。","这是我们修忏悔法的主要原因。","","我说：","先观自己的顶轮之上有千叶白莲花，白莲花上有金刚萨埵双身。","金刚萨埵心际有“吽”字，周遭有〈百字明〉咒字。","行者诵〈百字明咒〉，观想咒字，变白色甘露，白色甘露自顶轮，源源而入，体内一切疾病化为黑血，一切魔障化为毒虫，一切恶业化为黑气。","从：","足底。","肛门。","毛孔。","排了出去。","行者自身清净圆满。","诵〈百字明咒〉，七遍，或三七遍、百〇八遍，愈多愈好。","最后，诵〈忏悔文〉。","","我个人觉得，修忏悔法的至要口诀，就是：","“眞心忏悔！”","忏悔不是形式，也不是仪轨，而是“一心诚意”的行法。","圣贤有言：“罪由心起将心忏。”","","金刚萨埵曾发大愿：","“如果有众生造五无间罪，破坏三昧耶誓言，一旦他们能听到我的名号，对我有虔信，念诵咒王〈百字明〉，则一切罪障清除无余。”","","我认为：","忏悔法以金刚萨埵为第一。","","最后我告诉大家一个重要口诀：","忏悔法如果罪障涤除，一定有忏相出现，其忏相是：","梦见吃白物吐黑物。","梦见肛门拉黑血秽物。","梦见毒虫从毛细孔爬出。","梦见黑气逸出体外，或从足底。","自己看见自己全身透明，清净光四射。","自己脚踏莲花或骑天马。","飞行虚空。","梦金刚萨埵或本尊来摩顶。","我","本尊授记……。","以上就是忏悔法的忏相。","","有一家人准备外出旅行。","太太慢条斯理的挑选衣服整装。","","先生等得不耐烦，大叫：","“快，不要再拖了！”","儿子在旁插嘴：","我讲一则笑话：","","“爸，妈妈是在穿衣服，不是在脱衣服。”"
"022 赤子之心","https://reader.tbboyeh.org/fullscreen_player.php#/?ebook_id=440&chapter_id=c022","先讲一则笑话：","有一位老师，为了测验学生的爱心程度，出了一个问题，问小明：","老师说：","“小明，如果你在公共汽车上，看见一个行动不便的老婆婆站在你面前，你要怎么做？”","小明说：","“老太太，你年纪那么大，不要省钱了，改坐计程车吧！”","(哈哈哈！)","","我常常讲一则故事：","一个专门行抢的强盗，到一个村庄去抢人财物。","进入村庄时，看见一位才会学爬的小婴孩，这位婴儿爬到一个井的边缘，很危险的趴到了井口，再进一步，就掉下去了。","强盗一见，不由自主的，便大步向前，救了这位小婴孩，把他安置在一个安全的地方。","然后才继续去行抢。","","我说：","就算是一名抢匪，仍然有恻隐之心。","而我们做一个行者，当然要发出菩提心，所谓愿菩提心、行菩提心、胜义菩提心。","","我们常说：","给人快乐－－慈。","拔除人的痛苦－－悲。","欢喜的去行愿－－喜。","平等无差别的给予－－舍。","我认知，发菩提心的重点在一个“舍”字上，“舍”是一个大口诀。","所谓“无缘大慈，同体大悲”不是口头禅，而是一个“舍”字了得。","","我们知道：","人身是苦。","人间是火宅。","众生莫不是可怜人，尤其是你的怨敌及仇视你的人，他们不明白、不清楚、没有悟境，这些怨敌仇视，岂不是可怜中的更可怜人。","所以你须要去度化他们。","","这是：","“舍”。","“舍”之一字，是发菩提心的一个基点，有了平等无差别的心，才是菩提心。","","为他人想。","不为自己想。","这才叫菩萨。","愿菩提心的口诀是—－“自他互换”。","行菩提心的口诀是—－“平等智慧”。","胜义菩提心的口诀是－－“空”。","","发菩提心有三：","国王发心－－自己先成就，再度人成就。","舟子发心－－自他一齐成就。","牧童发心－－他人先成就，最后自己才成就。","","我(莲生活佛卢胜彦)这一生，倒装下凡度众生，最主要是演一场救度众生的戏。","施财－－卢胜彦布施基金会。","施法－－灌顶传法无数。","我","施无畏－－同登彼岸。","五戒－－勿行邪径。","十善－－利益众生。","精进－－懒惰懈怠须抛弃。","禅定－－不执着一切。","智慧－－闻思修到彼岸。","","这就是一场救度的戏，戏演完了，我就走了！","","忍辱－－自他平等。","哈哈哈！",""
"023 什么是最大福田","https://reader.tbboyeh.org/fullscreen_player.php#/?ebook_id=440&chapter_id=c023","记得有一个笑话是这样的：","一位学生对数学老师说：","“我父亲，想来旁听数学，可以吗？”","数学老师说：","“当然可以，他对数学有兴趣？”","学生回答：","“不！我父亲认为能睡眠是最大福气哩！”","","数学老师说：","“这跟数学有什么关系？”","学生回答：","“我父亲严重失眠，任何治疗都无效，听说我上数学课，很快梦见周公，他想来试试看！”","哈哈哈！","最大福田是睡觉哩！","","我们行者最大的福田是什么？","我认为是：","请佛住世。","请佛转法轮。","这是最大的福田。","有人认为，布施是最大的福田，这也对，因为布施获得的功德，可以得到天人的福报。","也有人认为，供养三宝是最大的福田，这也对，因为供养三宝，聚集的福田最多，最容易得到佛菩萨的加持。","更有人认为，看病福田第一，这也对，因为病是最苦的事，你能拔除病患的痛苦，福德福田自然很大。","","但是，眞正最大的福田仍然是:","请佛住世。","请佛转法轮。","因为请佛住世、请佛转法轮，才能让娑婆世界有佛法。","佛法利益人天，故功德福田第一。","若无佛法，什么是福田？","","我记得：","当释迦牟尼佛将涅槃时，有一位居士，名叫“珍达”，祈请佛住世。","佛就延迟了三个月才涅槃。","继续多讲了一部大经。","","还有：","当释迦牟尼佛在菩提树下悟道，七七四十九天，不想度众生，不想说法，想解脱而去。","就有大梵天、帝释天下降。","供养了右旋海螺及金轮。","祈请佛陀说法。","佛才说法转法轮。","如此，佛法才得以在世间流传。","这才是最大的福田啊！","","世间福田、出世间福田，何者为大？","我的福田口诀是：","请佛住世。","请佛转法轮。","这是圆满资粮最大的口诀。","","我","我写二偈：","福田又福田。","众等很卖力。","万缘带不去。","","又：","福田又福田。","不如有佛缘。","功德现在前。","聚积金银宝。","请佛转法轮。","这才是最大福田的口诀！"
"024 眞空的法尔本然","https://reader.tbboyeh.org/fullscreen_player.php#/?ebook_id=440&chapter_id=c024","先讲一个笑话：","老王开了一家棺材店。","有一个人到来问货：","“这口棺材和那口棺材价钱差了一大半，可是仔细一看，没有什么不同！”","","老王说：","“二口棺材外观差不多，但，另一口贵的，是依人体姿态而设计，睡起来特别舒服，不然你可以睡看看。”","","客人愣了一下：","“……。”","哈哈哈！","我的意思是说，人已死了，归了空，什么是舒服？什么是不舒服？","","我说：","人死了，一切停止，身体归于寂静。","","我们密教常常要学“观空”、“禅定”、“入三摩地”。","这是眞空的法尔本然。","身的口诀－－不动。","语的口诀－－禁语。","意的口诀－－寂静。","能够做到这三点，就可以眞空的法尔本然。","这三点看起来很容易，但做起来相当困难，不容易。","","身方面：","离一切俗世之事，连佛事也停止，以七支坐坐定，一动也不动。","语方面：","禁语，不说一句话，连持咒也不用，连默念也没有。","意方面：","一切妄念停止，不思过去、现在、未来。没有迷惑，一切顿然而止。","","不观想本尊及坛城。","不观心，不着意。","(似乎这一点最难，一般人的杂念非常多，连想也不可想。)","就连不可想的念头也没有。","这是眞空的法尔本然。","","这就是：","“无始无终”。","“无生无死”。","“本然本然”。","“眞空眞空”。","〈光明及幻身合一〉","","也就是：","光明与佛性。","无忘与无着。","不审及恒在。","妙有及妙空。","在这个毫无境界的状态之下，一切都不用解释了，解释也是毫无意义的，不可说，不可说。","","我","有了这个，能调伏众生，能一切寂静、能除迷惑、能增德性、能无畏惧、能福德、能觉悟、能善度人、能具慈悲、能有神通……。","","这种口诀是：","是：","“无执无着。”","也就是文殊师利菩萨的：","“身空、心空、法空、性空。”","……。","","“法尔本然。”","",""
"025 密教圆满次第的前导","https://reader.tbboyeh.org/fullscreen_player.php#/?ebook_id=440&chapter_id=c025","于密教圆满次第的方面，我在法座上讲解的已相当多，口诀心要已大部分的详细说明，例如:","脉、气、明点。","九节佛风。","金刚诵。","宝瓶气。","拙火。","明点。","有关于这方面的知识，我都细说过，其中的口诀，在在都有，这些不只是知识，而是实修，实际上必须脚踏实地的去做。","","又：","九节佛风，是三套动作和观想，各反覆三次。","重点是：","精神集中。","念力。","细、慢、长。","为什么要“细”－－口诀是“精细”。","为什么要“慢”－－口诀是“定心”。","为什么要“长”－－口诀是“入静”。","","又：","金刚诵，是观想“”嗡、“”阿、“”吽。","嗡－－表征三世一切佛的加持(白色)。","阿－－表征三世一切佛的语(红色)。","吽－－表征三世一切佛的意(蓝色)。","我们晓得这是诵咒、观想、持气，三密合一的修法。","","一入、二持、三出。","我告诉大家：","此三字有大功德－－可以改变命运。","此三字的重要口诀是：","嗡(法身)。","阿(报身)。","吽(应身)。","短字“嗡”入，久住“阿”字，长呼“吽”字。","","它的重点是：","由“入静”再达到“无生”。","","又：","宝瓶气是内法的练气法门，观想三脉。","先上行气下压，下行气上提，二气合于脐下，成一宝瓶状。","","分四段：","引－－纳气。(长吸下腹，提下行气，合一。)","满－－闭气。(闭三十秒，或愈久愈好。)","消－－散气。(全身毛细孔)","射－－冲顶及自然由鼻孔射出。","","重点:","令气入中脉，也就是由方便气变智慧气。","","对","注意事项：","用鼻孔出入息、生病不可练、数量不可多于二十一次、清晨空腹最好。","口诀：","","我个人觉得，“九节佛风”、“金刚诵”、“宝瓶气”，非常重要。","这三者修得佳妙，很容易进入圆满次第的观修，是重点，也是前导，在法座上，我讲解得非常清楚。","三者口诀甚多，须请购DVD。","","妻子说：","须请教金刚上师，男女有别，此法须仔细，不能忽视，有危险性。","我讲一则笑话：","“很多男人都说我脸蛋漂亮，身材健美，你都不曾说过。”"
"026 从“气”入中脉到正觉“佛果”","https://reader.tbboyeh.org/fullscreen_player.php#/?ebook_id=440&chapter_id=c026","本文中，我简略说明其程序，但，句句都是“口诀”，请仔细体会。","一、把气入中脉，由方便气转智慧气。在你的额头眉心，观想本尊在此。","(住气久，提起本尊，现本尊空色。)","二、行者即是本尊空色。","(由此出生佛慢，而且一念专缘本尊。)","三、本尊空色下降至脐轮，于此修“金刚诵”及“宝瓶气”。","","将“上行气”及“下行气”聚在脐轮。以“挤”、“压”、“搓”，令“拙火”升起。","“挤”。(聚气)","“压”。(绑紧)","“搓”。(摩擦)","是重要口诀，能令“拙火”升起。","","四、“拙火”升至“眉心轮”，将白色明点溶化，经中脉下降引生“四喜”觉受。","“初喜”。(喉)","“胜喜”。(心)","“超喜”。(脐)","“俱生喜”。(生殖)","","五、逆提明点经中脉上升回眉心轮，产生了“四空”。这“四空”也有“四喜”的觉受。","(这就是大乐空性无别无二。)","","六、在脐轮观本尊空色，依止眞实明妃或意想明妃，由坚固的金刚杵间的白明点及顶轮的红明点，引出乐受。","(出生大乐)","","七、将所有的白色明点及红色明点全部集中在中脉，如同千层糕状。","只要一点明点聚集，便会生一分大乐，这一分大乐会把一分业风断除。","行者以本尊空色，便证得正觉佛果。","(此时红白明点在中脉中完全聚集圆满。)","","注意事项:","本尊空色与本尊佛母入双运，由拙火溶化眉心轮的大白明点，下降至金刚杵尖，是“四喜”的殊胜觉受。","","接着：","逆提明点经中脉回到眉心轮，是增上四喜四空的大觉受。","此处讲：","白明点，是人体的分泌激素。","红明点，是拙火。","“空”是幻身。","“色”是光明。","","我个人的实修体会是：","气入中脉，是至要至要。","升起拙火，是至要至要。","溶化明点，是至要至要。","明点下降，是至要至要。","明点上提，是至要至要。","打开五轮，是至要至要。","本尊空色，是至要至要。","空色合一，是至要至要。","(幻身光明合一，即是佛果。)","在","","有人问我：","“在本文中，你为何不提，双运法是至要至要呢？因为双运可令拙火升、明点降，如何不提？”","“人是最麻烦的动物，如果提，这些动物又会出来叫叫嚷嚷。”","人是最麻烦的东西。","哈哈哈！","","","","我答：","",""
"027 修守护轮(之一)","https://reader.tbboyeh.org/fullscreen_player.php#/?ebook_id=440&chapter_id=c027","则上，修守护轮，是排列在前行的最后，但，在必要的时候或日常生活中，也有单独修守护轮的，守护自身及守护居所，均很重要。","","我曾教大家：","手结“金刚合掌”。","念：","“嗡。波汝蓝者。利。”","金刚合掌印五处：头、喉、心、左肩、右肩。","观金刚手菩萨，光明遍照行者；或行者自身变化金刚手菩萨。","这是：","披甲护身法。","","另外：","守护自身又有多法：","其一，念诵本尊眞言，观本尊住顶，本尊转化成月轮。","月轮分三次，溶化成甘露，滴滴降于行者自身，行者全身白色，如月轮般。","念：","“自他一切诸法本来清净。”","","其二，在眉间安立大日如来，在喉间安立阿弥陀佛，在心间安立阿閦如来，在脐间安立宝生如来，在密间安立不空成就如来。","也可安立种子字。","观自身转化成金刚萨埵。","念：","“嗡。班杂。萨埵。啊。吽呸。”","","其三：","念〈七佛灭罪眞言〉。双手洗涤，右手观成月轮，左手观成日轮。","双手合掌，于日月合掌中，有一青色“”(吽)字，再转化成金刚杵。","接着用金刚杵(双掌)印头、喉、心、脐、密、双肩、双脚。","持本尊咒。","想念自身与本尊无二无别，住本尊佛慢。","","其四：","观想行者自成本尊，以本尊种子字，布满全身，成为本尊金刚不坏本性。","然后本尊穿戴金刚铠甲。","或一切利器守护。","","其五：","行者自身各处的脉轮、关节等，全部以咒字庄严。","这些咒字又转化成金刚杵。","金刚杵支支放五色光明，不但照自己，也照十方魔障。","将十方魔障全部摧毁。","(以上是修守护轮的方法，其重点是手印、观想、咒字，全部化为胜解。)","","我讲一个笑话：","甲说：","“每次和太太闹别扭之后，我们都口干舌燥。”","乙说：","“两个互骂，骂太多了吧！”","","甲说：","“不是，一句话也未说。”","原","乙说：","“那怎么会？”","","“因为我们只是猛向对方吐口水！”","(哈哈哈！)","","我们与魔障之间，不用互骂，也不用吐口水，我们只是修守护自身的轮法，自己就清净无比了。","这些的口诀正是：","不坏。","甲说：","清净。","坚固。"
"028 修守护轮(之二)","https://reader.tbboyeh.org/fullscreen_player.php#/?ebook_id=440&chapter_id=c028","在本短文中，再谈修守护轮的“守护居所”的方法。","","我过去的传授是：","金刚地基。","金刚墙。","金刚火院。","金刚网。","这是守护居所的方法之一。","","另外，我常常修的是，每半个月，必须双手合掌，念〈九字眞言〉。","以“临、兵、斗、者、皆、阵、列、在、前”，加持居所的各处，净除一切魔障。将居所内的魑魅魍魉全给遣散。","","藏密的修法是：","先有虚空坛。","中有半月的风坛。","上有三角形的火坛。","(火、风、空三字)","","接着守护轮生起，在这下方就是“地基”，再出现了五重的“围墙”。","每一个“围墙”，布满了利剑及矛枪，以防卫外来的鬼神侵犯。","在上有“金刚网”，守护空中。","在下有“金刚地基”。","四周有“金刚墙”。","金刚墙有布满利器的。","金刚墙有布满火的。","而在这当中，有金刚宫殿，中央就是“法座”。行者坐于莲花座上，座上有一日轮垫，行者就坐在日轮垫上修法。","(以上是守护居所)","","接着，要召请，守护的诸尊，一一由虚空下降。","例如：","十大忿怒明王。","十大消竭本尊。","十大星宿本尊。","十大龙王尊者。","十大鬼神诸尊。","这些请来，是守护行者修法的。尊尊立于居所的方位。","(如曼荼罗的布置)","","行者自身转化为“本尊”。","在这些繁琐的行法之中，全依“观想”而进行“生起”。","","最后行者要供养诸尊：","加持肉，供养。","加持酒，供养。","加持水，供养。","等等。","","我在这里，请大家注意，我们常常在法会进行中，摄影到“般若光”。","“般若光”如果放大。","请注意，里面就是中央主尊，四周全是守护诸尊。","“般若光”就是诸尊居所的显化。","我","","还有：","我们修行人，乘坐飞机，飞在高空之中，有人摄影，摄到飞机被彩虹光团团围绕着，非常美丽。","","口诀是：","观想清晰。","仪轨分明。","供养虔敬。","","这些现象正是守护行者的诸尊，正在守护飞机内的行者。","",""
"029 睡觉与起床","https://reader.tbboyeh.org/fullscreen_player.php#/?ebook_id=440&chapter_id=c029","曾经如此传授“眠光法”：","我们在睡觉之前，先观想自己的喉咙部位，有一“” (些)字。","将“些”字转成阿弥陀如来。","","接着阿弥陀佛放红色的光明，射向虚空。","如同烟火的红色大光明，如华盖伞。","渐渐下降。","把行者全身罩在红色大光之中。","如此入眠，就是“眠光法”。","","另：","睡前，于身中各轮，大日如来(眉心)、阿弥陀如来(喉)、阿閦如来(心)、宝生如来(脐)、不空成就如来(密)，各个入定位。","或以咒字入定位亦可。","接着各个如来放光。","行者自身，就睡眠在五色光明之中，这也是“眠光法”。","","另：","行者在睡眠前，先观想“让”字，身子起大火，将自身烧成灰。","再观想“样”字，灰烬被风吹拂，身子等如虚空。","最后观想“杭”字，一切消失无形。","也就是等于一滴水入于大海，或是子母光明会，小光明融入大光明。","这是“眠光法”。","","又：","起床醒来的时候，要观想空行母众，摇着鼓声，咚咚咚的响。","或是天女唱着天乐。","劝请行者出光明定。","行者化为本尊。","","我说：","“这些全是口诀。”","在大瑜伽中：","行者一切行止威仪，全是本尊大乐智慧的清净变现。","在周遭的人，全部是本尊的天众。","外面的器世界，全部化为宫殿城堡。","一切的观想随心，成就曼陀罗。","","我说：","“这些全是口诀。”","我们在修习生起次第圆满之后，就应该进入圆满次第。","因为圆满次第是“出世”的，才能将行者自身转化成正觉佛陀。","","我用一个笑话来比喻：","如果我是一名领导人。","要胜世界的足球杯。","从死刑犯中，挑出二十岁的健壮年轻人。","训练踢足球几年。","然后让他们踢世界杯。","赢了，就让他们出狱。","输了，就让他们枪毙。","","我","我说：","他们保证会赢。","因为是生死一搏啊！","我说：","我们学佛也是一样，一定要努力精进的修持。","修不成－－轮回生死。","修成－－成佛。","如果你愿意在轮回六道中受苦，一次又一次的无期徒刑，你就不用修。","","","",""
"030 舍弃自己的身体","https://reader.tbboyeh.org/fullscreen_player.php#/?ebook_id=440&chapter_id=c030","在这里，先讲一些道理。","在西藏，再努力也烧不开一壶水。这说明“环境”是很重要的。","骑自行车，再努力也追不上摩托车。这说明“对等”是很重要的。","男人，再优秀，没有女人，也生不下一个小婴孩。这说明“合作”是很重要的。","","一个人，再有能力，也拚不过一群人。这说明“团队精神”很重要。","想要有水喝，买再大的桶子装，都不如挖一口井。这说明“来源”很重要。","想要五福临门，唯有相信因果，注重德修，厚德载物。说明“为人”很重要。","想获得成就，唯有眞正改变，从事上改，从理上改，从心上改。说明“心态”很重要。","","两只青蛙相爱，婚后生了一只癞蛤蟆，公青蛙大怒。母青蛙哭着说，婚前去整了容。说明“了解”很重要。","","小驴问老驴，咱们天天吃草，而奶牛顿顿吃精美饲料！老驴叹道，我们靠腿吃饭，人家靠胸脯吃饭。这说明“条件”很重要。","","鸭子与螃蟹赛跑，难分胜负。裁判说，你们划拳决定胜负。鸭子大怒，我出的全是布，他总是出剪刀。这说明“先天”很重要。","","狗对熊说，嫁给我吧！你会幸福的。熊说，嫁你生狗熊，我要嫁给猫，生猫熊才尊贵。说明“选择”很重要。","","我主要是说明：","布施是最大的资粮，有施才有福，要得到最大的福，须全部能施，什么是全部的布施？舍弃自己的身体，是最大的福。这说明“舍身法”是最重要的。","","舍身法如下：","先由自身明点，如豆大，飞上虚空，念“呸”字，转化成玛吉拉尊黑怒母。","右手钺刀","左手持嘎巴拉(颅器〉","左手夹卡藏卡的权杖。","","而：","行者自身仰卧。","观身子如同大千世界一般大的尸体。","于是玛吉拉黑怒母，用钺刀割下了行者的头，用三个支架，支起。","支架下面有火，生起了熊熊烈火。","自己的头如颅器。","","玛吉拉黑怒母，用钺刀，将尸体分支分解，一一焚烧，成了甘露。","“杭”成了白色甘露。","“阿”成了红色甘露。","先将红白甘露供养上师、本尊、护法。","再将红白甘露供养六道众生及自己的冤亲债主。","令上师、本尊、护法欢喜。","令自己的冤亲债主欢喜高兴而离去。","令鬼神众欢喜。","(观想的过程，要念“嗡阿吽”三字咒。)","","这种修法是：","舍身。","发大菩提心。","将自我完全舍弃，供养。","消灭自我的贪、瞋、痴等。","","因为如此的修法，很容易就得到了“资粮具足”，修证“无我”，证得“空性”成就。","我","此法一切口诀，都是大圆满。","最大的施舍，就是最大的福报！","","","","","","","","","",""
"031 坐一支香","https://reader.tbboyeh.org/fullscreen_player.php#/?ebook_id=440&chapter_id=c031","先，我在一个小房间，点上一支香，把电灯关掉，把窗帘拉上，整个房间是黑漆漆的，这时候房间只剩下一支香的红点。","看见了这个人的未来……。","我以自然坐姿，双眼注视这一支香的小红点，完全专注在小红点上。","没有刻意执着。","没有散乱。","就是把眼睛自然的看住小红点。","如果不经意的离开，我就拉回在小红点上。","我很洒脱的坐着。","我不思。","也不想。","不管时间的长或短。","就这样的坐着。（无心）","后来那红点竟然放大，渐渐的变大，整个房间全是红点。","先是一点又一点，愈变愈多，后来整个房间全红了。","","最后，连我的身子全融合了小红点，我与红光合一了。","我自然的坐着。","我已变红光。","竟然我的身口意住于“法尔本然”的状态，妄念全止息了，进入了入定的状态。","","这个口诀是：","身－－远离散乱。","口－－远离语言。","意－－远离杂念。","","天啊！我在半梦半醒之间，觉得心灵非常的清明。","我竟然看见房间外面的世界，有一位访客在大楼下的客厅，他要来见我。","我自然而然的开了玄关的门，等着他。","","他问：","“你怎么知道我来？”","我答：","“我看见了！”","","他问：","“怎能看见？”","我答：","“一支香。”","他莫名其妙！","哈哈哈！","","我居然能从这一支香的“法尔本然”，看到外面的世界，看到人，看到事，看到未来，看到虚空，看到佛国，看到虚空中的访客，看到无尽……。","","我讲一个笑话：","一个男人心情沉重的在酒吧喝酒。","服务生问：","“先生！你心情不好，有心事吗？请说出来大家听听！”","男人说：","“我是同性恋。”","","服务生说：","首","“那又怎样？”","男人说：","“我哥哥也是同性恋。”","“……。”","","男人说：","“更糟的，我弟弟也是。”","服务生说：","男人说：","服务生说：","“难道你家人，没有人喜欢女人吗？”","“有！是我妹妹。”"
"032 明点微细的口诀","https://reader.tbboyeh.org/fullscreen_player.php#/?ebook_id=440&chapter_id=c032","记得以前在上师处，上师赠我“水晶球”一粒，意旨是要我修“明点法”。","","明点法口诀如下：","眉心观“嗡”字。","喉间观“阿”字。","心间观“吽”字。","脐间观“吙”字。","密轮观“杭”字。","顶轮观“哈”字。","杵尖观“呸”字。","","重要口诀是：","观修二根之力，引出了拙火，以下行气令拙火上升，经中脉上升，拙火触眉心，令菩提心月液下降，明点至喉，生“初喜”，至心生“胜喜”，至脐生“最胜喜”，至杵尖生“倶生喜”。(此即下降)","","又：","从杵尖向上逆提，至眉心，就觉受了“四空”，四空之中亦含“四喜”。","(此即上提)","明点至脐－－“等流果”。","明点至心－－“异熟果”。","明点至喉－－“受用果”。","明点至眉－－“离系果”。","","我告诉大家：","下降及上提均会产生相续不断的无限大乐，由觉受大乐通达空性的心识，这即是极殊胜的印证，“乐空”也就是佛的意法身的基础。","","其重要口诀是：","“拙火”二根之力。","“气”运行之力。","“脉”通行之力。","“明点”观修之力。","“乐”觉受之力。","“空”觉受之力。","“佛果”是“光明”及“空性”的结合。","最细身包含了：","“大乐”、“光明”、“空性”的结合。","","有弟子问：","“密教修行有分九部及四部，到底是何者才是？”","我答：","“二者均是。”","","弟子问：","“密教的父续及母续是指什么？”","我答：","“父续是指方便，母续是指智慧。”","","弟子问：","“显教密教的分别？”","我答：","“显教是菩萨乘，属因乘。密教是金刚乘，属果乘。这二者是不可分的，显密要圆融。显教是修成佛之因，密教是修成佛之果，修密教也要以显教为最重要的基础。”","","我","我告诉弟子：","我以前学习过一种方法，观想眉心的菩提心月液的时候，要想拙火猛烈燃烧。","要吸一口气。","如此可以融化更多的明点。","每一次都要吸一口气。","然后要身体之内全充满了白色的明点。","当身心充满了空乐光明智慧时，是安乐无比的。","由安乐无比，进入了甚深的禅定，这个时候全身是白色的光气。","","拙火才会扩大。","住在宽坦的光明之中。(至要，至要！)",""
"033 令“心”安住的方法","https://reader.tbboyeh.org/fullscreen_player.php#/?ebook_id=440&chapter_id=c033","告诉大家一个让“心”安住的口诀，这是我个人的经历，我通过这个经历，进入禅定，觉受到最大的，无比的安乐。","","我只观想：","顶轮之上，坐着本尊阿弥陀佛与佛母，本尊父母坐在一朵莲花之上。","莲花的茎，插入我的顶轮中脉的洞。","本尊父母双运。","","于是白色的甘露流入莲茎，再流入我的顶轮中脉，充满中脉。","再充满五轮。","再充满全身的脉轮。","","最后充满全身的毛细孔。","行者全身充满了白色的明点。","","这个过程之中，我一直不停的念：","“嗡。阿弥爹哇。些。”","我用阿弥陀佛的坐姿。","","口诀是：","身－－阿弥陀佛身印。","口－－阿弥陀佛心咒。","意－－阿弥陀佛观想。","(佛父母双运，流下白色甘露，使行者自身充满白色甘露。)","于是，身、口、意清净。","进入安乐的禅定之中。","","这个时候，我的自身转化成白色的五股金刚杵，这五股金刚杵之顶，上达梵天，下达大地的金刚地基。","五股金刚杵放射白色的光芒，旋绕着金刚杵的四周。","一切魔敌不能伤害。","然后，从光芒中飞射出小的白色五股金刚杵，遍满了十方法界，摧破了四魔。四魔是天魔、死魔、病魔、烦恼魔。","","最后，白色的小金刚杵，又回到自身白色大金刚杵中。","安乐无比！","","弟子问：","“卢师尊的这种安乐定，不是纯粹的假想吗？”","我答：","“密教是以方便的色法二身的仪轨来进行修习，经由不断的修习之中，便能把纯属假想的色法二身变成事实。”","","我再说：","“所有的胜义光明，如甘露、金刚杵、觉受大乐、白光、小金刚杵，是能由相应的修习中引生出来。尤其是本尊的加持及摄受的力量，这些力量是乐空无别的。”","","口诀是：","由粗身修至最细身。","“幻身”亦如此修。","“光明”亦如此修。","","我常常举一个例子：","太阳光。","凸镜。","纸。","我","太阳光经凸镜聚集成一个最细的焦点时。","照在纸上。","“轰”的一声，火燃起来了。","“幻身”产生了。","这就是引出的作用！","","我实实在在的告诉大家：","牛不是用吹的，火车头不是用推的！","","“光明”产生了。","",""
"034 姿势的口诀（修身）","https://reader.tbboyeh.org/fullscreen_player.php#/?ebook_id=440&chapter_id=c034","先讲一个笑话：","在一辆游览车上。","一位身材高䠷的漂亮小姐说笑话。","她说：","“请大家猜一猜我的职业。”她接着说：“我每天上班，都要脱衣服，一整天都在扭腰，屁股摆来摆去，还常常把两腿张得很开……。”","","游览车上的人听了均面红耳赤，心中还想：","“夭寿哦！这是什么职业！”","后来答案是：","“瑜珈老师”。","哈哈哈！","","在密教观修之中，也有姿势是很重要的，并不是要大家打拳，但，也叫“金刚拳”。","其一：","“七支坐法”。","一、舌抵上颚－－使命气入中脉。","二、曲颈如钩－－使上行气入中脉。（下巴压喉结）","三、脊直肩张－－使遍行气入中脉。","四、手结印在丹田－－使火伴气入中脉。","五、双足跏趺－－使下行气入中脉。","六、口闭－－禁语。","七、不起念－－意念不杂，精神集中。","(这个坐姿，是观修入定的姿势，常常要用到的。〉","","其二：","“六灶印坐法”。","观修拙火的坐姿，米勒曰巴尊者，以此坐姿，修证拙火法。","一、行者用坐，两腿屈膝，左右腿在外，膝盖压脐轮。","二、两臂互交叉抱住双腿。","三、身坐直。","(此法易产生拙火)","“压”是口诀。","","其三：","“金刚杵印”。","有立姿与躺姿。","立姿与躺姿相同。","双手合掌置头顶上方，如上股状。","身体保持端直，如中股状。","双腿略弯，双脚足跟相抵，如下股状。","立姿－－脚趾着地，承受重量。此姿势较辛苦。","躺姿－－不辛苦。","(这是自身变化金刚杵，不受烦恼及魔障。)","","其四：","“忿怒降伏印”。","立姿。","右手高举，结“降伏期克印”。","左手平胸。","面忿怒。","右脚弯曲。","我","左脚伸直。","(此印降伏四魔)","","狮子坐－－观光用。","卧象坐－－观光用。","仙人坐－－观光用。","（此三法须口传及示范姿势）","","“提明点飞须弥山印”、“萨迦六式”。","其五：","其六：","姿势须口传示范，属无漏法。"
"035 有关于“灌顶”的口诀","https://reader.tbboyeh.org/fullscreen_player.php#/?ebook_id=440&chapter_id=c035","密教的“灌顶”之中，其要义是一种“授权”的秘密意义。","灌顶法及其次第均很重要，这是密乘弟子均要明白的，不能紊乱。","灌顶表征“师承”。","灌顶表征“授权”。","灌顶表征“允许”。","成为密乘的弟子理应接受上师的灌顶，这样才算如法。","现代的灌顶，比往昔的灌顶，好像简单多了。","","在过去，有：","一、观地。二、乞地。三、净地。四、摄地。(建曼陀罗)","六种仪轨：","一、地神仪轨。二、五物仪轨。三、弟子预备。四、寝具预备。五、羯摩线预备。六、天预备。","","灌顶次第：","宝瓶灌顶。","秘密灌顶。","智慧灌顶。","圆满灌顶。","单单宝瓶灌顶又分为“水灌顶”、“本尊灌顶”、“诸尊灌顶”、“上师灌顶”、“法器灌顶”、“经续灌顶”、“冠灌顶”、“幡灌顶”、“杵灌顶”、“铃灌顶”、“禁行灌顶”、“名灌顶”、“随许灌顶”……。","这些灌顶属“生起次第”。","","后三项灌顶属“圆满次第”：","秘密灌顶。(内灌顶)","智慧灌顶。(无上密灌顶)","圆满灌顶。(顶极灌顶)","","我个人觉得灌顶极重要的口诀是：","迎请智慧尊。","智慧尊降曼陀罗。","再由曼陀罗迎至灌顶器。","又由灌顶器灌顶诸弟子。","这些“环节”均非常重要。","","我记得有一次，我在台湾雷藏寺的坛城，欲给一名弟子灌顶大黑天“摩诃伽拉”。","大黑天从虚空中下降。","大黑天语我：","“没有曼陀罗！”","一查，果然没曼陀罗，连金身也没有。","","于是－－","大黑天降入我身中。","我变身成“摩诃伽拉”，然后再给弟子灌顶。“摩诃伽拉”的眷属，一一降入我的身中。","(这是特殊状况)","","我灌顶的法器，说明如下：","宝瓶灌顶－－法器甚多。","秘密灌顶－－红花、白花。","智慧灌顶－－笔。","大圆满灌顶－－密传。","","我认为四灌顶的意义如下：","在","消除身业。","消除语业。","消除意业。","","我一直有一个感觉，密教的种种仪轨实在太多而且也太繁复了，穷其毕生所学，也是学习不完的，在我这儿，一直在做去芜存菁的工作，把仪轨尽量的简化。","但，其重要的环节，不能省去。","","记得：","弟子要有虔心。","“光明”与“幻身”双运。","上师要有悲心。",""
"036 “吽”字的清净法(修语)","https://reader.tbboyeh.org/fullscreen_player.php#/?ebook_id=440&chapter_id=c036","祖师的教导修“吽”字清净。“”","","其一：","口中诵“”字。不停的默诵，由心发音。(轻声)","蓝色的“”字，一一由右鼻孔呼出。","自己的房子，周遭的房子，虚空大地，湖海山河，全部遍满“”。","而后，口中仍然诵“”字，观山河大地的“”字，再一一由左鼻孔进入到自己的全身，自身从头至脚，全身布满“”字。","一声大“”。","外在世界，内在世界，全部清净。","","其二：","口中诵出猛烈的“”字，心中亦青色“”字，非常猛厉。","左鼻孔放出一一猛烈的“”字，其力如火爆、霹雳、闪电、烈火、雷音，将外在的世界一一摧毁，变成空无一物。","(由此证悟，一切器世界，无自性，无实质。)","再由青色“”字，由右鼻孔入自身，全身全是猛烈“”字。","一声大爆炸，自身不见。","外空。","内空。","(由此证悟，外无实质，自身也无实质。)","","其三：","观身外有一红色“”字。","再观自身化为黑色“”字。","二个“”字均变为须弥山大小。","互相接近缠绕，交缠来，交缠去。","接着，二个“”字，变小，变成像米粒“芥子”一般，由左右鼻孔飞入，而住于心。","行者专注“红黑”二字“”。","安住在三摩地之中。","(此乃入三摩地，轻轻安住之法。)","","其四：","自己的身子成一白色“”字。","自己的语成一白色“”字。","自己的意念成一白色的“”字。","心中念“”字。","","然后开始游走，先在室内房间游走，然后走了出去。","自己的都市。","其他的都市。","国内、国外、三界、六道……。","凡“”字所到之处，一碰触，所有的汙垢，全变成清净。","一切苦难全化为净土。","(这是大清净法)","这四则行法，全用毘卢七支坐。","行法宜专注。","","这样子的修法利益甚大。","一、语清净。","二、入于道。","三、证悟无实。","","承","我的口诀是：","其实佛性本自圆满清净，修身、修语、修意，全由无二基本自性而出生。","由这样的了知，一切法也如法性状态。","入于道的人，自然知道一切无实。","因无实故，一切清净。","","","","","殊胜的果，很超越。","",""
"037 大悲咒的深见(修语)","https://reader.tbboyeh.org/fullscreen_player.php#/?ebook_id=440&chapter_id=c037","们晓得，密教有言：","修身清净－－手印、身印。","修语清净－－咒。","修意清净－－观想、无念。","我这里想提到，众所周知的〈大悲咒〉，此咒有大功德。","","常诵持〈大悲咒〉，现生有十大功德：","一、安乐。二、除病。三、长寿。四、富裕。五、消业。六、离难。七、功德。八、无畏。九、成就。十、生佛国。","","还有：","佛身、光明、慈悲、妙法、禅定、虚空、无畏、妙语、常住、解脱、药王、神通。","其功德无尽。","","又有五部密法：","息灾－－化佛手等。","调伏－－金轮手等。","增益－－如意手等。","敬爱－－莲花手等。","钩召－－宝箭手等。","","我的深见是：","〈大悲咒〉包容一切佛、一切法、一切功德。","〈大悲咒〉九十九亿恒河沙诸佛所共赞。","","〈大悲咒〉出相，包含：","诸尊。","密迹。","龙天。","善神。","是一切咒的总摄、总持。","不但，离苦得乐，也能果位增长，莲品增上，往生佛国，即身成佛。","(我劝大家持诵〈大悲咒〉。)","","另外：","我要谈谈“转经轮”。","","观音菩萨对龙树授记：","“龙宫中的龙尊王佛，有一座转经轮。任何众生要见到、听到、想到、碰触到，即能从下三道解脱，如果你获得，就可利益众生。”","龙树去了龙宫，见了龙尊王佛，佛说：","“这转经轮，是燃灯佛赐的，有大威力，可令苦解脱，保护龙族。”","","后来：","龙树给了狮面空行母，传入西藏，因此西藏寺庙各地都有转经轮。","《宝箧经》曰：","“转动经轮，具大神力、消业，降伏魔、病、天灾、牢狱、刀兵、怨敌。转一次，等同念咒，无数亿万遍，功德不可思议，龙天护法护持，罪障全消亡。”","","我勉励大家：","持诵〈大悲咒〉。","修千手千眼观世音菩萨念诵法。","转动转经轮。","","我","我修此法的“深见”：","自身不见。","心不动。","宽广而住。","光明。","无念。","法力无边。","如果有圣弟子，知晓我这几句短短的文字，必然知晓千手千眼观世音菩萨及我莲生活佛卢胜彦的秘密。","","轻安。","口诀全在里面。",""
"038 明空的大智大慧(修意)","https://reader.tbboyeh.org/fullscreen_player.php#/?ebook_id=440&chapter_id=c038","先跟大家说明“大手印”法的四层修法大口诀：","一、专一。","二、离戏。","三、一味。","四、无修。","","什么是专一？","我答：","“没有任何念头，就算有念头，自会出生，自会消融，也等于没有念头。不执不惑，全是空性。这就是专一。”","","什么是离戏？","我答：","“念头无攀无执，也无所住，完完全全的任运，自然而开放。这就是离戏。”","","什么是一味？","我答：","“没有你的、我的、他的，平等而毫无差别，也没有所谓的成就或不成就。这就是一味。”","","什么是无修？","我答：","“没有什么要追求的了，就算修也等于是无修，无修也等于修，佛性与修不修毫无干涉，明了佛性。这即是无修。”","(这些是重要口诀)","","我说：","意念从何生？","意念从何住？","意念从何去？","先思维这三个问题，就会明白“心无所生”。再思维“意念”是住在哪里，就会明白“心无所住”。最后思维“意念”是如何消失，去了哪里，就会明白“意念”并没有所去之处。","","所以：","意念从空生！","意念住于空！","意念从空去！","","于是：","“根本就没有所谓生、所谓住、所谓去，无论如何找不到意念，找不到心。”","因为找不到意念，找不到心。","所以：","“明空”。","","我喜欢莲华生大士的一个偈：","佛心确实即为汝自性。","恒常在你之内无须寻。","仅只了知即为法身佛。","无法经由他人而示现。","","修意的大口诀是：","莫视念头具过失。","如同大海与波浪。","浪海原来同一味。","无是。","我","无非。","","我讲到这里，就已经没有什么话可以讲了，大家注意：","无心。","无我。","无生。","","我讲笑话吧！","儿子就说：“坐这种车子的人，肚子没有学问！”","无事。","有父子二人，看见一部进口的十分豪华的“劳斯莱斯”。","父亲淡淡的说：“说这种话的人，口袋一定没有钱！”"
"039 六道习气的断除","https://reader.tbboyeh.org/fullscreen_player.php#/?ebook_id=440&chapter_id=c039","个人信解，每一个人初生的时候，已经带着累世的业障。","因为有很多人，具有天生的智障，具有天生的残缺，具有耳聋口哑、四肢不全、智慧障碍、全身骨软、口歪眼斜、头大肢短……。","这些人刚出生。","并未行一切善及一切恶。","何以如此？","因累世业障之故也！","“习气”、“烦恼”、“业障”生来就有，而且根深蒂固。","有些是后天生成的，因为周遭环境的影响，渐渐的染上习气。","","我们常说：","龙生龙。","凤生凤。","老鼠生的会打洞。","酱缸文化，全部污染成一味。","这些全是后天环境所造成的。","","密教有修持“六道习气断除法”，其口诀如下：","行者毘卢七支坐。","观想六道种子字。","(阿)，白色，安于眉心，天道。","(苏)，绿色，安于喉际，阿修罗道。","(呢)，蓝色，安于心际，人道。","(支)，红色，安于脐际，畜生道。","(遮)，绿色，安于密处，饿鬼道。","(都)，烟色，安于足心，地狱道。","(记住，这些种子字，均呈现淡色。)","","再观想：","佛的三身种子字。","(嗡)，大白光，安于眉心。","(阿)，大红光，安于喉际。","(吽)，大蓝光，安于心际。","一切安立完成。","以如来的三字开始燃烧，把六道种子字，全部烧毁。","三字如火，火蔓延，把六道种子字全部烧掉而无余。","行者光明无尽。","行者口中轻轻的诵着“嗡阿吽”。","一直把六道种子字烧尽。","念“嗡阿吽”愈多愈好。","","如果六道的习气已经清除干净了，会产生吉祥的梦兆。","一、行者在虚空飞行自在。","二、行者看见自己全身如琉璃通透。","三、行者自见白光绕身。","四、行者自见穿白净天衣。","五、行者吃白吐黑。","六、行者在白光中沐浴。","七、行者看见自己化为本尊。","这时，行者会自己感觉到，对于贪、瞋、痴、疑、慢、妒，减轻及消失。","内心很安然、自在。","","我","我个人认为，行者如果修习“拙火”已经成功，以倒置的短阿字。","“”燃烧。","向上火窜。","这样六道习气自然全部断除，行者清净。","","我说：","密法是活的。","触类旁通。","","烧遍了全身。","",""
"040 觉受光明的口诀","https://reader.tbboyeh.org/fullscreen_player.php#/?ebook_id=440&chapter_id=c040","般上师教导“光明”出现，有一种是生活中，极短暂的闪光，这种“光明”很难去确认，也很难去掌握，但可以去意会。","前念已灭，后念未生－－在此间，偶现明体。","婴儿时－－由于未受妄念干扰，常见光明。","大乐时－－光明突然一闪。","打喷嚏时－－念头中断，光明一闪。","打呵欠时－－意念中断，光明一闪。","昏睡中－－深眠时，光明一闪。","临死时－－中阴出现，光明一闪。","被打昏时－－念一止，光明一闪。","受大惊吓－－意识暂停，光明一闪。","以上的光明出现，有的是无意义，有的是认不出，很难把握。","","我们(瑜伽士)是在：","无修。","无整。","无治。","无乱。","在禅修中，出现的长久光明中，才眞正觉受到明体光明的出现。","","我的觉受光明经历中，其重要口诀是:","思绪紊乱时，让其平静。","思绪平静时，让其稳定。","思绪稳定时，让其宽广。","在宽广中，出生光明。","(在这个口诀中，有点像对治的味道，其实不用对治，只是你自己要确认，紊乱也是心，平静也是心，稳定也是心，宽广也是心，光明也是心，既是明的，也是空的。)","要知道，一切念头的来来去去，都是自行生起，也一样自行消融。","","我比喻:","海是佛性。","浪是妄念。","浪起浪落。","总归佛性的海。","二者无差别。","","我比喻：","溪水长流。","如同妄念长流。","要直要曲随意而去。","只要确认是本然状态。","曲直无差别。","瑜伽士只要能安住在法尔本然的状态，就可以在究竟之中得到了悟，得到了光明。","","所谓的云、雾、霭，虽然出生在虚空之中，也会消融在虚空之中。","只要确认这一点，你就无所挂碍了。","如此，清新、无缚、自然，光明自然呈现。","不生不灭。","不垢不净。","不增不减。","无修、无整、无散乱，一切安住本然。","明明了了。","念头生时，不理会它，不跟随它，不管生起什么念头，都会自然消融。","一","这就是光明世界。","无所做，无所住。","无所思，无所造。","光明自生。","宜确认之！","","","","","无判别，无专注。","",""
"041 智慧光明","https://reader.tbboyeh.org/fullscreen_player.php#/?ebook_id=440&chapter_id=c041","教认为，我们每一个人的内在自有“佛性”，而我认为，佛性就是“空性”。而这“空性”很难去诠释，最后只有用“智慧光明”来表征。","","“光明”不是空想之物。","而是经由实修之后，出现的“眞实光明”。","佛性光明在心际，呈蓝色。","梵穴光明在顶际。","脐轮光明在脐际。(含藏在脐、心、喉、顶均有。)","眼通光明在眼际。","(这是连结眼睛到心的，非常的重要，我们由眼睛向内视之。内视法，到了最高的阶段，可以看见明点光明、串连的明点光明、一整片的光明，最后看见全身都是光明遍照，这个时候就是化虹的虹光大成就。)","","也就是：","明点光。","金刚链。","金刚幕。","化虹光。","(如果把人体的五大，一一的逐渐化光，最后肉体也化了，就是智慧光明的虹光化身。)","","密教把光明分别称为：","肉团心光。","白柔脉光。","远通水光。","界清净光。","明点空光。","本觉智光。","我们是有了“开悟”之后，悟后起修，才能看见这些光明的。","","我个人不是很喜欢去记这些名词，我个人保持着光明觉性。在光明觉性的禅修之中，种种光明自然出现，这是最重要的。","","我的口诀是:","气入中脉。","中脉先通。","升起拙火。","明点下降。","明点上提。","燃滴作用。","打开五轮。","五轮光现。","五轮化光。","五大放光。","身化虹光。","(这是我“卢胜彦”的口诀，这也是我的经历次第。我的经历也许和其他的上师的经历不一样，但，行者也可以作为修行成果的证量参考。〉","","在这当中我证明：","明相－－看不见自己，外在内在全是透澈光明，非常清净。","无念－－无念才能看见光明，有念看见的光明很短暂，只有无念中的光明才恒久。这些须定力湛然，慧眼内观，宽坦任运。","不执－－对光明也不执着，只是舒适、恬淡、坦然、宽阔无比。","不惑－－无生、无我、无自性、自然。此时亦进入无修、无整、无散乱。","","最后：","无修而修。","自然任运。","密","无禅修之人。","了悟：","全然的无有。","","","","","","","","",""
"042 守护“开悟”达到“坚固”","https://reader.tbboyeh.org/fullscreen_player.php#/?ebook_id=440&chapter_id=c042","看见有几位开悟者，虽然在理上已开悟了，但，一切行事仍然跟凡夫一模一样，等于是没有开悟，有的是，比没有开悟者更糟糕。","","这是怎么一回事？","因为：","不知道守护“开悟”。","不知道守护“坚固”。","世俗凡夫，永远是情绪的奴隶，永远是欲望的奴隶。","而开悟者，须要不受情绪的控制，更不能受欲望的控制。","","例如：","我们骑烈马(欲望)，以“开悟”为驾驽术，能令马驯服，不可去践踏田园。","又：","如牧羊人牧羊，羊任意行走吃草，但，牧羊人只是看住羊。","不能走远。","不能迷失。","不能越境。","在这两个例子中，包含了“任运”及“无散乱”。","","任运－－无所得、无所住、无所谓、宽松、坦然。","无散乱－－清清楚楚，明明白白，不是放浪形骇，而是不离不弃，拿捏适度。","","开悟者，因为明白人生最高的至理，即是：","不执着了！","不迷惑了！","不畏惧了！","不追求了！","……。","","开悟者知道本来清净，本来光明智慧，本来面目。自然会抛弃我执、分别、心不外驰。所以我们看见：","真开悟。","错悟。","理开悟。","事开悟。","在“眞开悟”中，烦恼、妄念、欲望，完全无有。","在“眞开悟”中，得见光明、清净、无生、无我、解脱。","在“眞开悟”中，放下一切，自然而住。","在“眞开悟”中，贪、瞋、痴、疑、慢，全部不见。","在“眞开悟”中，放松、安住、保持任运。","","我记得莲华生大士如此说：","心是无云晴空，","善业及恶业均消杳不见，","六道如何进入？","习气自然荡然无存！","","何有轮回？","以什么东西轮回？","基本上的道理没有变也没有迁移。","没有生也没有死。","","如来藏的自性，","我","生老病死全部解散及放逐，","不必净化的净化，","眞佛。","轮回没有涅槃没有，","如同觉醒，","只剩下法身无二，","没有文字没有声音，","空空空。","","","",""
"043 三种虚空的口诀","https://reader.tbboyeh.org/fullscreen_player.php#/?ebook_id=440&chapter_id=c043","华生大士曾如此说：","我们所看见的外在世界，仍然是由自心的觉受所生，仍然是空。","我们的身体也是如此，仍然是四大的假合，其本质也是空。","我们肉团心里的如来藏识，是佛性，而佛性亦即是空性。","我们见到的许多展现，完完全全是心的游戏，心是空，其本质是空。","这些展现，如同演一场戏，会出生，也会消融，仍然是空。","我说：","“空、空、空、空、空。”","","密教有一种三虚空的瑜伽，其口诀如下：","要选择较高处。","山顶平台。","大楼顶平台。","阳台。","高处平台。","(无闲杂人来往，较安静之处，不受干扰。)","","坐姿：","仙人坐姿、七支坐姿。","日期：","无云晴空之日。","无风无云之日。","天气晴朗之日。","","修法：","将自己的双眼，注视无云晴空的天际，将无云晴空，明明朗朗，宽宽坦坦，与行者自身合一。","天即是我。","我即是天。","自身化为虚空。","然后，向内观自己的心中的本觉智光，现起了光明。","本觉智光的佛性光明，经“晶管脉”直达眼睛。","“晶管脉内”也有白柔脉光。","","于是：","外界光明。","脉中光明。","本觉智光。","三种光明合在一起，入三虚空光明禅定。","","这个时候，就是一滴水，融入了大海。也就是子光明融入了母光明，形成了子母光明会。","在无修、无整、无散乱之中，渐渐的增长自己的光明，直到完全的契合，这也就是得证了。","","此法有条件：","一、行者已打开心轮，见证到如来藏中的本觉智光。","二、行者自己的脉，已证得光明，由中脉到三脉，由三脉至一切脉，连“晶管脉”中之光明，也已见证到了。","三、这个时候，才能由外在的界光明与脉中光明、本智光明，三光融合。三光融合入禅定，于是证得子母光明会。","(界光明可视为宇宙意识)","","我讲一个笑话：","一个青年问禅师：","“我有些东西放不下。”","莲","禅师把举到嘴的五花肉，抛入垃圾桶。","","青年说：","禅师答：","“我是想告诉你，人都是五花肉，把自己丢掉。”","(哈哈哈！)","","","","“你是要我不要贪吃肉，吃素而立地成佛吗？”","",""
"044 亲证佛性口诀","https://reader.tbboyeh.org/fullscreen_player.php#/?ebook_id=440&chapter_id=c044","个人认为要亲证佛性，其坐姿有四：","一、毘卢七支坐。","二、狮子坐。","三、象坐。","四、仙人坐。","(这是身的口诀)","","语的口诀：","禁口。","形如哑巴。","","意的口诀：","不散乱。","无修。","无整。","无分别，宽坦，轻松，自然，无住。","","观光口诀：","狮子坐－－看月光，双眼向上。","仙人坐－－看灯光，双眼向下。","象坐－－中午看光，左右斜视。","七支坐－－看内在光。","","有六种光明：","心光。","脉光。","水光。","界光。","明点光。","本觉智光。","(心光就是本觉智光，通过脉光、水光，在界光中出现。)","这即是“亲证佛性”了！","","另外，在本觉智光的周边，有一点又一点的光明，那就是明点光。","也就是佛性在中央，四周是明点光的集合。","由这些光点化成金刚链。","由金刚链变化成金刚幕。","由金刚幕中出现诸佛。","诸佛幻身与本觉智光合为一体。","这即是“成佛”。","","在修法过程是：","先看到明点光，再打开心光，在觉受增长之下，显现了金刚链，再增长为金刚幕，甚至整个佛及刹土全部出现，遍满整个虚空。","行者本身，将自身的五大，转化成虹光体，二者相互融入。","这是“虹光化身”。","","另外，我个人的经验是：","当行者已观看到了金刚幕，在金刚幕中出现了诸佛及刹土。","行者只须将自己的本觉智光(佛性)，运气将佛性由顶窍运出，融入整个虚空大光明海中。","这即是“子母光明会”。","","我","另外：","行者在死亡过程中，中阴身已出现，在一刹那之中，看见大光明海。","行者将自己的中阴身的光明，投入大光明海中，二者合一。","","另外：","行者在死亡过程中，中阴身已出现，看见了阿弥陀佛、观世音菩萨、大势至菩萨来迎接。","行者中阴身随之而去。","这即是“接迎成佛”。","关键时刻是：","这即是“中阴成佛”。","","“融入！”"
"045 卢胜彦的胜义口诀之一","https://reader.tbboyeh.org/fullscreen_player.php#/?ebook_id=440&chapter_id=c045","爱的圣弟子：","要修行金刚乘的仪轨及教言口诀的眞义，前者是“实修”，后者是“保任”之。","在入世的诸道之中，要记住，凡入世的教法只是一种“方便”，也只是一时，并且没有“自性”可言，全部是在幻生幻受。","入世全是轮回，不管你在哪一道，天道、阿修罗道、人道、地狱道、畜生道、饿鬼道，完全没有自在可言的。","所以“入世”的教言，可以视为“接引”、“初机”、“暂时”、“方便”。","例如：","做善人。","做善事。","将十恶变十善。(对治)","(这是一切宗教的共乘)","","这全是幻中做幻事，也就是幻生幻受的因果轮回现象。","","眞正的胜义口诀，是在觉悟：","“人生是大梦幻”。","“人生是一场戏”。","“人生是大轮回”。","“人生是大大空”。","“人生是无所得”。","“人生是无所住”。","","从这人生当中醒过来，也算是清楚明白觉醒的状态之中，完完全全的清醒，这才算是有一点点的觉悟。","像：","读书。","爱情。","事业。","富贵。","长寿。","子女。","美丽。","……。","(全是梦幻)","","这些由努力而获得的，也都是暂时的，就算是富贵多世，也一样会消杳。","就算是再长寿，也一样会死。","就算是地位再高，也一样会分崩离析。","就算是爱情，也一样是美梦一场。","就算是再有钱，也一样会暂时拥有。","一切都是空。","一切无所得。","一切无自在可言。","","我的胜义口诀是：","轮回是必然的，不要因此排斥它；因果是必然的，也不要去排斥它。","我们要在因果轮回的幻生之中，任随之，但保持着觉醒状态，渐渐的接受莲生活佛卢胜彦的胜义教言口诀，走上了禅修的道路。","这个觉醒禅修第一珍贵。","凡一切世间的努力，未曾给自己带来“自在”。","","反而是：","觉醒才会“自在”。","也就是借由“开悟”、“任随”、“保任”、“松坦”，才能感觉到“自在”。","亲","在追求中，无安乐。","无追求，才安乐。","有执着，无安乐。","会吗？","","","","","","无执着，才安乐。","",""
"046 卢胜彦的胜义口诀之二","https://reader.tbboyeh.org/fullscreen_player.php#/?ebook_id=440&chapter_id=c046","爱的圣弟子：","当初我开始对人间产生了“厌离”之心时，我开始寻求解脱。基督教、道教、佛门显教、佛门密教，甚至其他的道门等等等等。","","我生起的虔诚之心是非常“坚固”的，我要寻找到眞理，而且实践眞理，一直到我自己变成了眞理。","我寻找我的师父及上师，及在诸多的“经续”中寻找教言。","上师给我教言。","书籍给我教言。","当我在整整三十年的思维之中，才终于明白开悟。","就是“这个”！","这个是什么呢？","","我实实在在的告诉大家：","这个是本具的。","这个是恒常在的。","这个是没有分别心的。","这个非靠祈求而所得。","这个非靠加持而所得。","这个非靠修持而所得。","这个也非靠“见”、“修”、“行”、“果”而所得。","","原来“佛法”也是方便。","原来“佛法”是工具。","用“工具”把一层层的障碍除去。","障碍全除去了，发现“这个”就在那里。","佛法不是“这个”。","“这个”也不是佛法。","二者毫无干涉。","","像“小乘佛教”：","说一切有部－－工具。","经量部－－工具。","","大乘佛法：","唯识－－工具。(无着菩萨)","中观－－工具。(龙树菩萨)","自空派、他空派、自续派、应成派－－工具。","我是以这些“工具”为伴，一件一件打开了宝藏库的门。","","最后发现了：","“这个”。","","所以，释迦牟尼佛讲了一句：","“法尙应舍，何况非法！”","我的觉醒是不需要证明的，因为只有“佛陀”才能知道。","我的觉醒也不需要排斥驱逐，因为法尔本然，自性也不攀也不执，就算是安住，也是无住。","它并非“是”东西。","也非“不是”东西。","","我由于已觉醒了“这个”，就以“持续”及“遍满”的清明之心，在这人世间做弘法的事业，离开了所有的意念及造作。活在本然的状态之中，不贪、不瞋、不痴、不疑、不慢。","","但－－","亲","我仍然不断的对有情众生发出广大的慈悲菩提心。","我只是悲悯有情众生未发现“这个”，所以我以无为的方式，想成办有情众生的安乐。","这只是一个愿！","明知不可为！","但亦自在行！","我从开悟之后，便实施了“任成”及“任运”完全无作意的。","","","","愿也是虚空！","",""
"047 卢胜彦的胜义口诀之三","https://reader.tbboyeh.org/fullscreen_player.php#/?ebook_id=440&chapter_id=c047","爱的圣弟子：","我们要确确实实的受“四灌顶”。","","四重次第的灌顶：","一、宝瓶灌顶－－五蕴即是五方佛。","二、秘密灌顶－－密咒及气、脉、明点。","三、无上密灌顶－－大乐中的空性(乐空不二)。","四、大圆满灌顶－－眞如智慧的完全证悟。","","而我的灌顶师正是：","十六世大宝法王“噶玛巴”。","萨迦证空上师“德松仁波切”。","了鸣和尙。","吐登达尔吉上师。","","灌顶的地点是：","美国纽约上州。","美国西雅图萨迦寺。","台湾集集大山。","香港净音佛阁。","","我最最重要的胜义口诀是：","我见证到了“实相”，也就是“眞如”，这是无法用语言及文字可以解释的，因为它超越了所有的“概念”。","","但，我可以权宜的述一述：","是一元的。","是绝对的。","我常常用“虚空”来表征，或是用“这个”、“如此这般”、“就是这样”、“法尔本然”。","“法性”及“空性”。","恒在的。","没有分别的。","人人都具足的。","不是修来的。(因为它本来就存在)","","藏人上师喜欢如此比喻：","例如“蜂蜜”，我们可以形容它，可以分析它，也可以描述它，让我们对“蜂蜜”有一种概念。然而，永远不如直接去品尝，这是直接的滋味。","","“法性眞如”也是一样的，你要亲自去看，亲自去听，亲自去尝，亲自去体会，才能明明白白、清清楚楚。","","我常用“虚空”为胜义的解释，一切的一切都是“水中月”、“镜中花”。法性眞如本来就虚空一般，如同无云晴空。","自本初以来即是“空空”。","而“烦恼”及“习气”，就如同“虚空”中的“云”或者是“雾”。","用“佛法工具”把它扫除。","“虚空”就显现了出来。","","所谓的八万四千法门，也只是工具而已，种种法门全是扫除“烦恼”、“习气”、“业”的工具。任何法门全是活用的，并非一成不变的，而且也并不是目标。","","要知道，这宇宙上下，只有一样不变，这不变异的是：","“法性”。","“眞如”。","“空性”。","亲","“实相”。","","其他都是“一合相”，什么是“一合相”？释迦牟尼佛说，人身是地、水、火、风、空的“一合相”。房子是木石钢铁水玻璃的“一合相”。车子是钢铁塑胶机械的“一合相”。","“一合相”全部是没有“自性”的。","只有“空性”、“法性”、“眞如”……，才是永远不变易的。","例如人的“身”及“心”，都会变异，而且非常无常。","这些必须去体会。","我们从这些得到了觉醒及觉悟！","","一切器世界，全是“一合相”。","",""
"048 卢胜彦的胜义口诀之四","https://reader.tbboyeh.org/fullscreen_player.php#/?ebook_id=440&chapter_id=c048","爱的圣弟子：","以前我的上师曾告诉我：","要达到至高的成就秘密境域，有一条水流湍急的大河，而这条河是任何人均无法摆渡过河的，如同“弱水”，连一根羽毛也无法乘载。","","在河边有一棵巨大无比的高树，这棵树的高度，刚好是大河的宽度。","但是，任何刀剑及斧钺均无法砍下它，如果能砍下，就可以跨在河上而渡河了。","然而，行者若有一把水晶玻璃的刀，就能够砍下这棵巨树。","巨树跨在河上，行者就可以到达至高成就的秘密国度。","","这是一个象征比喻：","无人可以横越的河－－轮回。","巨树－－我执。","水晶玻璃刀－－智慧。","这个比喻是，轮回之河是一般人无法横渡的，因为一般性的刀剑及斧钺，绝对是砍不了世俗凡夫的我执之树。","除了无上智慧的水晶玻璃剑，才能砍掉“我执”之树了。","这无上智慧的刀(水晶玻璃剑)象征着了悟空性的清净，如水晶玻璃。","","我说：","这了悟空性的清净，是为觉醒的心，觉醒的心，就是开悟。","","在禅宗常常隐喻成：","一、无缝塔。","二、无弦琴。","三、黑漆桶。","四、无根树。","五、拖死尸者。","等等等等等。","","我了悟了：","自空派－－这是特别指出“诸法空性的本质”，以分别“将一切事物均视为实际的有”，执为实有，便是执着。","他空派－－这是特别指出“光明性”及“如来藏”，不要落入空空如也的顽空之中。","","我的口诀是：","自空是佛性的本质，他空是佛性的作用，如此如此，这般这般。","前者是“中观”。","后者是“唯识”。","我告诉圣弟子，经过我对于自心的经验及领悟，这简直是太美妙了。天啊！我现在已经完全无所谓了，也一点恐惧也没有。","","我告诉大家：","我们的居所、人物、寿命、环境、时间、空间、作为、念头……。","均是变异的。","也不能持久。","但，法性眞如是永恒不变的。","","由此可知：","无我相。","无人相。","无众生相。","无寿者相。","","我们修持金刚乘的至要关键，仍然是为了“明心见性”的开悟，修行之路仍然是有变化的，而到达的圣域是不变的。这不变的是：","亲","虚空。","明觉。","","","","","","","","","",""
"049 卢胜彦的胜义口诀之五","https://reader.tbboyeh.org/fullscreen_player.php#/?ebook_id=440&chapter_id=c049","爱的圣弟子：","我在本书中，所提到的口诀，很多都是透过象征性的方式。","也就是口诀中更有口诀。","","我告诉大家：","口诀都是“方便善巧”，等到行者眞正的成熟，一点拨，就开悟明心了。","例如：","德山棒。","临济喝。","“帝洛巴”尊者口诀给“那洛巴”尊者，是以一只拖鞋，打了一记那洛巴的耳光。","观世音菩萨度化大圣欢喜天(象鼻神)，是与之相拥抱。","我度化一名弟子，是在弟子梦中，示现了与他家祖先共舞，那些祖先全部是死去的人，我把这些死去的祖先，共舞升天。","","有时候，我让：","盲人能看。","聋子能听。","哑子能说。","跛子能走。","这是为了圆满三昧戒才做的，是为了认出自心的明性，是为了自心与法性相融。但，仍然以各种象征性的方便以及神通示现，来弘法度众生。","","具体的说：","我们的身子都会变异的，而且均不持久，连心也一样会变异，也不持久。唯一，能恒长永久的是法身。","","我告诉大家：","我们行者要保持心明，离于迷惑，要无迷惑而且无作意，达到一种平衡与稳定的状态，而且这是入三摩地的基本功夫。所谓三摩地，也就是全然的等持。","","我所写的胜义口诀，虽然是至要关链，要大家了知自性就是空性。这样子的口诀，利根者可能明白，但在一般大众，仍然是一个秘密。","我说“无念”是正觉佛宝。","“无修而修”才是法宝。","我才是僧宝的总集，但，这个我是一个概念，而不是“自我”。","是指自然。","","认眞说来：","最胜义是没有修学，也没有禅修，连主要关键也没有，谁能够了悟全然的“无有”呢？","","我的口诀是：","自由。","解脱。","","哈哈哈。","法身是我的第一义谛啊！它不用任何方法，本就是圆满清净的。","法身是绝对的，是无二的，没有对境，所以无善也无恶。","法身永远是至高而宁静的，这个状态，甚至也不是状态，我喜欢用“虚空”来表征。","是超越一切。","成就的非成就。","无内无外。","证与未证，也是幻象。","","如果行者来询问我眞实的口诀，我会说:","安乐吧！","法性无分别！","亲","法身平等！","","","","","","","","","","",""
"050 莲诃上师的信","https://reader.tbboyeh.org/fullscreen_player.php#/?ebook_id=440&chapter_id=c050","敬爱的师佛，","您好！","再过几天弟子就要飞台湾了，虽然路途遥远，要飞上三十几个小时，但是一想到要见到师佛，弟子的内心就非常的感动！虽然近年来因为被选入宗委会核心小组而时常开会并能见到师佛，但是依然是每次要见到师佛之前都会内心激动久久，而见到师佛之后，就会被师佛慈祥的眼光、灿烂的笑容和全身散发的光彩所吸引，总是目不暂舍，根本无法把目光从师佛身上移开，以至于有朋友说，怎么你一见到师尊就好像看不到别人了。哈哈，这也是没办法的事啊！是师佛摄召力太强了啊！","","今年弟子特别要赶在农历新年之前飞到台湾，是希望能够有机缘和师佛一起过年，但不知除夕之夜能否见到师佛？以前曾经和师佛一起渡过元旦，那是二〇〇〇年跨世纪的新年，象征着千年的师徒之缘。但是弟子还从未和师佛一起过农历的新年，也从未和师佛一起围炉过除夕，还未能大年初一就向师佛拜年并接受师佛赐福的红包呢！所以今年弟子特别请哥哥从上海赶回巴西照顾母亲。这样弟子就可以飞到台湾陪在师佛身边一起过年了！那是多么幸福快乐的时刻啊！还有什么比和自己的心灵导师、生命之师一起过年更有意义、更开心的事呢！","","前一段时间师佛开示的时候说要隐居，弟子的内心非常的难过，虽然弟子深知佛陀所说的无常，弟子也知道一切根本无生，成佛者如您是根本就没有来也没有离去，弟子及一切众生也都是幻化，甚至连幻化也未曾有，但是，弟子的心还是很痛很痛，那是用空性也无法化解的痛，是生与死都无法割断的师徒之情，是就算成佛之后也无法舍弃的师徒之爱！","","讲心里话，弟子现在每两个月就要参加一次宗委会核心会议，就要辛辛苦苦飞行二十几个小时、甚至三十几个小时绕地球半周，真的很辛苦，但是纵然如此辛苦，只要一想到能够看见师佛，一切辛苦都不见了，一切都变得有意义了。","","所以说，请师佛千万不要舍弃我们这些弟子，我们是一群除了您就无依无靠、孤苦伶仃的弟子，我们是一群因为您而生命变得有意义的弟子，我们是一群以您为生命信念的弟子，可以说我们就是一群因为您而生的弟子！而您也是因为我们而生的师父！我们彼此就是生命存在的因缘！","","敬爱的师佛，弟子一直在尽最大努力精进着，真的是最大的努力了！弟子一直觉得，精进实修师佛传授的密法口诀，就是对师父最大的恭敬和供养。所以，无论如何忙碌，无论是带母亲去医院看诊，还是睡在母亲的手术房，还是陪伴着母亲做复健，只要一有时间，弟子都一定会马上静坐下来，开始专心致志的完成师佛给弟子的功课。","","说到母亲，这段期间母亲不仅做了人工膝关节的置换手术，肺部、眼睛、耳朵、心脏都需要就医治疗，单单是膝关节的复健就跑了四十二趟的医院，还不算其他的治疗，然而无论如何忙碌，就算在医院排队，只要一有那么一点时间，弟子就马上持咒入定、修习拙火，所以，纵然这段期间非常的辛苦忙碌，但是争分夺秒之下，弟子还是完成了师佛给弟子每日的功课：四座时轮法、四座拙火法，还有练气……。","","在时轮法的修持上，弟子在实践着师佛传授的口诀：一味襌定。与时轮合一之后，弟子观想心轮蓝色光明炽盛，首先将自己的色受想行识化为空性，身体内部刹那间成了一个空壳，甚至一切念头、意识也都消失殆尽，只有内心的蓝光遍照；然后弟子再将这蓝光照向体外，照向一切有缘众生，将一切众生的色受想行识也都在蓝光之中融化消失，于是所有众生就化为了时轮金刚佛，都放出赫赫蓝光，大家彼此完全一致，彼此光光相融，一同融入蓝色大光明海，那是真如佛性的海洋……。","","在拙火的修持上，师佛近期所讲授的拙火口诀有着极大助益，现在的拙火不再是大面积的炽热，更是集中如一条亮丽的光带，沿着中脉上升，在通过心轮的时候，好像一条光柱通过轴心，把心轮的光明变得更加的强烈。而当这光柱抵达大脑的时候，把整个大脑都照亮了，好像整个大脑都融化在光明的海洋之中。在最后入拙火定之时，那景象与那日地藏菩萨圣诞在西雅图雷藏寺上方出现的景像非常的仿佛－－上方顶轮光明无尽，中间心轮是本尊安住大放光明，下方则是万道霞光冲天而起，这景象实在美妙难言，感恩师佛的微妙口诀和加持！","","在铸剑无漏的修持上，自从上次在西雅图请教师佛之后，也有了长足的进步，现在每日修持铸剑，先将明点下降，然后瞬间大力逆提，四肢和全身的收缩非常的猛烈强力，明点上提非常干净俐落，真的有了大力瑜伽士的感觉。","","感恩师佛那么珍贵的口诀，也感恩师佛的大力加持，弟子时常在梦中见到师佛，时常得到师佛的加持。记得有一天因为和同门打球，伤到了后背，颈椎酸痛，也因为那段时间给重病同门加持而身上带了些阴气病气，晚上睡眠时非常酸痛无法入睡，结果半梦半醒之间师佛来了，您就抱着弟子的头和您的头挨在一起，您的手温柔的抚摸着弟子的头，好像在哄小孩子入眠一样，弟子就这样渐渐入睡了，等醒来的时候，弟子全身放松，酸痛和阴气一扫而空，一切又光明吉祥了！师佛您的加持就是这样无远弗届，千万里之遥如探囊取物，不可思议啊！","","敬爱的师佛，在前不久的元旦假日期间，弟子和巴西真谛雷藏寺的同门近五十人一同到海边精进，我们租了一个海滨别墅，就在大海不远处的山巅，绿树葱葱，可以眺望大海，风景优美之极。在那里，我们共同精进七天六夜，每日修法四座，主修大白莲花童子相应法。","","弟子日日带领着大家一同做观想，观想师尊大白莲花童子的相好庄严、天衣飘动，然后大家一同持诵师佛心咒，一同感受师佛的强烈光明加持；接下来我们一同做九节佛风，和师佛一个鼻孔出气，因为师佛在不久前特别强调了九节佛风的重要，所以我们做九节佛风不是一次，而是三次，共二十七息，让每一个人都能感受到温暖的佛光进入身体三脉的觉受，也让每个人的心随呼吸的细慢长而渐渐静定。","","然后我们大家一同入定，观想师佛住顶放光、下降至大脑中放光、下降至喉轮放光、乃至降至心轮放光，师佛的巨大光明，将每个人的体内都照射得通明如昼，驱除了每个人内心的黑暗。","","最后每个人都与师佛合一，在场的每一位同门都化作了莲花童子，那简直成了莲花童子的海会，所有的莲花童子光光相照，甚至整个别墅、整个海滨都化为美丽的摩诃双莲池净土……。","","这样的精进同修，大家都觉得非常好！非常喜欢！每个人都有了进步，修法禅定的觉受都能更上一层楼，甚至有同门看到禅定时每个人的身上都发着光，大家都法喜充满，欢喜异常！如此精进修法之后，大家都觉得从此观想师佛莲花童子非常的清晰，非常的容易，后来当我们再回到圣保罗的雷藏寺，做莲花童子护摩法会时，整场法会法流无比强烈，令人动容，内心震撼！","","这期间我们也连修了七坛的龙王宝瓶法，为同门祈求二〇一四新年如意吉祥的同时，我们还特别准备了一个大宝瓶，里面装满了药材和宝石，还有师佛的珍贵的赐福物，这个大宝瓶是专门为了祈求－－巴西同门的真佛家园计划速速达成！希望能够找到一处风水极好、适合修行的宝地，购买和兴建真佛家园及大佛。","","当我们在海边修法的时候天垂瑞相，而且瑞相连连，连续几天都在别墅的旁边现出彩虹，巨大的彩虹从海面升起至山边，是完整的圆弧，不仅是一条而是两条亮丽的彩虹，就那样悬挂在我们的眼前，那壮观的景象令人感动和欢呼。最后一天我们乘船下海去投宝瓶，本来是蓝天烈日，当我们刚刚返回别墅那一刹那，天空忽然雷声滚滚，电闪雷鸣，暴雨倾盆而至，雷雨交加一直到半夜，将连日来的干旱缺水一下子解除了！","","经过这样七天六夜的精进同修，大家对这样在一起生活、一起修行的感受非常好！大家都非常向往着过这样的生活，都盼望着未来真佛家园早日建成，让我们大家可以一起每日精进四座法，每日练气、做瑜伽，每日一起运动欢歌！大家一起非常的开心，是因为我们有着共同的理念、共同的佛法、共同的根本上师、共同的咒语、共同的观想和未来共同成就的梦想！所以祈请师佛加持赐福我们，能够早日找到一块大地理的风水宝地，大家祈愿师佛入梦，指引我们去找寻这样一块能令成就众人和广度众生的大地理。","","我们都想学习地藏王菩萨，效仿昔日金乔觉在九华山和一群志同道合的行者一同住山精进修持，以至很多人在那里肉身成就，即身成佛，至今留下许多全身舍利令后人敬仰。我们祈愿真佛家园这块宝地将来也是我们未来共同修行、共同生活、共同成就佛果的地方！一心祈请师佛加持和赐福！","","敬爱的师佛，二〇一四天马行空之年来临了，弟子衷心的祝愿师佛师母：新年快乐！佛体安康！天天笑口常开，日日吉祥安泰！真佛密法弘扬顺利！真佛弟子皆能成就！也祈请师佛指点弟子在新的一年里修行的注意事项，并加持弟子马年修行马到成功，时轮法、拙火法、无漏法、明点法都能圆满成就，即身成佛，虹光化身，未来利乐无量众生！","","谨此，一心顶礼感恩师佛！","","愚弟子莲诃拜上","二〇一四年一月十七日","巴西圣保罗","","附：后来弟子听到师佛开示“大圆满法”之口诀部：","最","以“吽”字布满山河大地一切法界，弟子内心欢喜异常！","感恩师佛！","","","","","","","","","",""