"chaptername","chaptername href","chapterbody","chapterbody 2","chapterbody 3","chapterbody 4","chapterbody 5","chapterbody 6","chapterbody 7","chapterbody 8","chapterbody 9","chapterbody 10","chapterbody 11","chapterbody 12","chapterbody 13","chapterbody 14","chapterbody 15","chapterbody 16","chapterbody 17","chapterbody 18","chapterbody 19","chapterbody 20","chapterbody 21","chapterbody 22","chapterbody 23","chapterbody 24","chapterbody 25","chapterbody 26","chapterbody 27","chapterbody 28","chapterbody 29","chapterbody 30","chapterbody 31","chapterbody 32","chapterbody 33","chapterbody 34","chapterbody 35","chapterbody 36","chapterbody 37","chapterbody 38","chapterbody 39","chapterbody 40","chapterbody 41","chapterbody 42","chapterbody 43","chapterbody 44","chapterbody 45","chapterbody 46","chapterbody 47","chapterbody 48","chapterbody 49","chapterbody 50","chapterbody 51","chapterbody 52","firstcharacter","chapterbody 53","chapterbody 54","chapterbody 55","chapterbody 56","chapterbody 57","chapterbody 58","chapterbody 59","chapterbody 60"
"目录","https://reader.tbboyeh.org/fullscreen_player.php#/?ebook_id=446&chapter_id=c999","序 自己与自己聊天（序）","001 人眞的很盲目","002 千万亿闪耀的星光","003 这一切都很有趣","004 只要是人都是邪","005 天的法则","006 可以跳一支舞吗？","007 就像一阵风","008 遍照金刚空海","009 同样都是那只手","010 善巧方便","011 开火车的比喻","012 碟仙与通灵盘","013 视天下众生是“佛”","014 咳嗽怎么办","015 我是外科医师","016 跳肚皮舞的女人","017 我唱一首歌","018 让让让让让","019 摩顶的“痛”","020 卢胜彦是坏蛋？","021 少将孙福生","022 逛百货公司","023 色戒","024 妖异气氛的天地人王","025 这里眞的是“地狱”","026 赵舜的死","027 整型","028 按摩院","029 穷极密法的人","030 面对“千夫所指”的时候","031 冯冯如此说","032 从“宾利”的车子说起","033 谈一谈因缘聚散","034 千年野人参","035 眼见众生苦","036 觉醒的人眞好","037 去看一场“闹戏”","038 身体非“我有”的见解","039 送我牡丹花的女人","040 听“周蕙”唱歌","041 活在“错觉”之中","042 如果坐在失事班机上","043 价码","044 佛陀也有怨敌","045 弟子之问","046 回台湾之后的感觉","047 开悟的几句话","048 我是如何的生活着","049 仍然在扮家家酒","050 附录一：善恶现世报，见证莲花童子师尊眞实救渡！","051 附录二：阅读心得","","","","","","","","",""
"序 自己与自己聊天（序）","https://reader.tbboyeh.org/fullscreen_player.php#/?ebook_id=446&chapter_id=c000","一年，是美国华盛顿州西雅图入冬的时候，那一年冬天来得早。清晨，窗外，看到庭院的喷水池，已结成冰，喷水流淌下来，结成水晶冰柱，很美、很美，就像水晶灯一般。","到了晚上，只有三个字，可以形容:","冷。","黑。","湿。","冷是冷到酷毙了，零下......。","黑是四周一片漆黑(乌玛玛)，家的周遭。","湿是西雅图的冬雨。","","我就在这样的日子里，在自家书房，灯盏下，写下《自己与自己聊天》。","容我解释得更清楚一些吧！","我没有知己。","我没有朋友。","我没有很谈得来的人。","我是卢师尊，与五百万的“眞佛宗”弟子，有近一些的及远一些的。","有根器大的，多聊一些。","有根器中的，少聊一些。","有根器小的，聊少少。","","所以，最重要的是，自己与自己聊天。于是，这本书就这样写了出来。","这不是笔录。","也不是写作。","不是创造。","而是纯聊天式的，自己问，自己答。","","为什么自己问自己答？","因为：","“自己最了解自己！”","“自己了解自己是天纵奇才，自己才是眞正的开悟者！”","问：","“你是精神病患吗？”","答：","“是的。如果世界上的一切有情都是正常，我当然是精神病患。”","问：","“你的意思是？”","答：","“反过来说，如果我是正常人，那全世界上的人都是精神病患。”","问：","“开悟者都是这样吗？”","答：","“是的。开悟者都『去校』了，精神病了，无法理解了！”","问：","“为什么会这样？”","答：","“哈哈哈哈哈！太可笑了，人生是一场大笑话，笑死我了，眞是，你妈卡好！”","问：","“什么事情，那么好笑？”","答：","“我有笑吗？”(这一句是关键)","","莲生活佛卢胜彦","Sheng-yen Lu","那","17102 NE 40th CT","REDMOND WA 98052","U. S. A.","编者注：本有声书系由释莲竫法师录制","","","",""
"001 人眞的很盲目","https://reader.tbboyeh.org/fullscreen_player.php#/?ebook_id=446&chapter_id=c001","多人都依着一个程序，从出生到老死。我简单的列出如下：","出生亮相。","读书至上。","爱情荡漾。","职场闯荡。","结婚聚散。","子女同样。","身体状况。","疾病侵犯。","挂在墙上。","","老天，这就是人生一般一般，至于有少部分的人有特殊例外，不在此例。但，极大部分的人都是依这程序生活。","","好了！问题是：","“除此之外，你到底活着干什么？”","","我自己问自己，你到底活着干什么？我和他人有一点点不一样：","一、修行。","二、写作。","三、画画。","四、弘法。","","说是不一样，其实也一样，只是你稍微特别一点，你是一名“和尚”。","我们都活在这个框框里面，同样的盲目、惶惑、扭曲、变形、挫折、顺逆、毁谤......。","活一生，挣扎一生。","有一天，我眞的跳出来了！","啊！老天！我开悟了！","","问：","“你到底活着干什么？”","我答：","“现在我终于明白了，我根本没有干什么！”(关键语)","问：","“这又是什么意思？”","我答：","“我举一个例子，现在我一共写了二百四十六册的书，但，我说，我根本没有写过一个字。”","问：","“世人不会明白你说的！”","我答：","“释迦如来也一样说，说法四十九年，一个字也未说。”","问：","“世人不明白佛所说！”","我答：","“我明白。”(佛陀确实没有说法，我确实没有写作)","问：","“为什么你能明白，而一般人不明白？”","我答：","“我就是释迦佛如来。”","问：","“你这样说，是不是，你就是释迦牟尼佛的转世？”","我答：","“只是等同。释迦牟尼佛证悟的，也正是我所证悟的。”","很","问：","“口气太大，你是不是妄自尊大？”","我答：","问：","“我不管别人怎么说，信或不信，疑或不疑，我始终是佛。”","“大言不惭！”","我答：","“我是大言，却没有不惭！”"
"002 千万亿闪耀的星光","https://reader.tbboyeh.org/fullscreen_player.php#/?ebook_id=446&chapter_id=c002","一年，我禅定。","我照样从初禅进入到二禅，从二禅进入到三禅，从三禅进入到四禅。","进入空性。","无有念头。","忘却，什么都忘却。","空、空、空、空、空。","无、无、无、无、无。","虚空之中出现了千万亿闪耀的星光，光中坐着千百亿万佛。","","一佛说：","“这一个男人开悟了！”","群佛说:","“这一个男人开悟了！”","声音很细，但，几乎响遍了整个宇宙上下十方，达到了任何一隅。","男人是谁？","“莲生活佛卢胜彦！”","“莲生活佛卢胜彦！”","“莲生活佛卢胜彦！”","","一佛说：","“我且问问他，开悟是怎么一回事？”","我答：","“明白了！”","群佛说：","“嗯嗯嗯！”","“哈哈哈！”","“嘻嘻嘻！”","这种佛的声音，在虚空中的星光，此起彼落，响亮异常。","但一会儿，全部归于死寂、寂静，只剩下微微吹的风。","","问：","“你明白什么？”","我答：","“非你我他或一般人，可以想像的，甚至超出想像的，令一般人想也想不到的。”","问：","“一悟永悟吗？”","我答：","“是的，唯一答案。”","问：","“为何不把答案公开？”","我答：","“没有人会相信。”","问：","“是理智与狂妄，是上上机与下下流，是圣与俗的分别？”","我答：","“不是，不包含这些！哈哈！嘻嘻！嗯嗯！”","问：","“是见闻觉知吗？”","我答：","“也不是见闻觉知，和见闻觉知完全毫无干涉！”","问：","“开悟了会怎么样？”","那","我答：","“一样。只是涅槃寂静。”","问：","我答：","“开悟了，有何益处？”","“没有得，没有失。也没有什么益处。只是你已经是不是人。”(关键语)","",""
"003 这一切都很有趣","https://reader.tbboyeh.org/fullscreen_player.php#/?ebook_id=446&chapter_id=c003","世间很有趣，我很欣赏人间，早上一打开电视，就看见：","欧美等国家，轰炸“伊斯兰国”。","以色列与巴勒斯坦的冲突。","西非的“伊波拉”瘟疫。","某个国家在庆祝国庆时，把杀人的武器，列队演出。","有一个国家说，我创办的“眞佛宗”是邪教。","另外，台湾继续爆出“食品安全”的问题。","果然，这人间是非常复杂的事，不是吗？","","而在我看来：","“一点也不复杂。”","只是：","“很有趣。”","问：","“总之，你说说看，为什么不复杂？用最简单的道理讲出来！”","答：","“我说，人间是有分别的，比如说，外国人、本国人，男人、女人，美女与丑女，富人与穷人，总统与老百姓等等。这样分别下去，那就非常的复杂了。”","“嗯！是复杂！如何是不复杂？”","我答：","“你看空中有白云朵朵是吗？这白云朵朵跟人间，有何牵缠？”","“嗯！没有！”","我答：","“白云跟人间果然无牵缠！白云对任何一切都一样。”","高兴出现就出现。","高兴消失就消失。","","我说：","“你看，眞佛密苑门口的玫瑰花，散发淡淡的玫瑰香，它对任何一个人有分别吗？”","“没有！”","“这就是了！”","我说：","“修行到了最高的境界，就像那一朵云一样，对人间不起分别。就像玫瑰花香一样，对人间不起分别。”","","看啊！","我是云。","我是玫瑰花香。","我是太阳。","我是月亮。","我是星星。","","人们说你是正，你是邪，你是矮，你是高，你是善，你是恶，你是眞，你是假，......。毕竟全无干涉。","“生死呢？”","我答：","“没有生死！”","“快乐或忧伤？”","我答：","“没有没有！”","“为什么又有分别呢？”","我答：","“因为是人间，才有分别。如果解脱了人间，那一切简单多了，是大圆镜智，是法界体性。”","“你怎能如此？”","我答：","这","“因为自心明白之故！”","","","","","","",""
"004 只要是人都是邪","https://reader.tbboyeh.org/fullscreen_player.php#/?ebook_id=446&chapter_id=c004","到“邪”这个字，这只不过是人的用词之一，意指着“不正”、“歪”、“偏”、“恶”。","你读过《地藏本愿经》没有？","《地藏经》说:“阎浮提众生，举止动念莫不是『业』。”","这“业”是什么？","“业”就是“邪”、“歪”、“偏”、“恶”......。","当我读到这句话时，我哈哈哈大笑。","“只要是人都是邪！”","","我说：","“这句话让我安心不少！”","反正：","你邪！","我邪！","他邪！","大家都是邪！","那为什么有人说，他们的团体就是“正教”，我们的团体就是“邪教”。","","我告诉你：","“所谓正教，就不是正教，就因为不是正教，才叫正教。”","“所谓邪教，就不是邪教，就因为不是邪教，才叫邪教。”","哈哈哈！","嘻嘻嘻！","我快乐死了！","密教是邪教吗？","","我说：","“是的，不只是密教，所有一切宗派，包括一切的组织，全是邪。”","“如何才不是邪！”","我答：","“当你不是人的时候！”","我实实在在的告诉你：","“读书人是邪，做田的人是邪，做工的是邪，教徒都是邪，穷人是邪，富人是邪，政治人物全是邪，密教徒是邪，显教徒是邪，修长生不老是邪，连总统也是邪！”","“为什么？”","“阎浮提众生，举止动念，无不是业。”","“你的思想太可怕了吧？”","“才不呢！本来就是这样。”","","“为什么别的教派，自称是正教，称你们是邪教呢？”","答：","“那是本位主义！”","其实，全部是邪教，都是邪教，这样眞是痛快啊！痛快死了。","“你实在不可思议！”","“确实，像我这样子的，才叫做不可思议！”","“你超越了？”","“早就是佛了！”","“佛是什么？”","我答：","“不是人！”(无人相、无我相)","“有人会相信你成佛了吗？”","我答：","“相信也好，不相信也好，认证也好，不认证也好，毁谤也好，嘲讽也好，总之，只有佛与佛知。”","“有谁认证你？”","谈","“释迦牟尼佛。”","“释迦牟尼佛已圆寂了二千五百多年了，又如何认证你？”","我答：","","“成了佛，生死是没有的，时间、空间是不存在的，就是这样认证。”","","",""
"005 天的法则","https://reader.tbboyeh.org/fullscreen_player.php#/?ebook_id=446&chapter_id=c005","将中国的儒家、道家、佛家，做了一个小小的比较，这不是学术的，而是简略的，一般性的小小说明而已。","儒家-","仁义礼智信。","忠恕廉明德。","不逾矩。","忠恕。","(这是做人的道理，子不语怪力乱神)","","道家-","精气神。","长生不老之术。","尸解。","成仙。","(这是修长生不老成仙，如吕纯阳眞人)","","释家-","小乘解脱道。","大乘菩提道。","涅槃。","明心见性。","佛国净土。","(这是修成佛的般若，如释迦牟尼佛)","","显教修戒、定、慧。","密教修气、脉、点。","","但是，有一点要特别注意到，这里有一个天的法则，简称“天法”。","孔子死了！","老子死了！","释迦牟尼佛死了！","","圣人、长生不老者、圆满觉悟者，同样在“天法”之下，由老而死。","就连世界上最大宗教的创办人，也难逃“天法”的命运。","释迦牟尼佛死了！","耶稣死了！","穆罕默德死了！","一切大修行、大成就、大祖师，全部都死了！","这是一切的有形，皆归于幻灭的道理。","","“了生死”本是我学佛的初衷，也是我的人生大事。","后来“开悟明心”，才知“无生死可了”、“无生死可抛”。","才知“本无生死”、“无生无灭”、“无来无去”。","才知“圣严法师”的“生死皆可抛”，是一场天大的大笑话。","","知道人人都要死，我高兴死了！","知道大成就都要死，我快乐死了！","知道自己也会死，我爽快死了！","","原来“死”只是一种“天法”，认明了“死”，就是大澈大悟了。","“你懂生死吗？”","我答：","“我懂无生无死！”","我","“生就是有，死就是无，这是一般人的概念。在有、空之中你如何看？除了色即是空，空即是色，之外，你有何看法？”","","我答：","“自然是什么？”","“自然二字。”","我答：","“随心所欲而不逾矩！”","“这是开悟者的生活态度吗？”"
"006 可以跳一支舞吗？","https://reader.tbboyeh.org/fullscreen_player.php#/?ebook_id=446&chapter_id=c006","一天晚餐，辛龙(歌手)与刘眞(舞者)与我同桌吃饭。地点是南投草屯台湾雷藏寺的餐厅。","我说：","“刘眞小姐的舞，可算出名的很！”","刘眞说：","“嗯！”","我说：","“我只会太极拳(杨氏)，常智和尚会太极拳(陈氏)。哈哈！我把太极拳变化成太极舞，有一天，我打太极舞给妳看。”","刘眞说：","“舞武同源。卢师尊演化手印，好像是在跳舞呢！”","我说：","“打拳跟跳舞，一样要有灵感，有了灵感，自能生动变化。”","刘眞说：","“这是眞的。”","我说：","“打拳可以入三昧地，跳舞可以入三昧地，禅定可以入三昧地，这是可以融会贯通的。”","","这一次谈话，令我想起一个问题，我仍然自己与自己聊天：","“你可以跳一支舞吗？”","“当然可以！”我说。","“你是和尚，可以跳舞吗？”","我答：","“我也是男人！”","“你在未出家之前，你是男人！”","我答：","“我现在当和尚，当然还是个男人！”","“不矛盾吗？”","“不矛盾。”","“不要提那么多的废话，你(卢师尊)到底可以不可以跳舞？”","我说：","“可以。”","“为什么？”","“我是和尚也是男人！”","“好!和尚可以跳舞吗？”","我说：","“我不是普通的和尚，我是明心见性的和尚，我跳舞，佛性不增不减。”","“为何你不跳？”","我说：","“因为我还在度众生。我到月球跳舞去！”","“你是不是还有顾忌？”","我说：","“开悟者本无顾忌，欲度众生故，才给予戒律的。戒自己，即是戒众生。”","“你跳舞犯戒吗？”","我说：","不犯戒！","不犯戒！","不犯戒！","“老问题，为何不跳舞？”","“眞的不要紧，要紧的是众生啊！”","“你到底是怎么样的和尚？”","","我答：","和尚念经。","有","男人跳舞。","大和尚跳舞。","大男人念经。","","这二者互融，会吗？","","",""
"007 就像一阵风","https://reader.tbboyeh.org/fullscreen_player.php#/?ebook_id=446&chapter_id=c007","听过吗？有一位和尚，一直想“开悟”，但，百思不得其解。","他到庭院去散步，走过来，又走过去，无聊又无聊，他看见了一块小石子，顺脚就踢了出去，那石子飞了起来。","“啪！”的一声。","石子打在竹子杆上。","这“啪”一声，惊醒了他。","他开悟了！","","又：","你听说过吗？也有一位和尚，也一样一直想着“开悟”。","他拿起了一杯水。","他喝了一口。","那水是滚烫的。","这一惊！","手的杯子掉落在硬实的地板上，“啪”的一声，杯子破碎了。","他一看一听。","开悟了！","我告诉大家一个小秘密。","","前则-","关键在“啪！”的一声。","过去没有“啪”的一声！","现在“啪”的一声，只几秒钟，也没有了。","未来也没有“啪”的一声！","这一切“没有、没有、没有”，所以也就开悟了。那“啪”的一声，是无中生有，这有也等于 无。这不是开悟是什么？","","后一则-","关键在破碎的杯子。","没有制作杯子之前，是没有杯子的。","杯子落地，碎落一地，也没有杯子了！","那个杯子在未来，等于没有！","","因为：","没有、没有、没有，所以开悟了！","我说：","有一天。","我去爬山，爬啊爬的。冒出了一身的汗水，突然有一阵风吹拂过来，感觉一阵清凉，舒服的很，但，只是一阵风。","风过去了！","我又流了一身汗。","","我突然想起：","没有风，一身汗。","有风，清凉些。但，只一刹那。","风过了，又一身汗。","因此，我开悟了，人生就像一阵风。","风未来，没有。","风来又走，也没有了。","风过去了，没有。","","我实在的告诉大家：","对于密教“大圆满法”以及禅宗的“禅法”，这二则是相通的。","竹子的声响。","玻璃破碎。","你","一阵风。","都能让你了悟实相的眞正本质。迷惑、烦恼、痛苦。在眞正的本质下，像烟一样袅袅而飞散。","“你执着什么？”","“为什么不执？”","“不执！”","“因为，什么都不见！”","",""
"008 遍照金刚空海","https://reader.tbboyeh.org/fullscreen_player.php#/?ebook_id=446&chapter_id=c008","读“弘法大师的空海年表”，发觉到，空海与惠果阿阇梨的师徒相处时光。","空海是在延历二十四年(八〇五)三十二岁时，五月同长安西明寺的僧侣一起拜访长安青龙寺惠果阿阇梨。","同年八月上旬，接受传法阿阇梨灌顶。","十二月十五日，惠果阿阇梨圆寂。","","依此看来：","空海大师与惠果大师，从见面到诀别，只有短短八个月的时光。","“你说呢？”","据说：","惠果大师已有病。","惠果看见空海，只对他说：","“你再不来，我就走了！”","“我等你很久了！”","","于是：","“灌顶阿阇梨”。","“灌顶大日如来本尊”。","","赐金刚号：","“遍照金刚”。","又：","我初见“了鸣和尚”。","了鸣和尚说：","“我早就认识你了！”","“我等你已经很久了！”","","于是：","“灌顶阿阇梨位”。","赐金刚号：","“大福金刚”。","","又：","我在美国纽约上州的“法轮寺”，面见“十六世大宝法王噶玛巴”时。","我持：“噶玛巴千惹”咒语。","噶玛巴等同“了鸣和尚”一样，对我说：","“又见面了！”","“又要再见了！”","我们好像多年不见的好朋友一般，噶玛巴的心情特别好。","","灌顶:","“五佛严顶。”","“绿度母。”","“摩哈迦拉。”","大宝法王说：","“一般日子，我早上修度母，晚上修护法。”","大宝法王送我的信物，及阿阇梨的附属物，比我供养他的多。","“为什么会这样？”","我答：","“有缘！”只短短的两个字。","","我有一种特别奇妙的感觉，我的几位根本上师“了鸣和尚”、“萨迦证空上师”、“十六世大宝法王噶玛巴”、“吐登达吉上师”。","都是过去世的“有缘”人。而在现在世又见面了，见面时光有长有短。","我","甚至-","来匆匆，去匆匆。但，延绵了百世、千世、亿世......。","时间打破。","眞是“历史悠悠，浩浩长空”，就这样一代又一代的变幻着。","空间打破。","","问：","“怎么相处时光那么短？”"
"009 同样都是那只手","https://reader.tbboyeh.org/fullscreen_player.php#/?ebook_id=446&chapter_id=c009","位同门师兄，在我二〇一四年十一月二十二日回台的第一次法会中，拍摄到二张放光相片。","一张是我持金刚铃，金刚铃的口，朝上时，射出一道红色的光束，光束非常的美。另一张是我结手印，右手食指伸直，食指的尖端射出白色带一点红金的圆形之光，光还有光晕，相当出色。","一时轰传。","叹为稀有，不可思议。","","有人问我：","“那是眞的吗？”","我答：","“那是我的手，当然是眞的。”","那人问：","“我是说放光，是眞的吗？”","我答：","“我的手当然是眞的。至于放光，请你去问光，好吗？”","那人：","“......。”","","我告诉大家：","我的手拿着筷子吃饭，那仍然是我的手。","我的手握着笔在画画，那也是我的手。","我的手拿着卫生纸擦屁股，仍然是我的手了。","我的手伸出来给大家摩顶，那更是我的手。","我的手放光。","根本还是我的手！","","我是一个“明心见性”的人，我的手掌有光，并不是很稀奇。","头上圆光。","背上背光。","手上掌光。","脚下莲光。","周身毛细孔，孔孔放光。","我加持佛像，佛像放光。","我手握金刚铃，金刚铃一定有光。","修行密教大圆满的大成就者，最后都是化为虹光而升入虚空。","","我以前写书时，常写到我身子有三光：","佛光。","灵光。","白光。","","我与我自己聊天-","“当你摇金刚铃时，你自己知道金刚铃放光吗？”","我答：","“不知道。”","“当你的食指伸直的时候，你自己知道食指放光吗？”","我答：","“不知道。”","“当有同门师兄拍照的时候，你知道吗？”","我答：","“不知道。”","“那什么都不知道，你知道什么？”","我答：","“知道不知道。”","一","“这又是什么密义？”","我答：","“自然。”","“做任何一件事，我很专一。”","我又说：","“放光有什么密义吗？”","我答：","“放光的密义！”"
"010 善巧方便","https://reader.tbboyeh.org/fullscreen_player.php#/?ebook_id=446&chapter_id=c010","一位认眞思索的弟子，对我说:","“卢师尊，我现在已知道，你日日写书，主旨是在善巧方便，指引众生通往证悟的大道上,”","我点点头。","他又说：","“书的内容，不出智慧与慈悲，就连你出版了《月河的流水》、《对着月亮说话》、《梦乡日记》这三本，表面上是述情，但，其内在仍然是智慧与慈悲。我这样说，对吗？”","我又点点头。","他最后说：","“我明白，智慧及慈悲是最重要的，我想开悟，是离不开智慧及慈悲的。你说是吗？”","我说:","“请你仔细听着，智慧及慈悲，仍然是善巧方便。智慧是通往开悟的方法，慈悲也是通往开悟的方法。”","","他说：","“卢师尊是说，智慧不是开悟，慈悲不是开悟，那我们如何思维？”","我答：","“比如，佛的开悟是山顶，智慧只是到山顶的道路，慈悲亦然。”","“那山顶是什么？”","我答：","“山顶就是山顶！”","","“你能不能透露一点点开悟的心得？”","我说好的：","无云晴空。","太阳饼里没有太阳。","月饼里没有月亮。","老婆饼里没有老婆。","无缝塔。","黑漆桶。","水中月。","镜中花。","......。","“不懂！”","","我答：","“没什么可以懂的。”","“看得见吗？”","“看不见！”","“听得到吗？”","“听不见！”","“摸得到吗？”","“摸不到！”","“感觉得到吗？”","“感觉什么都没有！”","“不是见闻觉知，那如何知道自己有没有开悟？”","我答：","“因为知道不是见、闻、觉、知，所以才叫做开悟！”","“仍然不懂！”","我如此说：","“你睡觉吗？”","“睡觉。”","“你醒来吗？”","“醒来。”","“你昨晚做梦吗？”","有","“做梦。”","“做梦是眞的吗？”","“醒来才知一切是假。”","“小悟！”","我说：","","",""
"011 开火车的比喻","https://reader.tbboyeh.org/fullscreen_player.php#/?ebook_id=446&chapter_id=c011","常常唱一首儿歌，是唱给“平儿”听的，平儿是三岁的女童，住西雅图雷藏寺的隔壁。","我唱。","小板凳儿排一排。","小朋友啊！坐上来啊！坐上来。","我们的火车就要开。","我做司机把车开。","轰得隆咚，轰得隆咚，轰得隆咚。","嘟......。","","我比喻-","火车-是眞佛列车，开往佛国净土。","乘客-皈依弟子。","司机-莲生活佛卢胜彦。","我的意思是说，我做司机，把眞佛列车上的有缘弟子，载到摩诃双莲池去！","","龙树菩萨有一个偈，如是说：","于彼生灭等，此法得断时；","宣说缘起者，能王我顶礼。","龙树菩萨是说：","对教导我们缘起的佛陀，这是一个让我们舍弃生死的方法。","对这么威猛的圣者，我们要虔诚的顶礼啊！","","又有一偈：","皈命三世寂灭主，宣说缘生正法语；","若了诸法离缘生，所作法行即是离。","","我说：","若一切缘未生，这就是“解脱”啊！","我再比喻：","我不是司机。","根本没有眞佛列车。","也没有乘客。","(这才是了义的眞正本质)","","我这个“明心见性”的人，已经了解了“根本眞实的状态”。","无常。","无我。","空。还有苦。","眞正的本质是","诸行无常。","诸法无我。","涅槃寂静。","这就是人间的眞正本质。","","我曾经问一名医师：","“这种病什么时候会好？”","医师答：","“死的时候，病就好了！而且死了之后，百千万种病全好了！”","我听了，有悟！","你听了，有悟吗？","","我唱：","我","小板凳儿排一排。","小朋友啊！坐上来，坐上来！","我们的火车就要开。","轰得隆咚，轰得隆咚，轰得隆咚。","我做司机把车开。","嘟！","哈！哈！哈！","眞是一场游戏啊！"
"012 碟仙与通灵盘","https://reader.tbboyeh.org/fullscreen_player.php#/?ebook_id=446&chapter_id=c012","看一场美国的鬼电影，是有关“通灵盘”的，看完了，我的念头闪过以前玩的碟仙。","","有一阵子，风行“碟仙”。","大家都在玩。","底下一纸“千字文”。","上放一碟。","三个人伸三只手，轻轻放着。","碟仙自行转动，会指示大小事，有问必答。","","美国“通灵盘”差不多。","一纸英文字母。","三个人伸手轻放。","通灵盘自转，由字母一字一字指出想问的答案。","","我在美国“眞佛密苑”有通灵盘，是钱师姐赠给我做纪念品的。","我没有玩过。","我想告诉大家的是：","是你在推？","是我在推？","是他在推？","","其实都不是，这中间确实有一媒介，那就是“灵”。","你问的答案有“验”有“不验”，只因灵来，不会是高级灵，而是低级灵，所以相当曲折复杂，不单纯。","如果执着。","此生迷。","迷则入其中，欲拔不能。","由碟仙及灵盘，也有可能发生其他的意外，产生了走火入魔的现象。","","我说：","我们去看电影，在那二个小时之中，你的眼识完全投入在电影之中，念头随着电影起起伏伏。","在刹那的当下，你惊、你恐、你融入在电影的情节当中。","当二个小时过去，电影放完了，你站立了起来，仿佛回归现实。","电影情节回味一下。","哈！","原来是这样！","这只是一场戏，从此一刀两断，永远不再想起来了也。","我们看电影，大半如此。放下了！","","但-","大家有没有想，每一个人在每天的生活之中，是前天、今天、昨天......。","一直连续着。","去年、今年、明年......。","过去、现在、未来......。","完全混为一谈的，并且误以为它们是持续存在的一个人生事物。","“你能斩断吗？”","“不能。”","“为什么不能？”","“因为我们不以为那是一场电影！”","","我在这里实实在在的告诉大家：","“如果你能斩断！”","“你只活在当下，如果还有当下的话！”","去","“过去的你，忘了！”","“现在的你，忘了！”","“未来的你，尚未！”","我答：","“这时候的你会怎么样？”","“放下!”","",""
"013 视天下众生是“佛”","https://reader.tbboyeh.org/fullscreen_player.php#/?ebook_id=446&chapter_id=c013","很钦佩印度的修女“圣，陶丽莎”。","因为她济世的精神及毅力，令人感动。","","她有一句名言:","“视天下人皆是上帝。”","","我听过：","她把生病的街友，带回中心。","沐浴净身。","亲侍服药。","用药水洗净疮口。","侍奉他她如同自己的亲生父母一般。","其实“圣，陶丽莎”把所有的人当成“上帝”来服侍。","(后来天主教教廷，给她封圣)","","在佛教中-","我们把年长的女子，视为母亲。","我们把年幼的女子，视为妹妹。","这是禁“淫”用的。","","在密教修观想上：","右手边观想是父系亲人。","左手边观想是母系亲人。","后方观想是恩人师长。","前方观想是怨亲债主。","四周观想是六道众生。","(如此团团围绕，一同修习密法，皆共成佛道)","","另外：","我把天下的众生皆视之如“佛”。","这是把佛陀的话，拿来应用，佛陀说:","“原来一切众生，皆具足佛性。”","有的佛教徒把天下有情众生，皆看成累世的父亲及累世的母亲。","","在佛教的观念中：","“有现世的父母，也有累世的父母，父母转世是无止无尽的，其恩德也是无止无尽的，所以报父母恩，把天下人皆看成累世父母，这样才不会有差错。”","","还有最重要的一点：","众生具足佛性。","只要把一切障碍去除，佛性显现，众生都是不折不扣的佛了。","","我自己问自己：","“这天下人，看起来面目可憎，一种米养百样人，有些人朽木不可雕，有些人卑鄙无耻，有些人具叛逆性格，有些人专门害人，有些人杀人放火，有些人心地凶恶残暴，有些人作奸犯科，有些人是强盗小偷，有些恶形恶状。你能够把这些人都看成佛吗？”","我答：","“能！”","","“如果你自己去救度他们，反而被害呢？”","我答：","“舍身喂虎！”","“如果对方仍然不体谅？”","我答：","“为法捐躯！”","我","“如果捐躯了，人们还耻笑你呢？”","我答：","“下一世再来！”","“再下下一世！”","“如果下一世同样受害？”","“你这是什么观念？”","我答：","“慈无量、悲无量、喜无量、舍无量。平等性、大圆性。”"
"014 咳嗽怎么办","https://reader.tbboyeh.org/fullscreen_player.php#/?ebook_id=446&chapter_id=c014","在二〇一四年十一月十五日回到台湾，约过了二天，早上醒来，喉咙瘖哑。","我初时不以为意。","接着是咳嗽，而且愈来愈严重，咳嗽的次数相当多。","咳嗽激烈非常。","干咳。","略带气上下波动，略喘。","我一看不行，看了“耳鼻喉科”的医师，吃药、喉片、药水。","全吃完了。","没有改善。","","第一星期上法座说法，上法座之前咳，说法时不咳，说完了法，又咳。","第二星期上法座说法，上法座之前咳，说法时不咳，说完了法，又咳。","又，甘露精舍，瑜伽焰口，我说法不咳，其他时间，又咳。","怪哉！只有“说法不咳”。","","我将咳嗽宣布-","弟子们纷纷送药......。","止咳水。","药草。","喉片。","止咳药粉。","发泡锭。","西药。","偏方......。","","我的家中，堆集的药品，可以开一家药铺子了。我择着吃，到今天为止，","我写著文章的时候，还在咳。","我对瑶池金母说：","“再咳！我改信基督教！”(恐吓)","我又对瑶池金母说：","“再咳！我就改信穆斯林(回教)！”(恐吓)","","但-","仍然咳！","我一下子，茫茫然了！怎办？怎办？怎办？怎办？怎办？","我很多医师弟子，都帮了我的忙。","我问自己，怎么办？","我答；","“不知！”","“你会埋怨东，埋怨西吗？”","我答：","“不会！”","“是不是有人下杠头？或是蛊？”","我答：","“不理会。”","","“是台湾的空气品质不佳吗？”","我答：","“空气品质不佳，是事实。但，一起回来的，没有人咳，只有自己咳，不能怪空气。”","“你是用喉咙说法的人，会造成很多不便，怎能不快快根治？”","我答：","“一切随顺了！”","我","“一位伟大的圣者，一个开悟的上师，一个见性的佛，也要受肉体的折磨吗？”","我答：","“释迦牟尼佛有偏头痛，有骨刺，有肠胃病。”","我答：","“你什么时候会好？”","“好的时候！哈哈！”","",""
"015 我是外科医师","https://reader.tbboyeh.org/fullscreen_player.php#/?ebook_id=446&chapter_id=c015","间:二〇一四年十二月二日晚上。","地点：台中日月湖餐厅。","人物：印尼弟子。","有一名印尼女弟子，她会画唐卡佛像，画“金刚亥母”、“金刚瑜伽母”、“金刚萨埵”等等。","画工精细、唯妙唯肖。","她把“金刚亥母”送泗水的“莲洪上师”。","她把“金刚瑜伽母”送给我。","我很高兴。","她的英文名字是“伊丽莎白”。","","她说：","她脑部长癌瘤，被检查了出来，三公分大，医生们要她开刀取出。","她飞到美国西雅图找我加持，我说给妳梦示。","她做梦，梦见卢师尊穿外科医师的制服，手持刀给她手术。","这是一个手术的梦。","她回到自己的国家，再回医院，再受检查，吓！癌瘤不见了。","“医师说不可能！但确实不见!”","“医师说，太不可思议了！”","她很高兴。","","我自己与自己聊天：","“你是外科医师吗？”","“不是。”","“你会动手术给人开刀吗？”","“不会。”","“那你在梦中给女子开刀，是怎么一回事？”","“那是做梦。”","“做梦如何癌瘤会不见了？”","“因缘巧合啦！”","“梦有些有应，有些没有应，是怎么一回事？”","“仍然是缘。”","“你在梦中当了开刀医师，只要长了癌瘤的去求你，你一一给予开刀，结果全部痊愈了，大家都会去求你，不是吗？”","“是的。”","“会全好吗？”","“不一定。”","“为什么大小眼，有的会好，有的不会好？”","我答：","“眞的要看缘分！”","","“举一个例子，谈一谈缘分吧！”","我答：","“我的手能提起二十公斤的东西，在这个范围之内，我可以治。在二十公斤以上的，我就没有办法治了。”","“不是说，佛法无边吗？”","“佛法是无边，但，学佛者有边。”","“你不是明心见性的佛吗？”","我说：","“是的。但弟子有边啊！”","“缘分就是指这个？”","“信心也是其中之一！”","“很多的神迹发生在你的身上，你不觉得你很有法力吗？”","我说：","“我也不能治自己的咳嗽！”","时","“怎么回事？”","“众生有病，我有病。”","","","","","",""
"016 跳肚皮舞的女人","https://reader.tbboyeh.org/fullscreen_player.php#/?ebook_id=446&chapter_id=c016","华雷藏寺办晚会，晚会的第一个节目是“肚皮舞”。吓！是肚皮舞耶！","这使我联想到：","全身装扮着华丽薄纱的女郎，露出肚脐的腹部，配合著音乐。","扭腰摆臀。","晚会一开始-","约有七位女子跳“肚皮舞”，她们不是同门，而是从外面请来的。环肥燕瘦，七彩衣饰，眼花撩乱。","","与我想像有一点不同的是：","“在裸光的肚皮上，又加盖了黑色的薄纱，已看不见肚皮了！”","我问：","“为何加盖黑纱？”","旁人答：","“因为卢师尊是和尚。”","我说：","“我也是男人。”","旁人打“哈哈”，支吾过去了！","","我自己与自己聊天：","“和尚可以看肚皮舞吗？再进一步说，和尚可以看脱衣舞吗？再进一步些，和尚可以看裸体画吗？再再进一步说，和尚可以......。”","“什么是善？”","“什么是恶？”","我说；","“在一般人来说，他们看肚皮舞，是可以的；但，和尚就不可以。”","“善与恶，很难划一个界限。”","他人看，善。","和尚看，恶。","所以肚皮上要挂上黑纱遮住。变成肚皮舞中的不是肚皮舞！","","我记得有个笑话：","一位山上砍柴的樵夫。","在深山中与一位修行的和尚见面。","樵夫问：","“你尚有妄念否？”","和尚答：","“每月三次。”","樵夫说:","“果然功德高深，修持有定境也！令人敬佩。”","和尚接着说：","“每月三次，但一次十天。”","哈哈哈！","","我问我自己：","“你会因为看到肚皮舞，就会升起欲望吗？”","我答：","“不会！”(肚皮有何好看)","“你会因为看了脱衣舞，而升起你的欲望吗？”","我答：","“不会。”(无情无愫)","“你会因为看到裸体素描，而升起你的欲望吗？”","我答：","“不会。”(纸片人)","“别人呢？”","香","“别人我不知道！”","“你为何不会？”","我答：","我又说：","“我的修行，可控制我的欲望，来去自如之故。”","“我知我空，你空，他空。”","我可以看“肚皮舞”！",""
"017 我唱一首歌","https://reader.tbboyeh.org/fullscreen_player.php#/?ebook_id=446&chapter_id=c017","喜欢〈荷塘月色〉这首歌的旋律，听了几回，口中也能哼一小段：","我像只鱼儿，在你的荷塘。","只为和你守候那皎白月光。","游过了四季，荷花依然香。","等你宛在水中央。","","这是一首情歌：","很美。","很甜。","但是充满了“幻”。","","因为：","荷塘里不会只有一只鱼。","月光也不一定非常皎白。","四季变幻。","荷花变残荷，还香吗？","等你到几时？","等不着怎么办？","我记得在从前，我喜爱着〈牵手〉这首歌：","因为爱着你的爱。","因为梦着你的梦。","所以悲伤着你的悲伤。","幸福着你的幸福。","因为路过你的路。","因为苦过你的苦。","所以快乐着你的快乐。","追逐着你的追逐。","","因为誓言不敢听，因为承诺不敢信。","所以放心着你的沉默，去说服明天的命运。","没有风雨躲得过，没有坎坷不必走。","所以安心地牵你的手，不去想该不该回头。","","也许牵了手的手，前生不一定好走。","也许有了伴的路，今生还要更忙碌。","所以牵了手的手，来生还要一起走。","所以有了伴的路，没有岁月可回头。","","这首歌，比较“现实”。","带着“忧伤”也带着“快乐”，带着执着的“情愫”。","最后，还有：","前生。","今生。","来生。","","由于“因为”，才有“所以”，这中间还牵缠着“缘分”，相当感人。","接下来，我们可以问一问自己：","“你的人生有爱吗？”","“有。”","“你是为了爱才活着吗？”","“是。”","“你的人生有恨吗？”","我","“是的，也有。但，我很快的放下。”","“如何放下恨？”","","“爱也不是这样吗？”","我答：“一场梦，一出戏，很快就过了！”","“是的。”我答：“爱恨是一样的东西，所以不要去执着及固执。”","“不要执着爱，不要固执爱，还算爱吗？”","我答："
"018 让让让让让","https://reader.tbboyeh.org/fullscreen_player.php#/?ebook_id=446&chapter_id=c018","上回写到了“眞爱是给他幸福”这句话时，内心其实有话要说，所以又写了<让让让让让>。","我说：","我们人的感情世界实在太复杂了，爱实在太复杂了，复杂到不可收拾及一片混乱。","","也有爱的暴冲：","一位高学历的学生。","爱上一个女老师。","但，女老师已有情人。","于是博士班的学生，持刀杀了女老师。","每刺一刀，喊一句：","“我爱妳！”","拚命喊“我爱妳”，喊到声泪倶下，共刺了数十刀。","唉！","","一位前夫要求与前妻复合。","二人谈判。","前妻坚持不肯复合。","前夫杀了前妻。","唉！","","一位妙龄女子爱上公司的同事。","但，这位同事已有意中人。","妙龄女子趁二人在场时，自动献身。","同事不从。","事后，妙龄女子告这位同事：","“性侵！”","唉！","","这些“恐怖情人”，确实很“恐怖”，爱不到，就杀了对方。","爱不到，就同归于尽；得不到的，谁也不让他得到。","这是爱吗？","我提出：","“爱就是给对方幸福！”","","例如：","你爱一个人，但，你爱的对方，有另外的意中人，而那位意中人的条件比你强，为了对方的幸福，你就应该：","“让让让让让”。","我是石头。","对方是金子。","我要“让让让让让”。","我是土。","对方是水泥。","我要“让让让让让”。","我是笨拙。","对方是智慧。","我要“让让让让让”。","","由于我的让，能让我所爱的人更幸福，这才是眞正的爱。","“爱”是给对方幸福。这是我的原则，所以我这一生很“淡定”。","不会有爱的暴冲！","“为什么你能够让？”","","我","我答：","“强中更有强中手，一山还有一山高，你不可能永远第一。”","“你能忍痛割爱吗？”","“这样的让，岂不是认输！”","“能！为了令爱的人更幸福！”","“赢与输、祸与福、吉与凶，经常互换。”","“你是什么意？”","我答："
"019 摩顶的“痛”","https://reader.tbboyeh.org/fullscreen_player.php#/?ebook_id=446&chapter_id=c019","台湾雷藏寺，每一场“护摩火供”之后，最后我会给信众“摩顶”。","我先观想与本尊合一。","然后伸出手，一一给信众摩顶，法流由我的手流出去，流到信众的身上。","","每次摩顶，我的心很“痛”：","那些奄奄一息的。","插管的。","坐轮椅而不能站立的。","我摩抚他她的头，摩抚他她的脚，想念我若是他她。","","将如何？","有盲者，要我摩他的眼。","有聋者，要我摩他的耳。","有哑者，要我摩他的喉。","有鼻病者，要我摩他的鼻。","中风者摩头。","甲状腺摩喉。","淋巴腺摩腋。","心臓病者摩心。","肺炎者。","肝。","胆。","肾。","胃。","肠。","肿瘤科的良性与恶性。","各种癌症。","各种疼痛。四肢肿痛、腹大如鼓、头痛、全身痛。","......。","","我一面摩顶，一面悲怆的含着泪水，一面强忍心中的痛，还要念着眞言咒，用愉悦的笑容去一一加持他她。","我知道：“病最苦！”","他她渴望我一伸手，他她能够痛苦解除，一切病痊愈。","我尽心尽力的做，我感同身受。","","我自己也有过病痛，曾经失眠经年，形容消痩，骨瘦如柴，一弯下腰，就仿佛要昏死过去，人如行尸走肉。","我也有长期咳嗽、咳到肺部震动，咳到肚子痛，上气接不了下气，气喘咳，咳到出血，咳到肺部发炎。","很多病，我有过，我知病苦，病苦是人生第一苦也。","","因此，我的摩顶，最主要是：","一、给人快乐。","二、拔除人的痛苦。","三、尽心尽力去做。","四、我你他平等平等。","","我有佛性。","你有佛性。","他有佛性。","我视众生是“佛”。","我对病苦众生生起了眞正的爱心，而不感觉到厌恶。","我问我自己：","“你这样做，有何价値？”","在","我答：","“只是能仁！不谈价値。”","","","","","",""
"020 卢胜彦是坏蛋？","https://reader.tbboyeh.org/fullscreen_player.php#/?ebook_id=446&chapter_id=c020","网路上，有一段时光，我说有一段时光的意思是说，我被很多人批判成为：","“坏蛋！”“大坏蛋！”“臭鸡蛋!”","谁是“大坏蛋”？","就是“卢胜彦”。","","我曾问我自己：","“你是坏人吗？”","我答：","“唉！我承认我自己不像是圣人，完美而无缺点。我已七十岁的老人了，缺点不算少，我像个坏人吗？我自己无法分析。”","","“那你是好人吗？”","我答：","“我不是样样都好，我只会写作、修法。其他也不是很好，但，我不害人，这样算不算是好人，我也不清楚。”","“你是好多坏少、坏多好少、不好不坏、非好非坏？”","我答：","“眞的分不清楚，不知道！”","","“对了！你当学生时，有没有考试作弊？”","我答：","“有。”","“作弊是坏的，你知道吗？”","我答：","“知道。但现在我已不作弊了，七十岁，不考试了！”","“你还有干别的坏事吗？”","我答：","“有。偷采别人的水果树。”","“你知道这是坏事吗？”","“知道。”","“你到底干了多少坏事？”","“无法数。”","","“那些批判你的人，都是好人吗？”","我答：","“有些人，我不认识。有些人，我认识。我认识他，那些人也不是圣人！”","“你认为他是敌人吗？至少已不是朋友！”","我答：","“我只认为他们是人。”","“是敌人吗？”","我答：","“我不认为他们是敌人，因为我的心目中并没有敌人了，我认为每一个人都有佛性，每一个人都是佛，我根本没有敌友之分。”","","“你讨厌那些骂你的人吗？”","我答：","“我修行之后，整个人变了，变得无所谓，赞我也好，骂我也好，我全部不理会，也没有什么讨厌不讨厌。”","“你不维护你的名誉了吗？”","我说：","“我学，苦、空、无常、无我、解脱。我自己已是无生，还有名誉吗？”","“人家打你？”","“不还手。”","“人家骂你？”","“不还口。”","“那些批评？”","在","我答：","“不在乎！坏蛋、大坏蛋、臭鸡蛋，哈哈！我就是。”","","","","","",""
"021 少将孙福生","https://reader.tbboyeh.org/fullscreen_player.php#/?ebook_id=446&chapter_id=c021","读测量学校大学部的三十二期同学朱金水先生，常常参加我主持的台湾雷藏寺的护摩火供。","朱金水同学是第一名毕业的。","","二〇一四年十二月六日。","我又有一位学长，三十期的孙福生，他毕业后一直留在军中，当到测量署的少将署长，孙学长也来参加我的法会。","孙福生少将署长，是我们最高阶的测量署长了。","那天，我特别高兴。","","在学校：","孙福生有圆圆的脸，经常挂着笑容。","个性温顺。","人缘很好。","事情很好商量。","我与朱金水同学，与孙福生学长同桌吃饭(法会后)。","","我说：","“我们都老了！”","孙福生说：","“我七十一岁。”","我说：","“我七十歳。”","孙福生说：","“你看起来不老！”","我笑了：","“大家都喜欢这么说，但，实际上是七旬老翁了。”","","我突然沉默了，我在想一个问题，我们当年在测量学校，都是二十岁的青年，如今，五十年都过去了。","同学中，洪积强、陈震华、曾渝敏、沈云海......都不见了。","不胜唏嘘。","我自己问自己：","“你会死吗？”","我答：","“每一个人都会死！”","“你害怕你会失去一切吗？眞佛宗、家、妻子、儿女、孙子、你的车子、你的财物？”","我答：","“没有人能带走一丝东西！”","“你最喜爱的?”","我答：","“最喜爱的，最不喜爱的，一样！”","“财、色、名？”","我答：","“一样！”","“你会觉得有遗憾吗？”","“没有。”","“你眞的看得很开了，是吗？”","“是的。”","","“是谁教你能看得很开呢？”","我答：","“是释迦牟尼佛及文殊师利菩萨。”","“佛陀及菩萨教你什么？”","我答：","我","“死就是梦醒！”","“你确认你会梦醒？”","我答：","","“我早就是梦醒者，我没死，但，已梦醒。”","","",""
"022 逛百货公司","https://reader.tbboyeh.org/fullscreen_player.php#/?ebook_id=446&chapter_id=c022","湾台中，有一家新盖的“大远东百货公司”，简称“大远百”。在“新光三越”的隔壁。","我们原本是去“大远百”十一楼的“鸟窝窝”餐馆吃饭。","晚餐吃完了。","","大家建议：","“时间还早，不如从十一楼散步到一楼，然后大家再回去？”","我说：“好啊！”","因为吃完饭，散散步，也是很好的运动。每一层楼我们都走，然后从手扶梯下到下面一层，大家一直走走看看。","","到了“电器部”，我想到“剃头刀”，剃头刀我尚有二具，所以没有买。","到了“表街”，手表金光闪闪，很多镶钻或镶水晶，新款的，美不胜收。但，我看看自己的表，我的表仍然是最好的，是“胜彦”牌的“劳力士”。","于是我走了过去！","","到了厨房用具部，那是妇女的玩具，我们只是看看，用不着。","走到男装部。","我们只穿喇嘛装。","走到女装部。","我们只是走过。","走到艺品部。","金、银、珠宝、琳琅满目，设计的精巧，令人眼花缭乱。我们欣赏。","","走到儿童馆。","我想到现代人“生育率”低，儿童愈来愈少了，这些货品怎么卖得出去！","走到寝具部。","我觉得寝具很重要，我们人类有一半的人生都在睡觉呢！","走到按摩椅部。","唉！我想到每天那么忙，哪有空闲的时间，坐在按摩椅上？","走在名牌部。","所有一切名牌展现在我眼前，这些名牌，对我没有吸引力！","","因为我走到哪里，大家眼光焦点都在我的身上。","光头。","喇嘛装。","龙袍。","这些是我的“名牌”。","我问我自己：","“你想买什么？”","我答：","“没有。”","“没有一件东西可以吸引你吗？”","我答：","“是的。”","“你想买豪宅吗？”","我答：","“出家人，处处是家。”","“在百货公司，无一物可买？”","“无一物可买。”","“你将来只想买什么？”","我问：","“有解脱可以买吗？有菩提可以买吗？”","","","台","","","","","","","",""
"023 色戒","https://reader.tbboyeh.org/fullscreen_player.php#/?ebook_id=446&chapter_id=c023","这个人，常常把心中的感情流露在颜面上，有时候，在法座上，很直率也很兴奋给表现了出来。","","写书也是；","《梦园小语》。","《给丽小札》。","(早期的)","《写给雨》。","《月河的流水》。","《对着月亮说话》。","《梦乡日记》。","(近期的)","","我甚至在法座上说：","“我最爱看美女。”","一个和尚喇嘛写书写成这样，在法座上讲成这样，总让人觉得怪怪的。","","有人问：","“你是不是太超过了，你是一个宗派的领导人，也算是一个名人，不是吗？”","我抿嘴笑：","“有什么不对吗？”","那人说:","“总之，从来就没有人，敢这么写，敢这么说，就只有你敢！”","我说：","“我是直率人，讲直率话！”","我反问：","“不好吗？”","那人说：","“不，没有什么不好，但......。”","他说：","“近期被跟拍而出事的名人很多！”","“是谁？”","“阿基师。还有九把刀。还有王建民。最早还有林清玄。更有璩美凤。”","“唔！”","他说：","“哎，到时候的情况，摆明应该是这样......。”","“怎么样？”","“喧哗的声音没完没了！”","“有什么影响呢？”","“诚信。”","","我与我自己聊天：","“你莲生活佛卢胜彦算不算是一个名人？”","我答：","“一点点吧!。”","“你是色狼吗？”","我答：","“我会控制自己，所以不是。”","“你会情不自禁吗？”","我答：","“我会自我控制，我说，我理智很强。”","“你的女弟子对你很热情，你怎么办？”","我答：","我","“那只是一时，淡淡的，淡淡的，就度过去了。最多只是笑一笑。”","“恕冒昧，自动献身呢？”","“不会有这个机缘吧！我的周边都是侍者。”","我答：","“如果有机缘？”","“只好用白骨观了！”(把对方看成白骨一具)","",""
"024 妖异气氛的天地人王","https://reader.tbboyeh.org/fullscreen_player.php#/?ebook_id=446&chapter_id=c024","去看了一场电影：《出埃及记一天地人王》。","主角是：","上帝。","法老王。","摩西。","在这之前，我也看了《十诫》。两部的电影剧情可以说是一样的。","","《十诫》偏重摩西与法老王的斗法，特技镜头很多，有大神通。","后来的《天地人王》，我把它列入“写实派”，较少有神通示现。","《出埃及记》，描写希伯来人在埃及当奴隶四百年，后来摩西将希伯来人带领走出埃及，到“迦南”地的地方去建国。","","有二个场景很重要：","一、杀埃及人的小孩。(逾越节)","二、过红海。","","前者：","上帝谕示，将杀埃及人之子，指示希伯来人之子，在门户上涂羔羊的血，凡涂上羔羊血的就不杀，所以埃及人之子，包括法老王之子，均被杀。","","后者：","摩西带领希伯来人过红海，海水退散，等追兵追至，海又复合，淹灭追兵。","电影的主旨是：","埃及人控制希伯来人为奴隶。","希伯来人要脱离埃及自己去建国。","上帝以天灾地变戮力对付埃及人。","最后才达到希伯来人出埃及。","","上帝的表现是：","“残忍”。","“冷酷”。","“无情”。","“凶残”。","眞是“天地不仁，把万物当刍狗”。","(当然，埃及人把希伯来人当奴才打杀，也是非常的残暴)","","在上帝之前，人的生命非常卑贱，天灾地变杀戮，根本不当一回事。","影片中就是“妖异的气氛”，充满鲜红。","我看后，觉得不好。","","我曾说：","我尊重每一个人，.把每一个人当“佛”看。","我不舍一个众生。","岂有可能把人当刍狗的？","","我自己问自己：","“如果你是上帝，你会怎么样？”","我答：","“理智一些吧！”","“你用什么方法？”","“将埃及人全部令他们睡眠一个月，由摩西带领希伯来人出埃及。”","“你不杀一兵一卒。”","我答：","“不杀生。”","我","“这样妥当吗？”","“当然妥当。”","“上帝为什么不这么做？”","“只有佛，没有种族歧视！”","我答：","","",""
"025 这里眞的是“地狱”","https://reader.tbboyeh.org/fullscreen_player.php#/?ebook_id=446&chapter_id=c025","有一个亲人生病了，她不让我们知道，主要是，她不想让我们担心她。","她经常吃止痛的药，半夜痛到醒来，趴在床旁痛哭，她感觉到有一个人，去拉扯她的肠子，她痛得每晚都哭泣。","","后来她进医院了。","她的：","子宫。","卵巢。","肠子。","粘贴在一起，而且腐烂了，她必须要动最大的手术。","","师母“莲香上师”去看她。","师母看到:","一群重症患者，一个个躺卧病榻上。","插管的。","失智的。","疼痛的。","晕死的。","开心的。","开脑的。","开肠的。","截肢的。","师母说:","“这里眞的是地狱！”","","这里的病患，其实人人心中都很害怕，人人都很痛苦，生死存亡之际，每一个人都在受考验，他她彷徨无依。","","事实上，没有尊严，没有虚假，没有多大希望，那些穿白色制服的人，穿插在他她中间，穿白色制服的人，也麻木了！","病人急。","守护的人急。","但，白色制服的人，麻木了。","师母说：","“这里眞的是地狱！”","","我个人当然了解生病之苦，我也曾经生病过，我到医院去探访病患，那里躺的，全是扭曲变形的人。","我确认：","“医院如同地狱！”","","我自己问自己：","“你怕病吗？”","“怕。”","“你怕痛吗？”","“怕。”","“你怕你的器官出问题吗？”","“怕。”","“你能预防吗？”","“防不胜防。”","“如果你病了，而且是绝症，只有等死，你会怎么样？”","我答：","“认命！”","“你会抱怨吗？”","“不会！每一个人都会死，抱怨也没有用！”","“你会怎么想？”","我","“心存一念，往生净土，超生出苦，南无阿弥陀佛！”","“有无遗憾？”","“没有。戏演完了！”","","","","",""
"026 赵舜的死","https://reader.tbboyeh.org/fullscreen_player.php#/?ebook_id=446&chapter_id=c026","视台的老演员赵舜，他死了，五十八岁。","我在电视新闻看到他的死讯。","赵舜是眞佛宗的弟子。","","记得很久以前，赵舜第一次中风。","后来第二次中风，喉咙连口水都无法呑咽。","有人教他念《高王经》一千遍，他信而持之，刚好念完一千遍《高王经》，赵舜的喉咙就可以呑口水了。","是奇迹？","是巧合？","总之，赵舜就皈依了眞佛宗，而且为眞佛宗大大的宣传一番。","后来听说有三度中风，但也好了。","","最近赵舜因为病情恶化，躺在医院的重病房。","赵舜之妻简讯给徐师姐。","问：","“什么时候可以醒？”","我答：","“百分之五十，他在生死的关键时刻。”","再问：","“几天后可知？”","我答：","“五天后，就有答案。”","徐师姐计算时间，非常的巧合，就刚好第五天。","“赵舜死了！”","徐师姐告诉我：","“给赵舜超度吧！”","我说：","“我会。”","","我问我自己：","“赵舜死了，你有什么感觉？”","我说：","“连释迦牟尼也得死，全世界上的生物，都终究得一死，这件事是非常严肃的，也正为有这一死，才能解脱人世的苦，有这一死，再也不用烦恼此生。”","“那你是不烦恼死啰！”","“商人得死，佛教徒得死，政治人物得死，宗教人物都得死，富人得死，穷人得死，连国王总统都得死......。”","我说：","“死才是另一种解脱！”","我说：","“眞是痛快啊！”","认眞的说，我不把“死”当成一回事！","“那你把什么当一回事？”","我答：","“没有事！”","“佛法呢？密法呢？度众生呢？”","我答：","“那是我有生之年的最珍贵的宝物，我很重视。”","“那不是事吗？”","我答：","“佛法最终极，是没有事；密法最终极，是没有事；度众生最终极，更是没有事。我讲这句话，不知有人明白否？”","","","","电","","","","","","","",""
"027 整型","https://reader.tbboyeh.org/fullscreen_player.php#/?ebook_id=446&chapter_id=c027","一天。","我突发奇想：","我要去“整型”，去找中山医院整型外科主任郑森隆博士。","他是我久年的弟子，我在台湾，住“宜欣社区”的时候，他就皈依了。","","他问：","“卢师尊想要如何整型？”","我答：","头发要有发髻。","眉心要有一颗红痣。","佛的长眉。","佛的长眼。","鼻挺、口阔。","重要的是耳垂及肩，耳加长，垂及肩。","胸前卍字。","(我拿阿弥陀佛的法相，给他看，我就是要整型成阿弥陀佛)","郑森隆博士笑了。","我也笑了。","","一弟子说：","“以后，我们修上师相应法，要如何观想根本上师？”","我答：","“视师如佛。”","一弟子问：","“以后阿弥陀佛来接引卢师尊，已认不得卢师尊了？”","我答：","“佛接引佛。”","有一弟子说：","“色蕴不是佛！”","我说：","“对了！色蕴绝对不是佛！”","","色蕴包括了一切物质的现象，以众生来说，它指的是人的身体，自我观念的生起和我们的身体有关的种种。","我们执着我们的这个身体是“我”。","然而，如果我们以分析究竟“无我”的眞正智慧来探究竟。","我们发现身体不是自我。","","我问我自己：","“昔日的学生时代卢胜彦，是不是今日的卢胜彦？”","我答：","“不同。”","“昔日潇洒的少年卢胜彦，是不是今日的七十岁卢胜彦？”","我答：","“不同。”","“昔日光鲜的脸，今日额头皱纹，眼睛鱼尾纹，眼下眼袋，鼻旁法令纹，是不是不同？”","我答：","“不同。”","“谁才是卢胜彦？”","我答：","“谁都不是卢胜彦！”","“老天！谁才是卢胜彦呢？”","我答：","有","“根本没有卢胜彦。”","认明这句话，一切烦恼断。","","","","","",""
"028 按摩院","https://reader.tbboyeh.org/fullscreen_player.php#/?ebook_id=446&chapter_id=c028","一次，几个人，走过一家按摩院。","一位弟子问：","“卢师尊你可以进按摩院吗？”","我答：","“可以。”我很爽快的说。","弟子问：","“纯按摩？还是不纯按摩？”","我反问：","“什么是不纯按摩？”我明知故问。","弟子答：","“不纯按摩，是有女侍，脱个精光，女侍自己在身上涂肥皂或精油在你身上摩擦，然后......。这样卢师尊也可以吗？”","我答：","“我没试过。”","弟子问：","“为什么没有试过？”","我答：","“没有人邀请我。”","弟子说：","“如果我邀请你呢？”","我说：","“嗯！没问题。”","弟子说：","“到时可别说是戏言，不许逃哟！”","我说：","“绝对不会逃。”","弟子说：","“很好！卢师尊果然是不凡的和尚，很好，哈哈哈！”","","我问我自己：","“一般和尚、修行人，连纯按摩都不敢进去，何况是不纯按摩。卢师尊！难道你是圣人吗？完全不动心吗？”","我答：","“女人我懂，男人我也懂，食欲、性欲、睡欲我都懂，甚至滋味我都懂，好滋味我也懂，欲望，我懂。”","“懂，你还敢去？”","我答：","“我的修行功力就在这里！”","“什么功力？”","我答：","“我能自我控制。”","“如果控制不了呢？”","我答：","“控制不了，就不算功力了！”","“你胜凡夫多少？”","我答：","“喧嚣、吵杂、异香、女人、柔情、蜜意，把我整个肉体包裹了起来，我不会完全的沉醉，我的灵明还在，我自我控制还在，我无得也无失。”","“谁能证明？”","我答：","“佛！”","“卢师尊！你不要吹牛？”","我说：","“如果我吹牛，我就是凡夫。我能自我控制，我不是凡夫僧。我就是这样！”","","","有","","","","","","","",""
"029 穷极密法的人","https://reader.tbboyeh.org/fullscreen_player.php#/?ebook_id=446&chapter_id=c029","人问我：","“卢师尊！你懂什么密宗？”","我答：","“我是穷极密法的人。”","人问：","“东密你懂吗？”","我答：","“开元三大士的不空，传密法给惠果，惠果传空海，空海回日本，便是东密。”","“台密你懂吗？”","“最澄到了天台山，最澄回日本，传的是台密。”","“中密你懂吗？”","我答：","“金刚智传密法给不空，不空传惠果阿阇梨，是中密。”","“藏密你懂吗？”","我答：","“西藏的密宗，大圆满法、大手印法、大圆胜慧法、大威德法。从四加行、上师相应、本尊法、金刚法、无上密。事部、行部、瑜伽部、无上部。”","“你懂杂密吗？”","我答：","“在天竺乌金，密教盛行，流行的种种较偏颇的密法，统称杂密吧！”","","人问：","“你如何学？”","我答：","“我各有师承，也有禅定最寂静的传承。”","人问：","“你最终极学到了什么？”","我答：","“明心见性。”","“明心见性又如何？”","我答：","“哈哈哈，什么都知道了，清清楚楚，明明白白，好好玩，好有趣。”","","我自己问自己：","“一生穷极密法的人，也难逃一死，穷极密法有什么用？”","我答：","“莲华生大士、龙树、那洛巴、宗喀巴、卢胜彦......，将来我也会消杳，因为所有的祖师都会消杳，所以我很心安。”","“这是什么义？”","我答：","“了义。”","“了什么义？”","“无得无失，不增不减，不一不异，不生不灭。”","“这有什么心安？”","我答：","“成佛，成密。”","“还有什么？”","“爽！”我说。","“你用了多少年的功夫去求取密法？”","“三十多年吧！”","“用的是什么法？”","“不瞒你说，我用的方法很多，也有师父教的，也有用买的，甚至也有用偷的，还用骗的，哈哈哈！”","人问：","“眞令人惊讶！还有骗！还有偷！”","有","我答：","“没办法，有些师父珍藏不传，结果，全被我偷光了！哈哈！”","","","","","",""
"030 面对“千夫所指”的时候","https://reader.tbboyeh.org/fullscreen_player.php#/?ebook_id=446&chapter_id=c030","一阵子，听说有不少人在“网路”上批评谩骂我这个小小卢胜彦。","一小丛人，来势汹汹。","有一些同门，跑来对我说：","“不好了！不好了!”","“情况很严重耶！”","“卢师尊快被人灭顶了！”","","我个人，没有手机，没有平板，也没有电脑，我根本也不会上网，所以我一切都不知道，我连一篇文章都没有看过。","所以完全不受影响。","我根本不理会。","","但同门很紧张：","“会断了很多很多人的慧命，会有很多人退出眞佛宗，会有很多人不敢进眞佛宗。”","有人说：","“很惨！很惨！”","我个人，面对千夫所指，无动于衷，因为我什么都不知道。","然而师母莲香上师指示建立：","“眞佛护法园地”。","“眞佛护法金刚”。","以对抗来势汹汹的一干人。","","我自己问我自己：","“你自己为何面不改色？”","我答：","“因为人家怎么骂，我连一篇都未看，由于不知道，所以面不改色！”","“但，人家骂得又毒！”","“不知道。”","“但，人家骂得又凶！”","“不知道。”","“但，人家骂得又狠！”","“不知道。”","“但，人家骂得又阴！”","“不知道。”","“但，人家骂得又奸！”","“不知道。”","“无所不骂！”","“不知道。”","由于眞的不知道，所以“好了了”。哈哈哈！","“卢师尊！你如果知道呢？”","当然会有人告诉我一句二句。","我答：","“当然也一样，面不改色！”","“泰山崩于前，也不会眨一眼吗？”","“是的。”","“为什么你能如此？”","我答：","“因为我是觉者啊！哈哈！”","我说：","“人世间，都是一时的假相，没有一个人是眞的。一切均是梦幻泡影，一切都是无常，一切都会过去的，我会死去，对方也会死去，一切的事情都会死去，那还紧张干什么？”","“你会输啊！”","我说：","“世间实无输，世间实无赢。”","前","“对方要把卢胜彦斗臭，对方要把眞佛宗搞垮！”","我答：","“谁是卢胜彦？眞佛宗是什米碗糕？”","","","","",""
"031 冯冯如此说","https://reader.tbboyeh.org/fullscreen_player.php#/?ebook_id=446&chapter_id=c031","得冯冯在世的时候，我们有一次在一起。","我说：","“我读过你写的《空虚的云》、《释达坦》及《禅定天眼通之实践》等等的书，我读的非常细心。”","冯冯说：","“你眞的读啊！”","他一副惊讶的表情。","我说：","“我当然读，这没什么！”","冯冯说：","“文人相轻，你知道吗？”","我说：","“我知道，但，这眞的没什么，我连星云大师的文章，我都读！”","冯冯说：","“那种庸才法师的文章，就算写了一百本，我连一本也不碰。”","冯冯对财大名大的法师，似乎不抱好感。","","我那时，忘了问他，我的书，你到底有没有读过？","我不想问。","我也想，他可能连看也不看。","冯冯说：","“我自己写的文章，自己确信比那些庸俗法师还高明，我不想看，因为看了庸俗法师的文章，我心中会嘲笑他们，你们实在不行啊！”","我静静的听。","不作声。","但我心想：","“不算怎么样，人家建立起来的基地，总有他的本领在。”","","冯冯说：","“你听慈济证严法师的说法吗？”","我说：","“听过！”","“你认为法师说法如何？”","我答：","“老实说，架势、技巧、口白，我有听不下去的感觉。”","冯冯说：","“我是欣赏慈济精神，其他，一样不敢恭维！”","我说：","“但，他们的基地这么大！”","冯冯说：","“那是他她的方法，更胜别人一筹！”","我说：","“我就没办法了！”","冯冯说：","“你啊！你也算不可思议了！”","","话说到此，我自己问自己。","“你会建立那么大的基地吗？”","我答：","“不可能。”","“别人能，为什么你不能？”","我答：","“我就是不可能，也说不出什么因由。”","“是你没有企业管理？”","记","“应该是。”","“那你为何不做？”","我答：","","“我只会顺其自然。”","","",""
"032 从“宾利”的车子说起","https://reader.tbboyeh.org/fullscreen_player.php#/?ebook_id=446&chapter_id=c032","九九九年，“含尼哇”小姐，送我一部“宾利”的名车，是“BENTLEY”，这部车是“珍珠色”，据说，全美国只有一部珍珠色的“BENTLEY”。","","我们晓得“劳斯莱斯”的车与“宾利”的车，可以说是同一品牌。","在英国：","皇族老辈，开“劳斯莱斯”。","皇族年轻辈，开“宾利”。","此二车是兄弟。","","一九九九年以后，我出门代步，全用这部“宾利”的车。","很多老外，一看到我开“宾利”的车，便竖起大姆指说：“好车！”","我则说：“谢谢！”","","到了今天，二〇一四年，已经过了十五个年头，我的“宾利”已经十五岁了，且二〇一五年马上又到了，这部车已十六岁了。","我始终没有换车。","","大家知道，现代的车子，日新月异，电子的设备，日日换新，机能愈来愈好。我那部老“宾利”，名好，但，设备已不精良。","“宾利”的车种也在变化，我那部老“宾利”已落伍了。","我那部车，唯一的缺点是，车子的电池，经常会漏失电。","须常常充电。","这是唯一的缺点，其他尚好！","","有人说：","“卢师尊！你应该换车了，这部车已经很老了！”","我说：","“我人已老！车子也老刚刚好！”","那人说：","“现代的车子那么多，名车也多，换一部不是更好吗？”","我说：","“唉！十六年，我和车有感情。”","那人说：","“你想占有它吗？”","我说：","“不是占有，是舍不得。”","那人说：","“舍不得就是占有！”","我说：","“是吗？我也弄不清楚？”","","我与自己聊天:","“你可以永恒占有这部车子吗？”","我答：","“不可能！”","“为什么不可能？”","我答：","“车子是机械的组合，不只会老，也会坏掉，总有一天，因缘到了，车子坏了，修不好，就寿终正寝！”","我说：","“我的人也七十岁了，过年七十一，有一天，我躺下了，死了，我也寿终正寝了！”","“所以，没有永恒？”","我说：","“是的。世间一切，没有永恒。只有因缘聚散而已！”","(此句是觉醒)","","一","","","","","","","",""
"033 谈一谈因缘聚散","https://reader.tbboyeh.org/fullscreen_player.php#/?ebook_id=446&chapter_id=c033","在美国期间：","雷根总统-其竞选总部曾发函，邀请我帮他助选。他选上后，曾邀请我去参加他的就职典礼。","后来：","年老痴呆，逝世。","","布希总统-他住中国钓鱼台的总统馆，我住中国钓鱼台第十的总统馆。","匆匆之间，有一面。","后来：","布希回德州。","","柯林顿总统-我在美国过五十五岁生日时，柯林顿及希拉蕊，特别写了生日卡来给我道贺。","我寄书给他。","每一回均来信道谢！","他与陆文斯基的官司，我特别写了一篇文章去阐述。","","欧巴马总统-我曾寄书给他，他回函致谢。没有什么特别的互动。","......。","这种缘很淡。","也很容易散。","","在因缘聚散之中，在台湾我始终想起三个人:","阿扁总统。","当上了总统的一位台湾人。","结局是进监狱，身心沮丧。","","王永庆先生。","是台湾的第一位财神首富。","结局是：","子女争产。","第一位首富换郭台铭。","","崔苔菁。","美艳动人的秀场女王。","今日迟暮。","秀场女王换蔡依林。","这些人生的种种，因缘生，因缘灭，能不能警惕你什么？","","我与我自己聊天：","“卢胜彦，你写这些干什么？”","“没事！”","“没有为什么要写？”","我答：","“我啊！我舒畅多了！”","“你不觉得应该哭吗？”","我答：","“为什么要哭？”","“你将来也会变成这个样。会老、会病、会死，你没有了，眞佛宗乱成一圑。”","我答：","“别人的事，如此；自己的事也如此；这不是很奇妙吗？”","“奇妙？你说是奇妙？”","我答：","“眞的太奇妙了！”","我","“你不会觉得懊恼吗？”","“不会。”","“你不会觉得伤脑筋吗？”","“将来，你的命运如果更悲惨，你怎么办？”","“不会。”","我答：","“本来就这样，哈哈！”",""
"034 千年野人参","https://reader.tbboyeh.org/fullscreen_player.php#/?ebook_id=446&chapter_id=c034","港莲馨上师，给我带来“长白山千年野人参”，然后，用炖的，熬出了一碗参汤。","她说:","“慢慢喝！”","我将参汤，咕噜咕噜，几秒钟内，全部给喝得一干二净。","","她说:","“不是这样喝的，要慢慢的一口一口尝，但，你已喝完了！”","我说：","“就这样喝完了！”","她说：","“滋味如何？”","我说：","“一点点参香，就是滋味。”","“感觉如何？”","我答：","“没有感觉。”","她说:","“一般人参，只是一时补补气，时间短。而千年野人参是天然的，补气时间很久，绵绵不绝，是非常珍贵的。”","我问：","“是千年吗？”","她：","“......。”","","我想，我们人的寿命也不过是百年，“千年野人参”，可以给我带来千年的补气，我恐怕没有补完，就已经死翘翘了。","","以前的皇帝，一般臣民，都称：“万岁！万岁！”","皇帝的儿子，大家称：“千岁！千岁！”","但，那只是赞誉、歌颂。","短命的很多。","","我喝下了“长白山千年野人参”，在武侠小说中，功力会增加十倍、百倍、千倍。眞是金光闪闪，瑞气千条，武功盖天下了。","","有人在旱灾的时候，请我卢师尊念念经典咒语。","祈求下雨吧！","而我仅是“静坐”。","有人在水灾的时候，请我卢师尊念念经典咒语。","祈求雨停吧！：","我也是安静的坐着。","","人问我：","“为何不念？”","我答：","“佛法可以撼动天地吗？”","“那你用什么撼动天地？”","我答：","“我只是安静的坐着。”","“坐著有什么用？”","我答：","“等候天命啊！若我能止旱、雨停，这旱灾、水灾自然会停止。”","“若无天命，岂不是白白静坐？”","“那也不是。”","我答：","香","“我是觉悟的人，我相信有这个天命。我只是在等待，很安静的，就像是吃了千年野人参，慢慢等效果罢了！”","","","","","","",""
"035 眼见众生苦","https://reader.tbboyeh.org/fullscreen_player.php#/?ebook_id=446&chapter_id=c035","很多人到我的处所来，他们都是病苦的众生，我见他们痛，我心很痛。我见他们苦，我心很苦。我一直在想，为什么这小小的身躯，害得众等哀爸叫母？为什么这个臭皮囊，令众生泪流满面？为什么这个驱壳，让一家人愁云密布？","","一个少女，双脚无力，坐轮椅坐了许多年。","一位壮年企业家，心的瓣脉，出了问题，等候医师宣判他的寿命。","一个肺，常年会积水。","一个卵巢，长了一个比卵巢还大的瘤。","","你可知？","胆结石。","膀胱结石。","肾结石。","他们的痛？","你可知？","中风在脑。","中风在心臓。","你可知？","脸上长了肿瘤。","全身长了乒乓球的肿瘤。","你可知？","皮肤痒、皮肤溃烂、全身“体无完肤”的人？","","天啊！","眼瞎了！耳聋了！口不能言！鼻过敏！牙全掉了！","疼痛，这里痛，那里痛。","心、肝、脾、肺、肾出大问题。","脑部手术。","五臓六腑手术。","大小肠手术。肛门手术。","连一步也不能移动的脚。","全身插管的病患。","口腔内舌头溃烂。","......。","","这些，这些，到我面前，我能够告诉他她：","“人身是因缘假合！”","“物质的肉身是假！”","你要想“不净观”。","他要想“白骨观”。","要厌恶你的肉身，要抛弃它。","痛不想，苦不想，你要想西方极乐胜景这样才对！","","但，这时候，不能讲这些。我这时候，只能尽我的力量。(因为他她毕竟是人)","用我的手光。","用我的心光。","用我的身光。","本尊的光。","护法的光。","","用这些光去加持众等的病，盼望着奇迹出现，神迹出现，无形的力量出现，神圣的力量出现。","我用八万四千法门，去治八万四千种病，先离苦得乐再说。","","我关心病患。","有","关心他她的痛，关心他她的苦，关心这位，关心那位。","我说：","“在这个时候，能显现佛法无边，至重！至重！”","","(无常、无我、空，这时候，用不上。)","","",""
"036 觉醒的人眞好","https://reader.tbboyeh.org/fullscreen_player.php#/?ebook_id=446&chapter_id=c036","一篇文章〈眼见众生苦〉，是属于入世的，而这篇〈觉醒的人眞好〉应该是开悟的。","觉醒的人，应该知道：","每一个人都会生病。","每一个人都会多多少少有意外。","每一个人身体会变化。","每一个人想法会变化。","每一个人命运有时好有时坏。","每一个人都会死。","","生、老、病、死，没有一个人能够逃得掉，唉！人就是这样！","如果，你常常想-","生病了，为什么是我？意外了，为什么偏偏又是我？","为什么不能常保青春？为什么我身体会变老？","我的命运怎么那么背？","为什么我会死？","哀声叹气、怨天怨地、痛哭流涕，这人生是多么的苦！","","但，觉醒的人，不同：","这是自然法则。","每一个人都要经历的。","命运本来就有吉凶祸福，不是顺，就是逆，尚有吉带凶，凶带吉。","人的最终，就是死。","哈哈哈！","","人生本就是一场梦。","人生本就是一出戏。","像梦、像幻、像泡、像影。","一切就随它去吧！","","我与我自己聊天：","“哟！卢师尊，你眞的是如此觉醒的人吗？”","我老实说：","“有时候也没有，也会跟一般人一模一样，像凡夫一般，叹气！”","“那你如何自称是开悟者？”","","我答：","“我遭遇困境，就用自然法则去想一想，想一想，就淡然了！”","“什么是淡然了？”","“随它而去吧！不然要怎么样？”","淡淡的，淡淡的，淡淡的月光。","荷塘啊！荷塘啊！","水慢慢的吟唱！","鱼儿哟！鱼儿哟！","慢慢的游！","我不会把事情看得很重要了！","","我说：","“我以开悟去触任何问题，一切问题全淡化了，消失了。”","“关于哪一些事？”","我答：","眞佛宗的未来，管它的。","卢师尊活佛眞假，管它的。","前","将来名誉如何？管它的。","你的境遇？管它的。","你的死后？管它的。","我只管，下一顿饭，我吃什么？","邪教？管它的。","","",""
"037 去看一场“闹戏”","https://reader.tbboyeh.org/fullscreen_player.php#/?ebook_id=446&chapter_id=c037","〇一四年的圣诞节，那天晚上，我们在“新光三越”聚餐，正好赶上一场电影《博物馆惊魂夜(三)》，就这样顺理成章的看了一场“闹戏”。","","剧情是这样的：","从埃及的法老王陵寝，取来的“刻字版”在月光的照射下，会有魔法。","能够令古物复活。","于是，从纽约“自然科学博物馆”，演到“大英博物馆”。","在“刻字版”的魔力之下，博物馆的动物及人物都活了过来。","","当然：","戏是假的。","人物是穿凿附会的。","古代已过去。","现在正上演。","一部“闹戏”终于看完了。","看完了，哈哈哈大笑。","","我说：","时间是假。","空间是假。","过程是假。","人物是假。","动物是假。","","乱编乱凑，看来有一点眞，其实全是假，唯一的，对话全是“搞笑”。","所有的观众，哈哈一笑，就“剧终”了！","","由这一部“闹戏”想到现实世间的人世，你会有什么感触呢？","这时间也是一时罢了！","这空间也是一时罢了！","这人物也是一时罢了！","这发生的曲折变化也是一时罢了！","一切房屋车子也是一时罢了！","","我在演一场“眞佛宗”的戏，这戏剧也是一时罢了！","谁知它什么时候会结束呢？","这戏也有魔法！","有很多人在剧情中担任必要的角色，我是第一名的男主角。","","我自己与自己聊天：","“你这名男主角是永远的吗？”","答：","“不会。”","“为什么不会？”","答：","“很快就死了！”","“眞佛宗会永远在世间吗？”","答：","“谁知道？我说，也不一定很快就寿终正寝了！”","“你会担心吗？”","我答：","“不会！”","“为什么不会担心？”","二","我答：","“有开始就有结束。连太阳、月亮、地球，也是有寿命的，有一天，什么","都结束了。”","我答：","“你会遗憾吗？”","“开什么玩笑！你不知道无得无失吗？哈哈哈！”","",""
"038 身体非“我有”的见解","https://reader.tbboyeh.org/fullscreen_player.php#/?ebook_id=446&chapter_id=c038","一次，皮肤有小恙。","我问廖医师：","“我的皮肤会好吗？”","廖医师答：","“会。”","我又问：","“会再来吗？”","廖医师答：","“会。”","我说：","“怎么会这样？好了又再来？”","廖医师反问我：","“你会感冒吗？”","我答：","“会。”","廖医师又问：","“会再感冒吗？”","我答：","“会。”","廖医师说：","“就是这样。不然我们医师吃什么？”","","这时，我想起一首出名的偈：","身体非我有。","因为不自主。","身体各部位。","坏了无由治。","一切均假合。","分散何我有。","","廖医师最后对我说：","“只有死了之后，一切的病，才眞正全部好了！”","","有的人，手抬不起来，那抬不起来的手，已经不是我的手了。","有的人，脚已无法走，那不能动的脚，已经不是我的脚了。","五臓六腑，器官坏了，已都不是我的了。","一一分解。","才知一切因缘假合，身体非“我有”。","","我自己与自己聊天：","“有很多弟子令你非常快乐是吗？”","我答：","“是的。”","“也有很多弟子叛离，令你恼怒不悦是吗？”","我答：","“是的。”","“这些事情有可能完全不发生吗？”","我答：","“不可能。”(一个人不能让所有的人满意)","“既然不可能不会发生，就把它当成自然，也不用太快乐，也不用恼怒，是吧！”","我说：","“是的。”","有","“你知道快乐与恼怒来自于何？”","我答：","“心。”","我答：","“心又在哪里呢？”","“不知道。”","“既然心不在于身体的哪一部位，没有人找得到，身心均非你所有，是吗？”","我从此，悟了！"
"039 送我牡丹花的女人","https://reader.tbboyeh.org/fullscreen_player.php#/?ebook_id=446&chapter_id=c039","中国大陆的女弟子，送我一束牡丹花，那束牡丹花姹紫嫣红，绽开的非常美丽。","我一接了花，随即供养“本尊”。","","抬头看一下女弟子。","这女弟子长得；","黑色的长发。","圆圆的脸，皮肤白晳。","头微微的倾着。","眼睛大大的，嫣然带笑。","双颊腮红。","红唇。","哇！好美！","","我问：","“妳从哪里来？”","她答：","“西安。”","我说：","“西安我去过，妳人美花也美。”","她说:","“谢谢！”","","我突然想起了“白居易”的诗，诗名是〈西明寺牡丹花时忆元九〉：","前年题名处。","今日看花来。","一作芸香吏。","三见牡丹开。","岂独花堪惜。","方知老暗催。","何况寻花伴。","东都去未回。","讵知红芳侧。","春尽思悠哉。","","这首诗，这从“西安”来的美女，这束“牡丹花”，令我想起很多......。","我今七旬老翁。","花开花落。","日子过得美，日子过得甜，日子过得舒，一下子！美人迟暮。","昔日亲友零落。","昔日同学零落。","昔日知己零落。","","我问：","“妳叫什么名字啊？”","她答：","“我叫小诗！”","我说：","“哇！小诗，我才想起一首小诗呢！”","她问：","“哪一首？”","我说：","“不谈也罢！”","有","","过了不久，“小诗”就在人群中，倏然不见。我的眼睛如何搜寻她，她都没有出现过，因为我的弟子太多了，一个人一走入人群，就好像消失了一般。","隔了几天。","我呆住了！","有一名女子，很像“小诗”，我问是“小诗”吗？她答：我是成都来的，我叫“小月”。","突然有一悟：","“好像有来，好像有去。”",""
"040 听“周蕙”唱歌","https://reader.tbboyeh.org/fullscreen_player.php#/?ebook_id=446&chapter_id=c040","〇一四年十二月二十八日午时，我参加“常仁上师”举办的十方同修会，华光功德会的聚餐。","在餐宴中一","听取了“点滴是生命”的慈善报导。","兴建了“三一六一”个水窖，供当地用水。","建造了“四个”塘坝。","(中国西北部，甘肃、青海)","","云南赈灾：","建五座太阳能发电。","资助二十六个儿童心臓手术。","派发物资。","等等。","我看了心中很感动。","","在餐宴中，他们邀请了名歌星“周蕙”小姐来唱歌。","“周蕙”的歌，相当有名气，有很多人都喜欢她的歌。","她一共唱了四条歌，支支动人。","","据说：","周蕙刚出道，大家说她是“恐龙妹”。","后来：","周蕙努力改变形象，现在已经变成“苗条淑女”，脸也很清秀。","我沉醉在她的歌声中。","","我自己问自己：","“你的所见、所触、所闻、所嗅、所尝，你看透是什么？”","我答：","“泡沫。”","“每一种？”","“各种不同的泡沫！”","“你是用冷漠的眼光或淡淡的听觉？”","我答：","“对于每一件初相逢的事物，我也会深深的受到感动，去品尝每一种滋味的不同。”","我又说：","“但仅此而已。我会想，毕竟这些全是一种泡沫，迟早会消失掉。”","“你是又感动，又淡然，这不是矛盾吗？”","我答：","“这不矛盾。”","“怎么不是矛盾？”","我答：","“我听周蕙的歌，一时感动，就写下了这篇文章，但，就只这样而已。她和我照了一张相，照后，也没有了，我和尚不保留照片，就是只照相，后来就是泡沫了！”","“你看透了？”","我答：","“人生就是这样，也许她根本就不知道眞佛宗，也不知道哪里的和尚？”","“那是什么？”","我答：","“有趣！”","“复杂？”","我答：","“不是复杂，只是有趣，和尚听歌，就只是有趣而已！”","“有领悟吗？”","我答：","二","“有一个女人，唱歌！”","","","","","","",""
"041 活在“错觉”之中","https://reader.tbboyeh.org/fullscreen_player.php#/?ebook_id=446&chapter_id=c041","洲航空公司，自从成立以来，飞行一直很平安顺利，因此，公司在宣传册子上印着：","“永不坠机的亚航”。","","二〇一四年底，亚航一架空中巴士A三二〇-二〇〇客机，编号QZ八五0一班机，清晨五时， 搭载一六二人离开东爪哇泗水机场，原定上午八时三十分，抵达新加坡。","但，在爪哇海域失联。","在二〇一四年十二月三十日，有关单位宣布：","“已坠入海中！”","这是一件悲惨的飞安意外。","","事实上，二〇一四年，是飞安意外死亡人数最多的一年：","坠的飞机最多！","死亡人数创新纪录！","","我写前一段的文字是说，亚航一直很平安顺利的飞行着，但，就渐渐的产生了一种“错觉”，认为亚航是：","“永不坠机的亚航！”","","按照佛陀的教示是：","“诸行无常”。","在人间，一切物质现象，都是在“无常变化”之中，无法由人去掌控。","","也就是：","每一样东西都会坏。","每一样东西都会变化。","一切的一切均在变化之中。","没有永远。","没有永恒。","","像机械的东西，会故障，会老旧，会坏掉，会失效，会错误。","怎可以自称：","“永不坠机！”","","我与我自己聊天：","“卢师尊，你已七十岁，过年七十一岁，你身体有病吗？”","我答：","“谁敢说自己永远健康，我会感冒，也有皮肤小恙，有时候肠胃不适，有时身子也会小酸麻，但，大致上还可以。”","“卢师尊！你有大病吗？”","我答：","“我每半年，健康检查一次，每次检查，到目前，尚无大碍。但，不敢保证年年都如此健康，甚至不敢保证，我能活多久。”","“你会活多久？”","我答：","“不敢说！”","“你可以活到九十九吗？”","我答：","“过去的已过去，未来的不去想，现在也很快的变过去，我当下平安就好！”","“你计划将来吗？”","我答：","“我只计划今天。活一天，快乐一天；活一天，感恩一天；活一天，修行一天。”","“如果你明天病了，或死了？”","我答：","“我不管明天的事！”","“你会恐惧吗？”","我答：","亚","“一切无所谓，不去想！”","","","","","","",""
"042 如果坐在失事班机上","https://reader.tbboyeh.org/fullscreen_player.php#/?ebook_id=446&chapter_id=c042","计今年(二〇一四)的失事班机：","马航二班。","亚航一班。","复兴一班。","非洲一班。","小飞机不计......。","","曾经有一弟子，姓冯，有一次乘坐飞机，飞机飞行在二、三万英尺的高空。","突然，停电。","机内一片黑暗。","引擎的声音完全停止。","飞机从高空往下掉，速度甚快。但听见机内乘客一片惨叫哀嚎。","","冯弟子心想：","“这次完了！”","“要死了一切结束了!”","恐惧到了极点，怖畏到了极点，害怕到了极点，惊吓到了极点。","飞机抖动极点。","乘客抖动极点。","又突然，来电了，引擎声音又动了，机内灯火大明，飞机慢慢爬升。","天啊！正常了！","","冯弟子经历了这一次大变之后，再也不敢坐飞机，再远，也开车，不敢出国。","冯弟子说：","“我患上了登机恐惧症!”","他问我：","“怎么办？”","我答：","“每星期，坐一次飞机，或常常坐飞机，这是唯一的方法了！如此，才能把登机恐惧症，矫正成，登机信任症。”","","我问我自己：","“你害怕坐飞机吗？”","我答：","“不怕！”","“你为什么不怕？”","我答：","“我每次坐飞机，坐定后，先观想本尊住顶，持本尊咒，直到感应本尊驾临。于是我安心的坐飞机。”","“气流震动很厉害，怎么办？”","我答：","“持本尊咒！”","“如果你坐上失事班机，怎办？你不害怕吗？”","我答：","“无有恐惧！”","“眞的？”","“眞的。”我肯定的说。","“为什么不恐惧害怕？”","我答：","“我把我的神我，已交本尊，一失事，本尊把我带上净土，一点也不惧。”","“你的生命结束，一切化为乌有？”","我答：","“人生本来就是如此，早来与晚来的差别而已！”","“你眞的不怕死亡班机？”","统","我答：","“哈哈！一下子死亡，比拖着死亡，爽快多了！”","","","","","",""
"043 价码","https://reader.tbboyeh.org/fullscreen_player.php#/?ebook_id=446&chapter_id=c043","一位密教的大法王，到了台湾，这位法王当然是一级H.H的大法王，他要来台湾草屯雷藏寺拜访我本人。","我听了，非常欢迎。","","我一定会用最高的礼仪招待他。(最高规格)","一、订制高大宽阔的法座。","二、最好的休息室。","三、大法会中，坐上最高的法座。","四、铺红地毡。","五、弟子献供养及哈达。我自己也会献上供养。","六、招待高级宴会。","七、等等。","","然而，他们的中心，要求：","一、法王及随员的头等舱费用，我们负责。","二、法王及随员的住宿，我们负责。","三、在台期间费用，我们负责。","四、先给供养，五〇万至数百万不等。","","我听了，他们的需求，全是：","钱。","钱。","钱。","","协商的结果是：","“法王不来了！”","我听了，法王不来，我轻松多了!","原本我以为，我的供养再加弟子们的供养，这些钱的数目也一定很高。","是可以的。","但，他们一定要先给“价码”，其他再议。","","我这个人，不是一个“金钱为上”的人，一生没有“价码”，一切都是“随意”的，每一个法王来，都要先谈“价码”。","我实在很不习惯！","","我这一生，致力于“修行”及“弘法”，任何法会及法事，只有供养：","“随意！”","从不勉强他人，一定要有一个价码，有钱的人，没有钱的人，一律平等。","供养多。","供养少。","“随意！”，","一百元台币也好，十元硬币也好。","","我与我自己聊天：","“你为什么不计较钱？钱在这世界上是第一好的东西，你为何不计？”","我答：","“我知足，我没有欲望。”","“你可以有至高的享受啊！”","我答：","“我在美国，只买汽油，因车子要加油。我在台湾，只买水，因台湾的水，不能喝。除了这二项的花费，其他没有了。”","“你养老也需要钱？”","我答：","“弟子的供养，很够了!”","“你不建属于自己富丽堂皇的寺吗？”","有","我答：","“什么才叫属于自己？”","“属于自己名下？”","“这世界上，有属于自己的东西吗？”","我答：","","",""
"044 佛陀也有怨敌","https://reader.tbboyeh.org/fullscreen_player.php#/?ebook_id=446&chapter_id=c044","迦牟尼佛是一位伟大的智者(大觉大悟)，也是一位圣者，清净生活的行者。","但，遭逢了许多怨敌-","","例如：","六师外道-六个宗教领袖及团体，攻击佛陀的教团。","孙陀利-一位女人，向外宣称，与佛陀及五百罗汉有染。","战遮-一位少女，宣称，与佛陀有小孩，怀着身孕(假孕谤佛)。","提婆达多-佛陀的弟子，也是八大王子出家之一，是佛陀的亲属，后来叛变，带走很多佛陀的弟子，另外组织僧团。","反对的弟子-佛陀圆寂后，有一批反对祂的弟子，声称佛陀死了，黄面老子死了，从此我们就自由了。","外界-很多其他的因素，令佛陀在外，恶名流布。","一个神圣般的佛陀。","但外界对祂的批评，实在不少。","","由此得知:","在这世界上，就算你如何的正派，你如何圣洁的生活，你是一位君子，你谨愼言行，你不得罪任何一个人。","","但，一样有人会怀疑、毁谤、攻击、批评。","这些人中，有相识的。","也有完全不相识的。","很多人，你根本就不认识他。","他也不认识你。","但，人是很“八卦”的。","他们照样的批评你。","","我们看到佛陀的应对：","“不理会。”","“不反对。”","“默摈。”","","我自己与自己聊天：","“卢师尊，你如何呢？”","我答：","“我学佛陀。”","“你会不会稍稍生气呢？”","我答：","“无妨！”，","“你如何化解你心中的气？”","我答：","“很简单，就算你做的再好，不去得罪人，凡事随顺，你还是会有人找上你，向你挑战。人人都一样，这样一想，气就没了，圣者如佛，也是一样。”","“你修为不错，何以仍然炮火猛烈？”","我答：","“德高，魔大。”","“你会反击他们吗？”","我答：","“由金刚神、护法神去做！”","“对这么无奈的事，委屈的事，无理的事，行者如何应对？”","我答：","“感恩了!太抬举我了!人世间，好好玩!”","","","","","释","","","","","","","",""
"045 弟子之问","https://reader.tbboyeh.org/fullscreen_player.php#/?ebook_id=446&chapter_id=c045","一位弟子问：“如果没有我的存在，师尊常说『无我』。为什么我人会","有痛苦？我人会有烦恼？”","","我的回答是：","开悟者说无我。","没有开悟者说有我。","开悟说:痛苦不眞实，烦恼不眞实。","没开悟者说:都很眞实啊！","","我实实在在告诉大家：","世俗谛：","痛苦。","烦恼。","胜义谛：","无生。","空。","前者：幻生幻受。","后者：无生空幻。","","所以有一偈：","胜义谛中虽无我，迷乱众生却说有。","痛苦虽不真实存，迷乱众生却说有。","是故应依二真谛，胜义谛与世俗谛。","","我常常如此比喻：","一百年后-","痛苦还在否？","烦恼还在否？","夫妻还在否？","子女还在否？","爱恨情仇还在否？","","唐、虞、夏、商、周、秦、汉、三国、魏、晋、南北朝、隋、唐、宋、元、明、清，到了今天，都已不眞实存在了。","剩下的是：","......。","一百年后，剩下的也是：","......。","","且问：","计较些什么？","《金刚经》里告诉我们：","无我相。","无人相。","无众生相。","无寿者相。","这就是现象的原本就是空，它们的本质都是空的。","只是因缘聚合。","原本一无所有。","","所以：","卢胜彦是空。","二百四十六册书是空。","有","说法四十年是空。","眞佛宗是空。","雷藏寺是空。","","五百万弟子是空。","所以我自己问自己：","“卢师尊！你对未来有何计划？”","我答："
"046 回台湾之后的感觉","https://reader.tbboyeh.org/fullscreen_player.php#/?ebook_id=446&chapter_id=c046","住西雅图的生活，很宁静。","回台湾不同：","杂沓。","喧嚣。","混沌。","人们的交谈声，车声，曲乐歌唱，霓虹灯，人潮，食物的味道......。","空气的品质。","交通的紊乱。","排水道的臭味。","","置身于台湾，心也好像飘浮起来，波荡不止，念头也好像比较多......。","我当然知道，触目所及的一切，好像组合各个不同。","","但，其本质是一样的。","邀请我的特别多-","宜兰禅光雷藏寺。","新竹福佑雷藏寺。","台中香华雷藏寺。","桃园黄帝雷藏寺。","彰化卦山雷藏寺。","等等等等......台湾大小分堂。","台湾各同修会。","法会。","开光。","说法。","参访。","","当中还包括东南亚诸国。比较固定的是，台湾雷藏寺的春季大法会，台北中正纪念堂的大幻化网金刚大法会，桃园黄帝雷藏寺的虎头金刚大法会。","","那些之外，还有大灯文化的专访。","无数的邀约，把我自己的肉体层层包围住，所见、所触、所嗅、所闻全是：","邀约！","邀约！","邀约！","","我看见这些，早已看透，全是泡沫之一，但泡沫之多，也令我喘不过气来。","已七十一岁的老人。","时间不够。","我总是回答：","“一切因缘具足，我就会去！”","","我自己与自己的心中对话：","“邀请很复杂吗？果眞是很复杂吗？”","我答：","“不，一点也不复杂。”","“你说因缘具足，你就去，是打诓语？”","我答：","“不是诓语！”","“这么多的邀请，你是应付不完的？”","我答：","“我是云，云飘到哪里，就是哪里！”","“总是有邀请不到的吧！”","我","我答：","“这个当然，但，还是等因缘具足吧！”","“会不会遗憾呢？”","“是当然。但，诸弟子要谅解，就算是佛陀，也有三不能！”","我答：","","",""
"047 开悟的几句话","https://reader.tbboyeh.org/fullscreen_player.php#/?ebook_id=446&chapter_id=c047","〇一五年元月四日，在“太和屋”的一间礼堂，由“大灯文化”主办的专访节目。","主持访问者是周明璟小姐。","我是被访问的对象。","周问：","“什么是开悟？”","我答：","“开悟很简单，就是觉醒者。”","周问：","“什么是没有开悟？”","我答：","“人在迷梦中，就是没有开悟。”","","我简单的把“开悟小语”写了下来，记录在这篇“短文”之中：","悟是眞相。","迷是错觉。","悟是不执。","迷即是执。","悟是醒。","迷是睡。","悟是什么都不沾。","迷是被沾。","悟是觉者。","迷是幻觉。","悟是绝对。","迷是走在十字路口。","悟是空。","迷是有。","悟是佛。","迷是众生。","......。","我如果继续写下去，永远写不完，因为无论如何比喻，悟的永悟，迷的永迷，如果统归一句话，如何说？","","我说：","寂灭。","因缘。","","我如此解释：","月球-一切寂灭。","地球-因缘生灭。","前者实相。","后者幻相。","实相就是幻相，幻相就是实相，色即是空，空即是色，色不异空，空不异色。","","我因为悟，所以没有顚倒妄想，无罜无碍。","众生因为迷，所以烦恼、痛苦、执着。","所谓度众生？","就是叫众生醒过来而已！","","我自己与自己聊天：","“你每天那么忙，做什么？”","我答：","“度众生啊！”","二","“结果会如何呢？”","我答：","“众生会很困惑。”","我答：","“那不是白忙一场吗？”","“所以很有趣，说不定会笑出来？”","“为什么会笑出来？”","我答："
"048 我是如何的生活着","https://reader.tbboyeh.org/fullscreen_player.php#/?ebook_id=446&chapter_id=c048","现在的生活是如何呢？","其实我一样在微妙的意味之中。(人性)","我的吃，希望营养均衡，精致美味。","我的衣，希望舒适好看，光鲜整齐。","我的住，希望安定愉快，足够休憩。","我的行，希望平安准时，工作顺畅。","财-够用。","色-动人。","名-实有。","","七十一岁，能有一个健康的身体，快乐的一颗心，每天写作快乐，修法也快乐，一切都在美满幸福之中。","","我当然会遇到不悦意的状况：","厌恶的气味，口臭的人。","不喜欢我的，摆臭脸的人。","衣着臭秽的人。","坏掉的食物。","不相干的人的攻讦。","缠人又无意义的话。","......。","","虽然如此，在我的内心之中，我了悟一切皆是因缘，不管是我喜爱的，或是厌恶的，我知道一切都是因缘生，因了悟了，所以也不执着，因为因缘生，也一样因缘灭，不管快乐的，或是痛苦的，全是空性。(佛性)","","我其实已经渐渐的走向平等性，因为一切的境遇，其实都在梦中，没有眞实性，了解了这一点，也就是醒了过来，也不会有太大的痛苦及烦恼。","","我已认出：","人生是一场梦。","人生是一出戏。","人生是幻觉着。","所以，就不用执着。","所以，就一切放下。","所以，就一切随顺。","平等。","大圆。","眞如。","由于我的开悟，我的内心，是一味行，保持着随缘随顺随性，渐渐达到苦也是乐，乐也是苦，苦乐平等。最后，痛苦不见了，凡事乐观。","","我自己与自己聊天：","“为什么是都可以？”","我答：","“因为是空，所以都可以！”","“会不会因此，对错不分？”","我答：","“对错是一时现象，各有各的角度，等一切都过去了，对错全消失了!”","“破败不堪怎办？”","我答：","“人间就是这样！”","“如何忍受？”","我答：","“我们不一定能改变这些，但，破败不堪也一样会寂灭！”","“包括好的，也会寂灭？”","我答：","我","“实在的说，无得也无失啊！”","","","","","","",""
"049 仍然在扮家家酒","https://reader.tbboyeh.org/fullscreen_player.php#/?ebook_id=446&chapter_id=c049","醒觉之后，有一体悟：","“我人仍然在扮家家酒！”","小时候读书是为了将来的......。","青年时，追逐妻子，为了色、为了爱、为了贪、为了欲。","中年时，为了儿女，为了人我，为了事业。","","综合起来：","为富贵。","为名利。","为权位。","为己见。","","这“人我”，代表了千万亿以至恒河沙数的所有众生。","都是这样子的生活着，都是这样的过日子，都是这样子的从出生到老死，很少有例外的人，可以跳出这个框框。","所以：","“我人仍然在扮家家酒。”","","在这当中，也有人是例外的，但毕竟是少数，他们少数人想：","学佛。","学仙。","学圣人。","但，想是想，学是学，眞正能成佛的、成仙的、成圣人的。","如雪泥鸿爪。","大地土是众生。","鸿爪土是成就者。","","我醒觉之后，想教人醒觉也不容易。我是一面扮家家酒，一面知道这家家酒，全是空的，全是无的，全是假的。","一般人都以为是眞的。","一般人都放不下。","一般人以为，富贵、名利、权位、执着、妻儿、欲望、爱情、情感、美色、朋友等等等等都是眞实的，放不下的。","贪念。","瞋念。","痴念。","构成了“人间”。","而我，我终于明白了，原来这些全是在扮家家酒。","","小孩，我们扮家家酒。","大人，我们也扮家家酒。","老人，我们也扮家家酒。","红事，办喜酒。","白事，办丧酒。","死了，也办后事酒。","眞是“至死不悟”！来世再来扮家家酒也。","我问我自己：","“你这一生弘法度众，是扮家家酒吗？”","我答：","“是的。”","“写书是扮家家酒吗？”","我答：","“是的。”","“修法是扮家家酒吗？”","我答：","我","“是的。但，我确知是扮家家酒。别人却不知道矣！”","","","","","","",""
"050 附录一：善恶现世报，见证莲花童子师尊眞实救渡！","https://reader.tbboyeh.org/fullscreen_player.php#/?ebook_id=446&chapter_id=c050","人做好，守本分，把事情做好就是善。","","笔者，过去做了一些善事，急难救助，帮助弱势族群，印送善书，布施供养，做公益做义工，目前是中部地区慈善团体联合会的创会理事长。","","由于做了一些善事，结果莲生活佛的法身　莲花童子在梦境接近天亮，清楚的看到摩顶加持“发发发”三个光明的字，让我这几年投资土地有发利市，没有生活上金钱的烦恼，还可以再做大布施大供养，无后顾之忧的修行。","","由此可见，这是莲生活佛赐福的财富，够我用一生。","","我始终认为要做“好人”很简单，你看别人做的事情，良心上过不去，自己不要那样做，那就是好人。","","两年前，眞心忏悔，开始修忏悔法，断恶修善以后，开始断断续续一直生病，直到四月重病住院，医师内视镜检查结果，告诉我:必须割除一颗肾脏！","","然而，两天后，我梦见莲花童子现身，出现此瑞相几天后，医学报告出来，医生又改口，暂时保留肾臓不割除，住院医生原本告诉我百分之九十九要割除，主治医师专业做了二十几年，自己也疑惑为何变成不割除肾脏，我知道这是莲花童子暗中相助，在此感恩。","","而自己昔日重病期间身上插着三支管，如同地狱的景象，手臂一只管，肾脏一只管，尿道一只管，由于我是犯邪淫罪，尿道被插管无数次，尿道的孔小小的，管子很粗，插进尿道，让人很痛很痛，椎心之痛，剧烈的疼痛，痛不欲生，眞的很恐怖，重病比死亡还要痛苦。","","所以奉劝诸位不要去玩弄女人、玩别人的老婆、乱搞男女关系、包二奶、外遇、红杏出墙，这些迟早会有报应，就像我的下场尿道被插管一样凄惨。","","九月分我写疏文，禀告天地，若是再犯邪淫罪，我愿受最严厉的处罚，转世当畜牲，并将疏文装框裱褙，随时警惕自己不要犯错，并且劝人不犯邪淫罪，连上台致词，台下几百人，也讲自己善和恶的现世报，劝人不要犯邪淫罪，并且印送《当下的清凉心》、《当下的明灯》，共两千本。","","第四次进入开刀房之后，医生告之：输尿管密密麻麻很多癌细胞，心中只觉得冷冷的。","","三天后，我梦见莲生活佛的法身莲花童子放大白光加持，梦境中眼睛无法张开看强烈的白光，清楚又模糊的再看一串黑色的物体，白光的照射下，由污秽转成干净，当时不以为意，认为是一个梦，忘了这件事。","","几天后，切片检查出来，医生直说奇迹啊！奇迹。啧啧称奇，你的癌细胞消失了，连主治医师也产生疑惑，有经过高科技的切片检査癌细胞竟然会消失，连我也很惊讶，因为，前一星期才说密密麻麻很多癌细胞，如今凭空消失，这时才忆起，前几天做一个奇怪的梦境，得到大白光的加持，莲花童子放大白光让癌细胞消失，眞的不可思议，难思难解。","","莲生活佛是当代实修的大成就者，报身莲花童子，大家应该皈依他，我可以做见证，你会得到很多感应，就像我一样，经常梦见莲花童子，只要莲花童子梦境中暗示出家，必定会出家。","","我的心中经常念着一句话：“看破红尘事，顿悟人生本来就无事。”祈祷，莲花童子给弟子一个机会。赎罪的机会，把心赎出来，把良心翻过来，贡献眞佛宗，变成眞正出家的好弟子，严格的守五戒行十善。","","我的一生福报是莲花童子赐福的，挪出一部分的“福”给眞佛宗的寺或堂，包括病危时也是莲花童子救助的，所以现在正在盖莲花童子庙和尊胜咒塔，做为纪念师佛的救助，希望莲花童子庙，供万万人膜拜，届时，宗委会批准后，给师佛题名：莲花童子庙或殿。","","我认为，知道多少，才能管多远，师佛知道很多，才能管到全世界，全世界都有他的弟子，可惜，一般人的通病是：听师佛的“道”，听多了没把“道”当作一回事，才会做错事，忘了做人的道理，胡涂犯错，被欲望迷惑心性，习性耽深，遮蔽脑海不清明，没把师佛的义理道理放心上，滋润内心，才会胡涂做错，我是咎由自取，自作自受，一点都不敢怨人，勇敢认错惩罚后，洗心革面，重新做人，如今觉醒了，写此见证感谢恩师，并且引以为鉴。","","蔡记松于103.12.11","","","","","","","","","","","","","","","","","","把","","","","","","","",""
"051 附录二: 阅读心得莲花忠正","https://reader.tbboyeh.org/fullscreen_player.php#/?ebook_id=446&chapter_id=c051","泉斩猫，千古吸睛","当时师尊，“尊重”其说法。","师尊把这个公案列在第三册《天下第一精彩》。弟子读了又读，参了又参。从原不认同王老师，甚至怀疑其当时如何抓住猫，如何斩，难道猫不会反抗？到现在的，对这个伟大的公案产生莫大的兴趣，从而对王老师的“杰作”感佩不已。这个公案一千多年来褒贬参半，然不损长青，至今读之，仍然能感受其震撼。弟子爰将整个公案简整，并陈述阅读心得，祈蒙赐予点拨：","五、师尊评述：","一、《传灯录》原文","师(南泉普愿)因东西两堂各争猫儿，师遇之，白众曰：“道得即救取猫儿，道不得即斩却也。”众无对，师便斩之。赵州自外归，师举前语示之，赵州乃脱履安头上而出。","师曰：“汝适来若在，即救得猫儿也。”","(C)赵州顶履而出，是说，在第一义，烦恼及菩提，根本不需对治，讽斩猫“颠倒”。","二、粗分几章节","(1)为何东西堂争猫？(2)王老师如何临场表演？(3)何谓道得即救取猫儿，道不得即斩却也？(4)众无对，师便斩之？(5)赵州自外归，师举前语示之？(6)赵州乃脱履安头上而出？(7)师曰：“汝适来若在，即救得猫儿也”？","当时，“我蹲下身子，学猫爬。口叫：『佛！佛！佛!我!我!我！』然后，爬了出去。”“南泉一看。也就不敢斩猫儿了!”“为什么？......因为他必然明白我是一位见佛性的尊者也。”师尊又赞：“精彩！天下第一精彩!”","三、古今答案整理如次","(1)为何争猫？","(A)衲子不应养猫。","(B)养猫为某种需要(暗示抓老鼠)。","六、弟子综合观察报告：","(2)王老师如何到现场？","(A)侍者通报。","(B)刚好路过。","(C)闻声赶来。","(1)为何东西堂争猫？","(3)何谓道得？道不得？","(A)讲个可以养猫道理听听。","(B)举出说服我的道理。","(C)就此案参第一义。","(A)根据猫的个性，猫以“给食”为主人。当时物资缺乏，强调清淡生活，故“专业包养”可能性不高。应该是，猫儿看哪边有剩食就往哪边吃，类似“劈腿”，久而久之，东西堂都认为，猫是他们的一员。","(4)众无对，师便斩猫？","(A)正令必行。","(B)王老师犯杀生戒。","(C)只比个手势，实际上没斩。","(B)积怨已久，借题发挥。禅僧不应只为猫而吵架，况在王老师这种大师眼皮底下。应该是说，东堂有山头主义，认为西堂这些暂时挂单的禅客不尊重他们。西堂却觉得，没有“宾至如归”的感觉。(网路讥讽目前各大门派竞相吸金，就是养猫)","(5)师举前语示赵州？","(A)王老师陷入困境思维。","(B)王老师趁机检验赵州。","(C)王老师要圆此公案。","(2)王老师如何临场表演？","(6)赵州脱履安头而出？","(A)赵州认为本末倒置。","(B)赵州认为是“枝梢末节”。","有人认为王老师刚好路过，有的则是说，闹大了，维那、侍者等跑去报告方丈。弟子认为，后者可能性较大。","(7)王老师肯定赵州？","(A)赵州点出王老师的过失。","(B)赵州喑示不要停留于过去。","(C)赵州暗讽此案荒谬。","(3)道得即救取猫儿，道不得即斩却也？","四、古今大禅师的评述：","(1)“雪峰问德山斩猫案大意，德山以柱杖便打趁出，复召之。会么？”(《指月录》)","(2)“眞净问，归宗举拂子与斩蛇是同是别？斩猫斩蛇，丛林商量，孰优劣？”(《指月录》)","(3)汾阳昭、广德光、白云端、成枯木、楚安方、胡安国、简堂机都作短颂。","(4)雪窦颂云：“两堂具是杜禅和，拨动烟尘不奈何。赖得南泉能举令，一刀两断任偏颇。”","(5)《碧岩录》及圜悟克勤和尚的评唱。","(6)天童颂：“此道未丧，知音可嘉。凿山透海兮唯尊大为，炼石补天兮独贤女娲。”","南","(7)万松评唱：“南泉如大禹凿山透海，显出神用。赵州如女娲炼石补天，圆却话头。”","(8)慧开禅师颂：“赵州若在，倒行此令。夺却刀子，南泉乞命！”(《无门关》)","有人讨论何谓“道得”？道得是否可能也会斩猫？有的(包括当今佛门“大师”)，认为当时并无实际斩猫，南泉看没人“道得”，失望的把手刀往猫儿抹一下放了。","(A)“道得”，当然是下个符合第一义转语，就皆大欢喜。禅者聚在一起，忘却世间一切，就为了参“第一义”，若这只猫能逼出个有见地之禅僧，即符合王老师度人意旨。换言之，道得的话，南泉高兴都来不及，怎还要下杀手锏？","(9)白隐慧鹤(日本“听只手掌声”著名禅师，不认同雪窦)白隐慧鹤(1686-1769)对雪窦提出“一刀两断”的论点提出了不同评唱。他说：“雪窦评『南泉斩猫』说『一刀两断任偏颇』，我先不问『一刀两断』时猫怎么样？我只想说『一刀一断』时的猫是什么样的情形？”“一刀两断”是“杀人刀”(否定)，“一刀一断”是“活人剑”(肯定)。“一刀两断”是将猫眞的杀死，“一刀一断”是假杀。“一刀一断”时猫的情形怎样呢？肯定是“不杀”。白隐不认同南泉，执着“一刀两断”？他认同赵州，顶履而走，不管猫不猫，杀不杀。这才是“禅者的超脱”。","(10)铃木大拙(日本，民初，曾批判胡适不懂禅，却以历史思维考据禅宗史)铃木大拙说:“可怜的猫为什么惨遭不幸呢？斩猫不是无宗教、无慈悲的行为吗？四大皆空的僧侣争一只猫干什么？赵州把鞋顶在头上不是发傻吗？此外，绝对否定与绝对肯定眞是相互对立的吗？不，赵州和尚的行为都是十分认眞、十分严肃的，只是不了解其中的奥妙，才会有上述疑问。禅不是一种教化，禅要把一切羁绊彻底抛却。”","(B)大禅师提撕正令岂能儿戏？认为当时没眞正斩猫者，正可反应这些人(包括当今大师们)对“禅者”的认定轻松随便，是“自贬贬人”。","(11)重读五灯会元系列《天下第一精彩》，学僧的见解："