"chaptername","chaptername href","chapterbody","chapterbody 2","chapterbody 3","chapterbody 4","chapterbody 5","chapterbody 6","chapterbody 7","chapterbody 8","chapterbody 9","chapterbody 10","chapterbody 11","chapterbody 12","chapterbody 13","chapterbody 14","chapterbody 15","chapterbody 16","chapterbody 17","chapterbody 18","chapterbody 19","chapterbody 20","chapterbody 21","chapterbody 22","chapterbody 23","chapterbody 24","chapterbody 25","chapterbody 26","chapterbody 27","chapterbody 28","chapterbody 29","chapterbody 30","chapterbody 31","chapterbody 32","chapterbody 33","chapterbody 34","chapterbody 35","chapterbody 36","chapterbody 37","chapterbody 38","chapterbody 39","chapterbody 40","chapterbody 41","chapterbody 42","chapterbody 43","chapterbody 44","chapterbody 45","chapterbody 46","chapterbody 47","chapterbody 48","chapterbody 49","chapterbody 50","firstcharacter","chapterbody 51","chapterbody 52","chapterbody 53","chapterbody 54","chapterbody 55","chapterbody 56","chapterbody 57","chapterbody 58","chapterbody 59","chapterbody 60","chapterbody 61"
"目录","https://reader.tbboyeh.org/fullscreen_player.php#/?ebook_id=503&chapter_id=c999","序 写在书前的几句话","001 我的闭关生涯","002 你认识轮回吗？","003 磨砖成镜的公案","004 入三摩地的前行","005 三摩地的内涵","006 时轮金刚的禅定","007 七支坐的解析","008 我所经验的“法流”","009 关于掉举、散乱、昏沉","010 静坐产生的触觉之一","011 静坐产生的触觉之二","012 静坐产生的触觉之三","013 静坐的关键口诀","014 神凝气住就是","015 什么是真禅","016 十方诸佛来灌顶","017 空心禅定对否？","018 四瑜伽中的禅定","019 张伯端的理念","020 禅定的心理","021 想一想你自己的人生规划","022 禅修融入一切法","023 性力派的因缘","024 禅定的故事","025 禅定功法第一步","026 禅定功法第二步","027 禅定功法第三步","028 禅定功法第四步","029 禅定功法第五步","030 禅定证明“乐、明、空”","031 了鸣和尚所教导的“吐纳”","032 一问一答","033 禅定利益说","034 在禅定之前准备","035 如何有分辨能力","036 禅定的过失","037 如何让“心”静下来","038 如何分别四禅","039 如何避开偏差","040 修“观想”的选择","041 开悟有何利益","042 十种有助禅定的“念”","043 无垢光明论","044 从禅定体会到的空性","045 三摩地的历程","046 三摩地的悟境经验","047 禅定会入魔吗？","048 附录：「莲花忠正」的阅读心得","049 附录：大礼拜王","","","","","","","","","","","",""
"序 写在书前的几句话","https://reader.tbboyeh.org/fullscreen_player.php#/?ebook_id=503&chapter_id=c000","在二十六岁的时候，因为有一个因缘，去了台中“玉皇宫”。","宫中正举办“阴阳会”––牵亡，也就是阴间的人，与阳间的人对话。","突然，一位青衣妇人，宣称：","“要找卡子！佛菩萨要找卡子。”","我想：","“卡子是我的日本名，就是卢胜彦的胜（かつ）。”","叫我的人，名叫“叽哦”（日文：ちよ，林千代女士）。","我就是“卡子”。","青衣妇人，要我跪在坛城。","我问：","“作什么？”","她答：","“跪了就知道。”","我说：","“什么也没有。”","她说：","“你静一静，你静一静！”","我终于静下心来。","从此，我开了“天眼”，亲见“阿弥陀佛”、“瑶池金母”、“地藏菩萨”......。","这是我这一生“学佛”的开始。","重点是：","“静一静。”","青衣妇人宣称：","“卢胜彦（卡子），是佛骨。”","","●","","过了很多年，陈健民瑜伽士到“温哥华”弘法，开车的是赖文彦先生。","赖文彦先生问：","“我想皈依陈瑜伽士。”","陈瑜伽士答：","“你不是我的弟子。在未来际，你会遇到一位非常殊胜的上师，他的超胜，无人能比，你去依止他，会得到成就。”","赖文彦问：","“他是谁？”","陈瑜伽士答：","“他是佛。虎头人。”","后来：","赖文彦来依止我，我这“卢”字，也就是“虎头人”也！","","●","","前面二则，只是一个引子，事实上，我学佛的过程，相当曲折。","在显教皈依“印顺导师”、“乐果法师”、“道安法师”。","在密教皈依“了鸣和尚”、“萨迦证空上师”、“十六世大宝法王噶玛巴”、“吐登达吉”等。","我的其他师父共二十七位。","还有在定中、梦中，有很多非世间的上师给我指导，获益良多。","我在本书中，要告诉大家：","“梦中”。","“定中”。","这是本书的重点，也是成佛的一大关键。","我","祝：","开卷有益。","修行成就。","莲生活佛卢胜彦联络处：","Sheng-yen Lu","17102 NE 40th Ct.,","Redmond, WA 98052","U. S. A.","编者注：本有声书系由莲花大鹏录制","",""
"001 我的闭关生涯","https://reader.tbboyeh.org/fullscreen_player.php#/?ebook_id=503&chapter_id=c001","的弟子都知道，我有九年的闭关：","一、美国“巴拉”灵仙阁的闭关。（三年）","二、大溪地。","台湾。","美国。","（共六年三个月）","两次闭关加起来共九年三个月；这九年三个月，我不见人，只有少数人可以见到我。","第一次的闭关，是三十八岁，初到美国，人生地不熟，只有密修。","第二次的闭关，是二○○○年，时轮金刚法会时，我宣布要闭关。","这六年三个月，不见弟子，不见外人，完全密修。","在这九年三个月中，重要的是，只做四件事：","一、守定戒律。","二、暗中救人。（定中）","三、修大密法。","四、入三摩地。","这“入三摩地”在本书中是一个重点，从入三摩地，才能得到解脱。","也就是：","三摩地是因。","解脱是果。","","●","","我实实在在告诉大家，我的修行次第是这样子的：","我早已体会到了一切都是“无常”。","我有出离人间火宅的心。","我守护着善的戒律。","我发菩提心，粉身碎骨度众生。","给人快乐。","去人痛苦。","欢喜去做。","平等救度。","开悟之后，得“大般若智”。","然后一切解脱。","","●","","我有二种境界要说出来：","在三摩地中––","十万空行母，以般若佛母、一髻佛母、金刚亥母为首。","在虚空中现身。","高声欢呼：","“卢胜彦，开悟了！”","又：","在三摩地中––","十万诸佛现全身，以阿达尔玛佛、五方五佛为首。","在虚空中现身。","赞颂：","“卢胜彦，成佛了！”","这个时候，我终于体悟：","法身无所不在。","我","无生无灭。","性空。","我知道“这个”就是：","空––真空的。","所以：","王安石的诗：","知世如梦无所求。","无所求心普空寂。","成就河沙梦功德。","有––幻化的。","还似梦中随梦境。"
"002 你认识轮回吗","https://reader.tbboyeh.org/fullscreen_player.php#/?ebook_id=503&chapter_id=c002","教有十法界之说：","先有四圣界：","“佛、菩萨、缘觉、阿罗汉。”","六道：","“天道、人道、阿修罗道、地狱道、饿鬼道、畜生道。”","四圣界是不轮回的。","而六道是轮回的。","在这世界上的宗教，有些是讲轮回的，有些不讲轮回的。","很多人有这样子的疑惑：","生从何处来？","死向何处去？","我活着是为了什么？","有人问佛陀：","“活着为何？”","佛陀答：","“酬业。”","这“酬业”二字，简单明白不过了！","","“业力”不可思议，“业力”就是轮回之因，所以，我说：","生从业力来。","死向业力去。","活着是酬业。","我用简单的方式告诉大家：","当你在同女人交媾的时候，你的心已在畜生道之中。","当你恨到想杀掉对方的时候，你的心已在地狱道之中。","当你发慈悲心的时候，想帮助别人，你的心已在天道。","当你所造的业，没有大善，也没有大恶，你的心是在人道。","当你嫉妒别人的成就，想尽办法打倒别人，你的心已经在阿修罗道。","当你的行为，对待任何人、任何事，都很“小气”的时候，你的心，已在饿鬼道。","当然这只是小例子。","","所谓：","“轮回”不可思议，你会在哪一道轮回，是加减乘除，或是综合的成果。这里面不可思、不可议，复杂，更令人无法解析。","所谓：","修行就是修正自己的行为。","不造恶业。","造善业。","六道轮回很可怖畏，我们行者要超越它。","这才是究竟的佛教。","有人问我：","“如何不轮回？”","我答：","“无业。”（无业力）","人问：","“如何无业？”","我答：","“入三摩地。”","人问：","“入三摩地重要吗？”","我答：","佛","“重要。”","人问：","“为什么重要？”","“无心。”（入三摩地的口诀）","我说：","“只有无心，才能超越六道轮回啊！”","","","","我答：",""
"003 磨砖成镜的公案","https://reader.tbboyeh.org/fullscreen_player.php#/?ebook_id=503&chapter_id=c003","经有这样子的公案：","有一位喜欢坐禅的禅和子，日日打坐，夜夜打坐，时时打坐。","他的师父为了教示他。","便在他打坐之旁，拾一块砖，磨啊磨的。","他打开眼睛，看见师父磨砖，便说：","“师父为何磨砖？”","师父答：","“磨砖成镜子！”","他问：","“磨砖怎能成镜？”","师父答：","“坐禅怎能成佛？”","由这一问一答，这位弟子便明白，光靠打坐，是成不了佛的。（形式上的打坐）","又悟到：","禅坐是禅坐。","佛性是佛性。","两不相干。","也就是说，佛性不是禅坐修出来的，“佛性”原本都在。","重要的是，要将“障碍”扫尽，而佛性原本就在那里，自然显出，法尔本然。","如果你能将“贪”、“瞋”、“痴”、“疑”、“慢”......，全部扫光。","那“珍宝”就出现了。","","●","","在《智度论‧十七》中：","佛陀的弟子中，有一位比丘，得了四禅，便生出增上慢的心。（骄傲）","这位比丘认为：","初禅––须陀洹。","二禅––斯陀含。","三禅––阿那含。","四禅––阿罗汉。","于是不复求进，产生了增上慢心，由于邪见，所以散失四禅，于是堕落于阿鼻地狱之中。","这是四禅比丘的故事。","据我所知的四禅是：","初禅––无鼻舌二识。","二禅––无眼耳身三识，只剩意识。","三禅––亦仅有意识，有乐受。","四禅––亦仅有意识，有舍受。","","●","","由于如此的因由，所以有弟子请示我：","“我们到底要不要修三摩地？”","我答：","“要。”","问：","“不是磨砖不能成镜吗？”","我答：","“修禅定不是形式，如果只是形式，那才是磨砖。在密教修三摩地，是心、气，这是非常重要的。另外，入三摩地，对金钱、名誉、贪爱等等，有淡化的作用，若不清除，也等于是磨砖成镜，所以，佛教要依法而行，才不会错误。”","问：","曾","“修至四禅，也会下地狱，那怎么办？”","我答：","“对佛法要彻底了解，例如明心。将心安住在空之上。发菩提心、出离心，有正见，这样的入三摩地，才不会走入邪路。”","慎之！慎之！切记！切记！","","","","","","修三摩地者宜：",""
"004 入三摩地的前行","https://reader.tbboyeh.org/fullscreen_player.php#/?ebook_id=503&chapter_id=c004","教修法有所谓的“前行”、“正行”、“后行”。","前行指：","大礼拜。（降伏傲心）","大供养。（降伏私利）","四皈依。（降伏己心）","忏悔。（降伏习性）","护身。（降伏内外）","四无量。（慈悲喜舍）","观空。（无我）","正行指：","结印。（身）","观想。（意）","持咒。（口）","入三摩地。","后行指：","颂赞。","回向。","祈愿。","补阙。","......。","","当然，这“前行”、“正行”、“后行”，都非常的重要。","但，最最重要的，就是“入三摩地”。","那“前行”是什么？","前行就是如法而行。","前行就是建立佛法的根基。","前行就是扫除习性，例如：","金钱。","贪爱。","名位。","骄傲。","嫉妒。","无明。","不正见。","前行是为了解脱自己，再帮助他人解脱。","清净及喜乐是非常重要的。","前行在体验空性。","前行要具足慈悲喜舍的四无量心。","要拯救众生。","","●","","我写“前行”的目的，是要建立“三摩地”的中心思想。","例如我们知道，修行的次等是：","资粮道。","加行道。","见道。","修道。","究竟道。","而“前行”就是“资粮道”、“加行道”。","密","","●","","他喜欢闭眼呆坐。","另外：","又有一位弟子，看见他闭眼呆坐，他也跟着闭眼呆坐。","现在，已有二位闭眼呆坐的弟子了！","他们是：","思惟吗？","我有一位弟子，我常常看他，闭着眼睛而呆坐。","静虑吗？"
"005 三摩地的内涵","https://reader.tbboyeh.org/fullscreen_player.php#/?ebook_id=503&chapter_id=c005","在台湾的时候，有一次坐电梯，遇到两位佛教徒，他她的年龄都是六十许，穿着类似僧人的条衣，上衣是布扣子，下衣是长裤。","这种衣饰，很像功夫装。","颜色浅灰色。","他们是认识我的。","他们说：","“卢活佛，你回台湾了！”","我说：","“是的。”我反问他们：“你们修什么法啊？”","他们答：","“观心法门。”","我问：","“观心法门是禅定吗？”","他们一愣。","答不出来。","","●","","据我所知，其实禅定的名词，很多很多，有迷糊的空间，很多行者迷迷糊糊，真的搞不清楚。","我们常常看见的几个特别的名词，但未深入其内涵。","我现在特别说明如下：","“奢摩他”（SAMATHA）––这很像三摩地，其实不是。这是不允许思维的，也即是止息及止念的意思，真正的完全放空。","“三摩钵底”（SAMAPATTI）––也就是用止的力量，来做观的功夫，像“观心法门”，就是用止来观。","“三摩般那”（SAMAPANNA）––这个阶段，心念是专一的，不散乱，观照真理很明晰，专一到了极点。","“禅那”（DHYANA）––就是意识心的状态，它包含了前三项的功夫，以及各种静虑的功夫。","也有人说，“禅那”是初禅天到证得阿罗汉的所有，全包含在内。","“三摩地”（SAMADHI）––这是最高的层次了，也就是法身的能观与如来的正等正觉合一的状态。","即是密教的子光进入母光，二者紧密的互相融合。","象征“一”。","也是“○”。","即无上正等正觉的“三摩地”。","","●","","至于：","国人所谓的“打坐”、“静坐”、“禅定”、“坐禅”......。","这些是“含糊之词”。","所以我说：","“混杂。”","“迷糊。”","“不清不楚。”","在《大智度论》中，提到了“奢摩他”、“三摩钵底”、“三摩般那”、“禅那”。这四个阶段，可以说是涵盖了一般人的说词，可以说色界的四禅天。","至于“三摩地”，可以说是无色界的四空定的境界。","是等觉。","是妙觉。","这些是必须分析清楚的，不能含糊。","","","","","","我","","","","","","","","","","",""
"006 时轮金刚的禅定","https://reader.tbboyeh.org/fullscreen_player.php#/?ebook_id=503&chapter_id=c006","曾在“新加坡”的博览中心，讲述“时轮金刚”禅定九次第法。","那时，共开了六个会馆。","约有六万人参加，空前绝后。","我说依序是：","“初住”––心只是稍稍稳定，妄想非常多，心浮浮的，很散乱。时间很短，心稳定也很短，约二分钟就被妄念侵入。就算你坐的时间很长，但，稳定只一、二分钟。","“续住”––持续禅坐一段时间之后，已能注意到妄念，一有妄念，便把心拉回来，如此拉来拉去，心能稳定六分钟了，总之，拉回心，不起妄念，能达六分钟，就算“续住”。","“回住”––我认为“续住”的时间会较长久，也就拉来拉去的训练会花掉很长的时间。进入“回住”时，心已能定在十二分钟之久了，十二分后，妄念一升起，你已发觉，马上拉回来，这时候，已能渐渐的控制心念。","“近住”––每一次的禅定，心已能集中在一个点上，达二十分之久，在二十分之内，妄念不易入侵，就算入侵，也会很快遣散，注意力增强，定住二十分。","“伏住”––心已能注意达三十分钟之久，能够降伏妄念，这就是“伏住”。但要注意的是，三十分之内，你可能放松心态，太放松就容易打瞌睡，这样“昏沉”的现象就产生了，这“睡着”是一种过失，要加强精神。","“寂住”––由于“伏住”的状态是入三摩地的关键，但易睡着，就加强精神，太加强精神，反而精神亢奋，就会产生“掉举”，这“昏沉”或“掉举”都是过失。","一个是“睡着”。","一个是“太清醒”。","二者要调整好，刚刚好最重要。","时间四十分。","“最寂住”––时间可达一小时或二小时，昏沉或掉举，已经很少了，在这个阶段，一切都成熟了，已是一位能禅定的人。","“专住”––时间能自我控制，要多久就能多久。","自己已能变化时轮金刚或本尊，只要一努力，就能定住。","没有昏沉，没有掉举。","（如同一个很好睡的人，一躺就睡着，不费力，不用心，自己说睡就睡，说醒就醒，完全自我控制）","“等住”––无事、无心、无昏沉、无掉举、无妄、无想。","时间不计。","证入虚空、大光明海。","入我我入。","相应本尊。","相应诸尊。","","●","","我认为：","时间上的长短，只是个大概，人人不同。","先克服妄念。","再克服昏沉。","三克服掉举。","用“止”。","用“观”。","用“恒心”。","还有，出现任何幻相，宜请教真正的金刚上师。","","","","","","","","","","","","","","我","","","","","","","","","","",""
"007 七支坐的解析","https://reader.tbboyeh.org/fullscreen_player.php#/?ebook_id=503&chapter_id=c007","般的禅定，身有七支坐，我述之如下：","一、座后微高。","高约二寸。","若不如此，身往后倾，不能坐正。","二、双盘坐。","也就是跏趺坐。","右足压左足。","这双盘有人做不来，所以有单盘坐、如意坐、自在坐。","三、手结定印。","二手仰置脚上，左手压右手，二大指相对。","有用右手压左手的，是定印。","但，也因为左属水，右属火，左手压右手是平息烦恼之意。","四、两肩平正。","五、调息和平。","六、两眼视鼻。","七、舌抵上颚。","","我本人重视“气、脉”的关系，因此，我认为重点是：","一、跏趺坐。","能令下行气入中脉。","坐得好，生法宫的拙火暖相易生。","二、定印。","仰置脐下，能令平住气入中脉。","而拙火也易生。","三、脊直肩张。","能令遍行气入中脉。","气不易伤害，引起气伤及过失。","四、颔压喉结。","能令上行气入中脉。","心易止。","妄念易止。","五、舌抵上颚。","能令命气，安住中脉。","同时观想会比较明晰。","","我说：","大部分的人能双足跏趺坐，但，也有人坐不来，我个人认为不要勉强。","单盘也可以。","如意坐也可以。","自在坐也可以。","甚至在椅子上正坐也可以。","总之，脊骨要直，双肩要平，压喉结，舌抵上颚，双手定印。","能坐得久。","是至要、至要。","不管怎么坐，若能以左足跟抵肛门，以右足跟或右足踝抵密处，竭力收提下气，也能令下行气，入中脉。","这也是口诀。","","只要身仪坐对了，能够消除：","嫉妒烦恼。","瞋怒。","一","愚痴。","贪爱。","轻慢。","我说：","七支坐是一切禅定的开始，也是身仪、身不动、身清净的开始。","至于：","六灶坐、仙人坐、跨鹤坐、象坐、狮子坐，那是修特别法才坐的。","","","等等等等。",""
"008 我所经验的“法流”","https://reader.tbboyeh.org/fullscreen_player.php#/?ebook_id=503&chapter_id=c008","犹记得“李清臣”的词：","杨花落。","燕子穿朱阁。","苦恨春醪如水薄。","闲愁无处着。","","去年今日王陵舍。","鼓角秋风。","千岁辽东。","回首人间万事空。","（我喜“万事空”这三个字）","","又：","甘露寺的“圆禅师”也有一词：","本是潇湘一钓客。","自东自西自南北。","只把孤舟为屋宅。","无宽窄。","幕天席地人难测。","顷闻四海停戈革。","金门懒去投书册。","时向滩头歌月白。","真高格。","浮名浮利谁拘得。","（我喜“谁拘得”这三个字）","","我吟咏：","“无拘得”。（谁改为无）","“万事空”。","因此，进入了“无事”、“无心”、“真空”的法界。","只这一刹那──","身空。","口空。","意空。","（也即是身空、心空、法空、性空）","蓦然。","虚空有一股“法流”，进入真空的身体。","这种“法流”，不知何处来？不知何处去？","我亦不理会得。","","正是：","智慧尊融入。","轻盈。","旖旎。","水乳。","香熏。","法喜。","乐透。","清净。","","我","也正是：","风吹梅蕊。","雨细杏花。","日照重楼。","我这样子形容，有一些人也不懂得。","过去我常说：","一个空碗，倒满了鲜乳。","一股法流进入我身，我被充满了，一种力量升起，我不动如山。","我静坐放空。","月堕枝头。","每一回。"
"009 关于掉举、散乱、昏沉","https://reader.tbboyeh.org/fullscreen_player.php#/?ebook_id=503&chapter_id=c009","到“掉举”这个名词，我自己也觉得怪怪的，这个名词，很难意会。","“掉”是什么碗糕？","“举”是什么碗糕？","不如用“亢奋”或是“兴奋”就可以了！","精神太兴奋，会有睡不着的毛病，同样的，也无法入定。","我记得有一则笑话（亢奋的执着）：","病人对心理医生说：","“我整晚都做打棒球的梦，非常困扰。”","心理医生回答：","“哦！这个容易治，你最喜欢哪一个女明星？”","病人说：","“伊丽沙白泰勒！”","心理医生说：","“那就睡前想她就好了！”","病人说：","“那怎么行，下一棒就要轮到我了耶！”","","●","","对于“掉举”（超兴奋）的对治方法，就是“放松”，放松不容易。","于是：","“白骨观”。","“数息观”。","“无常观”。","先将自己兴奋“沉淀”下来，就容易进入禅定了。","","●","","再说“散乱”。","很多人说：","“只要一坐下，脑筋胡思乱想一通，从来没有停止过，过去的、现在的、未来的，念头忽东忽西，忽南忽北，怎办？”","我答：","“用止法！”","他说：","“止不了！”","我答：","“念咒字：呸！”","如此一念一呸，多念多呸，把不安的、散乱的，全呸掉！","或者用“观法”，来止住散乱的想念。","","●","","有人告诉我：","“只要一静坐，就打瞌睡，接着很快就睡着了。”","很准！","每天，睡好几回。","这是“昏沉”。","昏沉的对治就是“紧”，一般是精神振作些。","念咒字“吽吽！”可以惊醒。","或起来打一下金刚拳。","提","用正“智”。","用正“念”。","念金刚咒。","●","","我说：","“掉举”或“昏沉”刚好是对立的。","掉举是紧，要放松些。","松紧调得刚刚好，就是最美妙，就易入定了。","","昏沉是松，要紧一些。"
"010 静坐产生的触觉之一","https://reader.tbboyeh.org/fullscreen_player.php#/?ebook_id=503&chapter_id=c010","的经验是：","第一次我静坐时，双手不由自主的动了起来，这一动不得了了！","手舞足蹈。","手之舞之。","足之蹈之。","更奇特的，身子也跟着动了，手能自动结手印，脚踩七星步。","竟然“神打”起来。","我为了如此的现象，走访宗教界及修行大德，请教前辈。","一曰：“是乩童。”","二曰：“是降神。”","三曰：“自发功。”","四曰：“外丹功。”","五曰：“不知。”","六曰：“是灵动。”","七曰：“走火入魔了。”","八曰：“气动。”","","“气动”是印顺导师说的，“走火入魔”是李炳南居士说的。","后来，我自己研究：","我可以自我控制，要它动就动，要它不动就不动。","我写了一本《启灵学》。","我相信，“气动”才是真的，不能自我控制，就会成了“乩童”。","太迷于“启灵”，或鬼魔占舍，影响生活起居，是会“走火入魔”的。","我自己体悟：","很多宗教人士或气功师，利用“启灵”，引导一些不知的人。","去相信他。（其实是自我宣传）","其实“自发功”很简单，它来自于“自身”的“气动”而已！","修禅定的人，自制之，不理会。","我还告诉大家：","“气动”有“练身”的作用，方法用对了，可以健身。","“气动”可以接近鬼神，成为一个“通灵人”，很容易。","“气动”有好的一面。","“气动”有坏的一面。","修行人，要知之。","","●","","我也经验到：","静坐时，不由自主的全身发痒，这里痒，那里痒。","头皮痒。","脚底痒。","周身痒。","一静坐，全身的皮肤全“过敏”了起来，不知如何是好。","但，一站起来，不坐了，皮肤在一刹那之间，全部不痒了。","首先不明所以。","有人说：","“业障！”","有人说：","“身子不净！”","有人说：","我","“杀虫太多！”","我说：","“气在皮肤上走也！不去理会，自然好了！”","","","","","","","",""
"011 静坐产生的触觉之二","https://reader.tbboyeh.org/fullscreen_player.php#/?ebook_id=503&chapter_id=c011","的经验是：","一刹那！","仿佛自己轻如无物一般，甚至身上长了翅膀，如云一般的升上虚空。","像鸟。","像烟。","像雾。","像幽浮。","哇！自己在飞行了！","进入了太空。","由于一切空空荡荡，没有真实的感觉，心中不免害怕起来，赶快张开眼睛，一切又恢复了原状。","又闭上眼睛，同样的情形又出现，深怕自己进入空之又空的虚无，回不来，怎么办才好？","回不来，死了！","这岂不是“坐化”？","我请教长辈：","答：“不知道！”","答：“出神！”","答：“幻觉！”","答：“灵魂出窍！”","答：“何不趁此，忆想兜率天弥勒菩萨，去听弥勒菩萨讲经。”","后来我知道，这是气与风大组合，变成轻。只要知道了，不要怕，就度过了！","","●","","我以前的书提及，有一次静坐，凝神的时候，就成了一座山般的不动。","身变成一座山。","高入云霄。","重如磐石。","自觉如金刚不坏。","这种感觉是很安稳，很愉悦，好像是真的在打坐。","有二鬼至。","一鬼说：","“这里怎么会变了一座巨山，我们绕行而过吧！”","另一鬼说：","“我持一斧，把山劈了！”","鬼持斧至，一劈。","金光四射。","斧断了！","山却好好的！","二鬼恨恨不已，绕山而行。","我则大乐。","后来我才知道，这是气与地大组合，我则变成了如山凝重。","要继续坐下去。","","●","","有位弟子，曾来问我：","“每回静坐，四周黑暗，自己变成一个粒子，掉入黑洞之中，黑洞深不可测。电光石火之中，愈掉愈深，耳朵听风呼呼大响，自己心中，产生惊慌，害怕一入而不能出，如何？”","我说：","“据我所知，凡静坐产生的触觉，都和气及地、水、火、风、空、识，有些牵连，其实不用惧怕，但，若惊恐不止，还是暂停。免得节外生枝。”","这些，值得研究。","我","","","","","","","","","","",""
"012 静坐产生的触觉之三","https://reader.tbboyeh.org/fullscreen_player.php#/?ebook_id=503&chapter_id=c012","的经验是：","有一回静坐，身子觉得，从头冷到脚，全身发冷，冷到如进入冰天雪地的困境。","起身穿衣，还是冷。","穿上大衣，还是冷。","最后，用棉被裹身，但，仍然冷冰冰。","我自己知道，原来是内在冷，而不是外在冷，穿什么都没有用。","我问前辈，前辈回答如下：","一、“中邪”。","二、“中煞”。","三、“身虚”。","四、“阳气不足”。","五、“肾亏”。","六、“鬼附身”。","后来，我才知道，那是气与水大的组合，恰好，水大成冰，才有这种的冷触。","","另外：","有一回静坐，与冷刚好相反，是热到汗如雨下。","内衣裤全湿了。","身上的衣服全扒了精光，但还是热得要命，热到头上冒蒸气。","心中热如火。","这也算是另类的“拙火”吧！","此时，我自觉，如果坐在冰块中央，四周的冰块也会融化。","用茶壶装水，置头上，茶壶的水，也有可能变开水。","热到快窒息而死。","后来，我才知道，原来是气与火大互相组合的缘故。","","又：","身子如木皮，有涩涩的感觉。","又：","身子如滑乳，很滑很滑，如同涂上一层油，滑不溜溜的。","又：","身子很软，成了软骨功。","又：","身子的密处，很坚硬如石，矗立而不下，一整天，都是“日立”。","我看到一段经文：","“气顺地大而重，气顺风大而轻，气顺水大而冷，气顺火大而热，气顺地大而涩，气顺风大而滑，气顺水大而软，气顺火大而硬。”","又：","“气顺空大而上升下降，气顺识大而产生更多的神变。”","尤其是识大：","变大。","变小。","变神足。","变看见远近。","变听见远近。","能忆三世因果。","变多身。","等等。","总而言之，统而言之，在入三摩地的过程之中，行者会遭遇种种的状况。","我的经验是：","这些状况，有好有坏，行者要明白原因，要找有经验的金刚上师，才能点破也！","我","","","","","","","","","","",""
"013 静坐的关键口诀","https://reader.tbboyeh.org/fullscreen_player.php#/?ebook_id=503&chapter_id=c013","的经验是：","身不动。","口不动。","意不动。","身不动的是：毘卢七支坐。","口不动的是：不言不语。","意不动的是：一念不起。","又曰：","无事。","无心。","这简单的口诀，看似容易，其实困难重重，尤其是“一念不起”、“无心”。","","我认为：","密教有一句话：“心气一如。”","这句话就是口诀了。","我实实在在的告诉大家：","我们每一个人，身心都是“动”的。","眼睛动––看。","耳朵动––听。","鼻子动––呼吸。","舌头动––说话。","身体动––行。","意念动––想。","哈哈！无一不动。","","又：","不止外在动，内在也动。","脑––用也。","心––跳也。","脉––循环也。","肺––张缩也。","胃––消化也。","肠––流通也。","也即是地动、水动、火动、风动。","每一个细胞都在：","转化。","变迁。","代谢。","呼吸。","其实人的身体内在，全在“施化流通”的循环之中。","要禅定难矣！","要静坐难矣！","","我要在这里提到，最重要的口诀是：","“气住脉止”。","我说：","气若微微。","心就微微。","念亦微微。","可能有人听不懂什么是“微微”。","我","我答：","细、微细、最细。","这就是“混沌”的状态。","也就是混沌之时，一切无可觅处，此即一念不起也。","","此时：","天降入地中。","日月合璧也。","这个就是“三摩地”的玄机。","此时，神风静默，山海藏云。","一念不起时。"
"014 神凝气住就是","https://reader.tbboyeh.org/fullscreen_player.php#/?ebook_id=503&chapter_id=c014","记得“张伯端”的诗词：","妄想不须强灭。","真如何必希求。","本源自性佛齐修。","迷悟岂拘先后。","悟则刹那成佛。","迷则万劫沦流。","若能一念契真修。","灭尽恒沙罪垢。","（重点在一念）","","又：","人我众生寿者。","宁分彼此高低。","法身通照没吾伊。","念念体分同异。","见是何曾是是。","闻非未必非非。","往来诸用不相知。","生死谁能碍你。","（重点是无碍）","","又：","善恶一时妄念。","荣枯都不关心。","晦明隐显任浮沉。","随分饥餐渴饮。","神静湛然常寂。","不妨坐卧歌吟。","一池秋水碧仍深。","风动鱼惊尽任。","（重点在神静）","","我说：","前一篇文章，我强调“气住”是重要口诀，这篇短文，最主要的口诀是：","“神凝”。","气住就能“神凝”。","神容易跑。","神容易散。","神容易飞。","神容易分。","神容易乱。","（这就是不容易静坐，久坐一样徒劳而无功）","我认为：","先修气住。","再修神凝。","气住就是息也！","","藏密提到“息”是：","一息═十六次呼吸。","我","六息═一分。（滴漏单位）","六十分═一刻。（滴漏单位）","六十刻═一昼夜。","一刻═二十四分。（时间）","这些“时轮算法”我们且不去管。","最重要的是我们由“数息法”而达到了“气住”。","由“气住”变“神凝”，而神气合一；神气合一，就能入静。","入了寂静，佛性就自显了！","我们人是后天。","一分═二十四秒。（时间）","神凝气住，佛性自显，就是这个道理了！"
"015 什么是真禅","https://reader.tbboyeh.org/fullscreen_player.php#/?ebook_id=503&chapter_id=c015","人问我：","“什么是真正禅定？”","我答：","“形神入妙境，与道合真。”","人问：","“是不是佛陀说的，与道合者大？”","我答：","“正是。”","人问：","“与道合一，有何另外的解说？”","我答：","“就是明心见性，明心是明白真理，见性是证明佛性。”","人问：","“用更白的话，如何说？”","我答：","“自然清纯，慧性圆通。”","人问：","“如何修？”","我答：","“气住神凝。”","人问：","“是不是专一？”","我答：","“依大手印来说，专一是第一步，第二步是离戏，第三步是一味，第四步是无修。”","","人问：","“卢师尊如何解说这四等？”","我答：","“专一是心不动。","离戏是一念无。","一味是合一味。","无修是大圆满。”","人问：","“如何起修？”","我答：","“有一首诗，可以为例子：","三十三天天外天。白云里面出神仙。","神仙也是凡人做。只怕凡人心不坚。”","（我的意思是说，只要有长远心，坚定不移之志，日日时时专一而修，一定会有成就）","","人问：","“藏密如何修？”","我答：","“气、脉、明点。”","人问：","“先修气，以后呢？”","我答：","“脉通。”","人问：","“以后呢？”","有","我答：","“拙火定，明点升降。”","人问：","我答：","“金刚亥母拙火定。”","（此处与道家炉中种火相似，在定中生“意火”，与元神合一）","人问：","“以后呢？”","“久久久久，明心，佛性自显了！”","“拙火定是什么禅定？”","我答："
"016 十方诸佛来灌顶","https://reader.tbboyeh.org/fullscreen_player.php#/?ebook_id=503&chapter_id=c016","个人的经验是：","在我明心之后。","有一次在深定之中，也就是“行深波罗蜜多”时，十方诸佛一起现全身。","十方诸佛来灌顶。","高喊：","“证悟了！”","“证悟了！”","“证悟了！”","这就是“无上正等正觉”。（大毘卢遮那光明海）","佛号是：","“华光自在佛！”","","●","","我说：","这种经历可不是一蹴而得，而是经验了诸多的次第，例如：","明点光。","金刚链。 ","金刚幕。","佛现半身。","佛现全身。","乙尊佛。","十方诸佛。","这里面还有“真假”之分：","深定中––全真。","浅定中––只有二分之一的可靠。","睡中––只有一点点可信度。","大白天分两种：","真觉。","幻觉。（精神病患）","","●","","有很多人，幻觉、幻听出现，而自以为看见佛了，被幻视、幻听控制，这种现象也很多。","一般是鬼神来欺。","或是自心变化。","禅修若无正见及正念，很容易落入这种陷阱之中，完全没有正定的观念。","走火入魔了！","被送入精神医院了。","可怜哀哉！给魔当了点心。","所以禅宗有：","佛来杀佛。","魔来杀魔。","（这也就是，不要执着见到了什么，若执着，很容易走入歧途）","其实禅修及静坐，本来是不理会一切不真实的。","如果理会，也有可能出现迷幻现象，而无法控制，无法自拔。","正见。","正念。","正定。","（非常重要）","我","","在“正见”、“正念”、“正定”这三方面，金刚上师的传授太重要了。","也有人说：","不必禅定，本来是佛。","（这是成就者，可以说。未成就者是不可说的）","如果没有“正见”、“正念”、“正定”，那是不了解佛法，他们在禅定修行上，自然会受到困扰，因此，过来人，太重要了！","","","","不必禅定，一切皆空。",""
"017 空心禅定对否？","https://reader.tbboyeh.org/fullscreen_player.php#/?ebook_id=503&chapter_id=c017","记得看过这样的记载：","在明朝，有一位山上的樵夫，在深山砍柴，他砍了一棵参天巨树。","令人讶异的是：","树心内坐一位修行人。","正入深定中。","樵夫知修行人还活着，遂问：","“先生何许人？”","答：","“六祖弟。”","问：","“六祖是唐朝，今已明朝，时光已历唐、宋、元、明，这真令人惊骇！”","再问。","修行人不答。","又入深定去了！","","●","","我个人认为：","像这样子的禅定，当属于“空心禅定”。","这一入定，经历了四个朝代。","令人赞叹。","在虚云老和尚的书中记载：","老和尚煮芋头。","外头下雪。","老和尚在炉火旁，偶一入定。","等出定时––","雪已止。","火炭早已没有了。","看一看炉中煮的芋头，芋头却早已发霉了。","虚云老和尚入定，这一定，已经历了多少时光？","令人赞叹！","这也算“空心禅定”吧？","","●","","有人问我：","“空心禅定对否？”","我答：","“我个人有这种经历，我曾约好人，二小时后见面。于是我个人想静坐一下，把房间门一关，窗帘放下，轻松一坐，浑然无觉。这一坐，等我出定，已过了二天二夜。但，自己感觉上，才坐下而已！”","“这种状况有多次，时间长、短均有，处于浑然无觉状态。”","我说：","空心静坐（禅定），不能说对、错。","当空心时––","入混沌。","宇宙法流入我我入。","身心皆无。","与虚空打成一片，无我、无人、无众生、无寿者，一切皆无。","倒像个“无心道人”了。","在这种状况之下，十方法界放光明，无形中亦有救度众生之能。","但––","我","有部分的禅修者反对：","禅定要炉中有火种，才能结丹。这是道家说的，反对“空心禅定”。","藏密行者也有反对的：","","","","","","","若一切虚空，无作用。对修内火者，无益也。",""
"018 四瑜伽中的禅定","https://reader.tbboyeh.org/fullscreen_player.php#/?ebook_id=503&chapter_id=c018","教四瑜伽是：","事部。","行部。","瑜伽部。","无上部。","我说：","事部最重密教的仪轨次第，绝大部分的是祈祷仪式。","课诵仪式。","法器仪式。","迎请仪式。","供养仪式。","等等等等。","一切密法的外相，承侍。","","到了行部，一半是祈祷仪式，而另一半就是属于禅修了。","其实禅修的部分，只是一小部分，仍然对礼仪相当的重视。","再进入瑜伽部的时候，内在的禅修，就重于事相了。","一切由内心运作。","事相少了。","到了无上部。","事法没有了。","行法没有了。","全在于内心的禅定。内心的禅定，占了无上部的全部。","所以我说：","事部––没有禅定。","行部––少少的禅。","瑜伽部––半事半禅。","无上部––全部是禅。","","●","","修行人到了“无上部”的时候，就等于一切唯心造了。","食––供养。","衣––结界。","住––净土。","行––精进。","财––布施。","色––禅定。","名––果位。","食––供养。（超度）","睡––光明。","一般人从来也想不到的，“色淫”居然是禅定？","","我说：","没错！","当阴阳合一的时候，调合到：","气与气合。","脉与脉接。","点与点融。","光与光照。","密","这是一种禅定的最高境界了。高到什么程度？高到无上，令人无法想像及无上瑜伽旦特拉。","哈！哈！哈！","这种禅定，世人如何能明白？","假的特多。","真的只一、二而已。","在这世界上，放眼望去，我可以办得到，其他的，我就不知道了。","","","","当然，这种禅定，绝不是一般人能做得到的。",""
"019 张伯端的理念","https://reader.tbboyeh.org/fullscreen_player.php#/?ebook_id=503&chapter_id=c019","国的老子曾说：","“道生一，一生二，二生三，三生万物。”","而张伯端认为：","道––虚无。","一––气。（炁）","二––阴阳。","三––三体。","我们看张伯端的诗，可以看出他的理念：","道自虚无生一气。","便从一气产阴阳。","阴阳再合成三体。","三体重生万物昌。","","又：","一自虚无质兆，","两仪因一开根。","四象不离二体，","八卦互为祖孙。","万物生乎变动。","吉凶悔吝兹分。","","张伯端说：","“夫欲免乎患者，莫若体夫至道，欲体夫至道，莫若明乎本心。故心者，道之体也，道者，心之用也。人能察心观性，则圆明之体自现，无为之用自成，不假施功，顿超彼岸。此心非心镜朗然，神珠廓明，则何以使诸相顿离，纤尘不染，心源自在，决定无生者哉？然其明心体道之士，身不能累其性，境不能乱其真。”","在这段文字之中，包含：","明心。","见性。","禅––不受外境影响。","定––一心不乱。","","张伯端说：","“不假施功，顿超彼岸。”","“了悟真如性。”","“顿超无漏作真人。”","这就是张伯端（紫阳真人）的禅定的体会了！","张伯端说：","“无为是道之体。”","“有为是道的根基。”","我说：","佛性无为。","有为是禅。","从禅修上回到了无为状态。","我个人认为：","这虽然是道家的功夫，但，在佛法中的禅定，互相关联。","","孔子也说：","“大学之道在明明德，在亲民，在止于至善。”","这一段是前行。","（修善功也）","又：","“知止而后能定，定而后能静，静而后能安，安而后能虑，虑而后能得。”","中","（修禅法也）","我告诉大家：","道教与密教的禅修，大部分是相同的，只有修法上略有差异。","道家––后天返回先天。","密教––子光返回母光。","紫阳真人张伯端，值得参考。","","","","在理念上似乎一致！",""
"020 禅定的心理","https://reader.tbboyeh.org/fullscreen_player.php#/?ebook_id=503&chapter_id=c020","个人觉得，学佛有三大重点：","一、出离心。","二、菩提心。","三、中观正见。","其中的心理，是特别重要的，我们先谈一谈“出离心”吧！","一般人如果没有“出离心”，修行免谈，更何况去修禅定？","世人的通病是：","一、讨生活","二、俗务太多。","三、没时间。","四、太忙。","五、养活自己及他人。","六、读书、职场、家庭、事务、交际、人事、欲望。","......。","","“禅定”入三摩地，怎么可能去实践？","所以，禅定先要有“出离心”。","Ａ、你必须相信有因果轮回，借由禅定可以得到解脱。","Ｂ、相信有来世，你必须到更好的地方去，到天界、佛国，或成佛。这须要心灵提升。","Ｃ、出家最好；不能出家，也要将俗务减少，能够有时间禅修。","Ｄ、你要找一位明师，教导你禅修的方法，不能盲修瞎练。","Ｅ、在繁忙的人生中，找出时间去修，至少一日一修。","Ｆ、最好有一间静坐室。","Ｇ、资粮。","Ｈ、容易得到饮食。","Ｉ、关房要有地气。","Ｊ、要有守护的人、守护的神、金刚护法。","......。","","我觉得，更重要的是：","一、你一定要明白佛法，佛法是唯一让你解脱的无上法。","二、你一定要清净自己，多行善功，能避免魔邪的攻击，获得善神的拥戴。","三、你要有资粮。","四、你要自己的根本上师来指引你。","五、你有吉地，很好的环境。","六、你有善友。","（财、侣、法、地）","","●","","佛陀在世时，要度化一位建筑商。","第一次：","建筑商说：","“我不能，太忙了！”","第二次：","“我不能，等这栋房子建好再说。”","第三次：","“我不能，我又接了建筑订单，等忙完再说。”","第四次：","“我不能，这是一笔大生意。”","我","第五次：","已经不行了！","因为建筑商已在工地跌死了！","我说：","世间上的人，能有“出离心”的人很少，大部分的人，忙于俗务。所以弘法宣导非常重要，这也是我写书的动机了。","","","","","佛陀只有感叹，施施然的走了。",""
"021 想一想你自己的人生规划","https://reader.tbboyeh.org/fullscreen_player.php#/?ebook_id=503&chapter_id=c021","常常如此想：","能转世为人，非常幸运。下三道，太苦，不能修行；天道太乐，也不易修行；唯有人道，才能好好的修。","人活在世上，只是短短的百年。","时光易逝！","年轻时忙于读书。","中年时忙于职场。","结婚后忙于家庭。","有了小孩忙于养育。","老了忙于健康。","接着：","不能动了！","死了！","（这几乎是人的一生，这样子的人生，如何能逃业报？）","","所以：","你必须在这么短暂的人生中，及早醒悟，须要禅修，跳出六道轮回的框框，达到四圣界。","一、佛。","二、菩萨。","三、缘觉。","四、阿罗汉。","（这才是究竟法）","我们不能够像一般人一样，只是在人间混日子，接受六道轮回的摆布。","","●","","我对诸圣的教化，列出要旨如下：","佛陀──寂灭。","老子──无为。","孔子──忠恕。","庄子──逍遥。","孟子──养气。","我这个人，比较没有门户之见，不要小看这简单的玄旨，其实都是精华。","所谓寂灭，就是达于“本来面目”。","所谓无为，就是达于“混沌”。","所谓忠恕，就是达于“圆通”。","所谓逍遥，就是达于“明心”。","所谓养气，就是达于“平等”。","法分多家。","其实是一。","不管哪一门派，不管是如何的修行，最重要的方法是：","禅定入三摩地了！","","●","","修学的重要，不说也知道，我一直在弘法写书，是在普劝众生：","我不能够狠心的舍弃众生，","让众生在六道轮回中受苦受难，","我慈眼视众生，","只剩下哀怜。","泪水苦口一一劝化，","我","这度化的路非常漫长，","佛。","法。","要指引你啊！","不要迷失在业海之中！","不要随波而行！","不要颠倒！","你要永远的心灵平静。","","僧。",""
"022 禅修融入一切法","https://reader.tbboyeh.org/fullscreen_player.php#/?ebook_id=503&chapter_id=c022","永远记得二句话：","佛陀说：","“制心一处，无事不办！”","老子说：","“人能守一万事毕！”","天啊！这二句话，岂不是禅定吗？禅定就是“制心”、“守一”。","我是走过三教的：","一、道教。","二、佛门显教。","三、佛门密教。","（少年、青年是基督教）","因此，我认为：","“禅修融入一切法，也即是禅定融入一切法。”","","我举例说明：","诵经––要精神专一。","持咒––要精神专一。","念佛––要精神专一。","修法––要精神专一。","入三摩地––要精神专一。","修气。","修脉。","修明点。","修入我我入。","（全部要精神专一）","我单单举“修气”来说明，例如“九节佛风”、“金刚诵”、“宝瓶气”。每一种修法，全要用精神专一的禅定来修。","","密教的修行次第：","四加行。","上师相应法。","本尊法。","金刚法。","内法（气脉明点）。","六成就法。（破瓦、梦观、幻观、净光、拙火、迁识）","修无漏。","修拙火。","修明点。","开五轮。","无上密。","这些全部须要禅定，没有一法不须要禅定的，若不精神统一，修法失去了意义，简单的说，修法不成。","在密教中的双身法，就连双身法也须要禅定。","双身法的“观想”、“存思”、“转化”、“吸气”、“吐气”、“存气”、“固气”、“萨迦六势变”、“技法”等等等等。","（全须精神统一，否则易散失）","","又––","道家修行诸法：","吐纳。","存想。","画符加持。","持咒。","我","闭息。","玉液还丹。","九转。","（练精化气，练气化神，练神返虚、练虚返道）","全须要禅定的功夫。","由此看来，不管任何教派，“禅定”及“智慧”就是成就的双翼，有了双翼，成就有期。","","","","结丹。",""
"023 性力派的因缘","https://reader.tbboyeh.org/fullscreen_player.php#/?ebook_id=503&chapter_id=c023","度教有“性力派”，其实不要想成色情，其要点是，告诫人们保持性机能的健康，其要旨是：","一、性力强，身健康。","二、性力弱，身衰老。","三、守精，神自明。","四、失精，是凡夫。","五、守精，练精，可以成就光明。","","●","","中国的道教同样有这样子的说法。","张道陵说：","“实精以生，失精以死。”","又：","“从女不施，还精补脑。”","说明了：","“夫人本生混沌之气，气生精，精生神，神生明。”","我个人认为：","修行人，最宜戒色。","佛教出家人不娶妻室，就是戒淫守精。","道家真修者，也有委绝婚娶的。","一个道理：","不淫。","守精。","试想想，一个出家人，一个修道者，不能守精，时漏、日漏、夜漏，会被讥为“尿床僧”。漏得一榻胡涂，面黄饥瘦，算是什么修道人呢？","孙思邈是道士，也是大医学家，他说：","“就算是在家人，有妻室，也应该节制。”","他说：","二十岁人，四天一泄。","三十岁人，八天一泄。","四十岁人，十六天一泄。","五十岁人，二十天一泄。","六十岁人，闭精不泄。","（这是因为八卦的缘故，八八六十四卦，六十四岁就要闭精了）","","●","","有些道书直接指出：","“乐而有节，和乐长寿。”","“纵欲迷恋，必损性命。”","“男不失精，女不失经。”","“纯精化尽，金丹成熟。”","“一毫阳气不尽不死，一毫阴气不尽不仙。”","“修仙以不漏精为起点。”","“漏精是有死的凡人，不漏精才是不死的真人。”","“要炼到完全无漏，而后大丹告成。”","","●","","守精跟坐禅有关吗？","我答：","印","“有！”","我写的《大乐中的空性》（喜金刚），就有无漏法的修炼。","我写的《来自佛国的语言》，就有女人修无漏经血的方法。","禅定用“意”也。","坐禅时，心不动，意往上提，将“精”、“血”提至顶窍。","坐禅时，心无杂念，情欲不生。","坐禅时，无我无物，忘我。","坐禅时，后天返先天。","“若忘我，一切皆空，法流注入，反而真实。”","这些全要用“意”。","我常说："
"024 禅定的故事","https://reader.tbboyeh.org/fullscreen_player.php#/?ebook_id=503&chapter_id=c024","的经历是：","有一回。","我在美国华盛顿州西雅图雷门市的“真佛密苑”静坐禅定。","接着我发觉，自己是坐在“SAFEWAY”超市的走道上。","有很多人视若无睹向我走来，他她穿过了我的身子。","我被人穿过身子，但，毫无感觉。","我看见我的弟子姓“彭”，也在“SAFEWAY”买东西。","我出了定。","对“彭弟子”说：","“你在那一天，在SAFEWAY买东西是吗？”","彭答：","“没错。卢师尊怎么知道？”","","我说：","“那时候我在真佛密苑禅定！”","彭莫名其妙。","我也没解释。","这禅定，竟然可以“瞬间移位”呢！","我说：","这是“用意”。","能“瞬间移位”，可以去了喜玛拉雅山“圣母峰”之顶。","可以进入“菲律宾”海底最深的海沟。","甚至可以坐在地心。","入水。","入火。","入地。","","●","","禅宗有一个故事，很多人都知道：","有一位禅师入定。","是水光定。","有一位禅师的弟子，无意中，打开关房，看见禅师不见了。","房中却有一滩水。","弟子好奇。","取了一块石子，抛入水中。","后来禅师出了定，却觉身体不适，原来身中有一块石子。","禅师只好再入定。","化为一滩水。","再将石子从水中取出。","出定，就正常了。","又：","虚云老和尚，在自己房中禅定。","显发眼通。","穿过自己的房间墙壁，看到寺院的花园。","只见一个僧人走到花园，撩起僧袍，哗啦哗啦的小了一个便。","虚云第二天。","唤来了这位僧人。","斥责一番。","这也是家喻户晓的故事。","我","","我告诉大家：","禅定是可以开发––","天耳。","他心。","宿命。","神足。","漏尽。","","天眼。","这六大神通，以“漏尽通”最为至要。"
"025 禅定功法第一步","https://reader.tbboyeh.org/fullscreen_player.php#/?ebook_id=503&chapter_id=c025","个人的经验是：","排除杂念。","集中注意。","所以我用“数息”法为第一步骤，从一到十，从十到百，从百到千，从千到万。","这是摄心。","不散乱。","专一在数。","这第一步骤，很多人都知道，但你如果不做，也等于无路用。","数息入。","数息出。","达到：","心神安定。","保持虚静。","口诀是––","一、寄心于息数。","二、意守下丹田。","三、身是毘卢七支坐。","","很多人问我：","“禅定在何时最好？”","我说：","我这个人，不在意是什么时候禅定，觉得想禅定就禅定。","但很多人认为，要与天地合一，就要效法天时地理。","要合于日月的运行。","阴阳变化的节气。","昼夜的更替规律。","因此，说出很多的时辰，甚至要合八卦、十二卦。","十二卦是：","复、临、泰、大壮、夬、干、姤、遁、否、观、剥、坤。","十二时辰是：","子、丑、寅、卯、辰、巳、午、未、申、酉、戌、亥。","（卦与时相配）","（请参阅《参同契》）","","我认为：","“这些跟火候有关。”","这里是：","阳息––武火。（息重而急）","阴息––文火。（息轻而缓）","一般是：","卯时不增进火。","酉时不减退火。","（子时复卦，一阳息阴。丑时临卦，二阳息阴。寅时泰卦，三阳息阴。卯时大壮卦，四阳息阴。辰时夬卦，五阳息阴。巳时乾卦，六阳息阴。午时姤卦，一阴消阳。未时遁卦，二阴消阳。申时否卦，三阴消阳。酉时观卦，四阴消阳。戌时剥卦，五阴消阳。亥时坤卦，六阴消阳。）","我说：","这是一种循环之理。","又谈及：","“活子时”。","活子时就是睡后，第一次醒来，就称为活子时。（正欲阳举时）","我个人觉得，初学禅定者，若要去理会天时地理变化，会令初学者见而生畏，不如暂时不理会。","先一天一座，一天四座，一天六座，以后再请明师指导为要。","我","这是第一步！","","","","","","","","","",""
"026 禅定功法第二步","https://reader.tbboyeh.org/fullscreen_player.php#/?ebook_id=503&chapter_id=c026","们可以如此说：","“第一步的功法是吐纳（呼吸），密教有律动呼吸（武火），完全呼吸（文火）。这两种呼吸法，也就是火候的控制。”","律动呼吸––急促粗。","完全呼吸––细慢长。","文火、武火，要控制得恰到好处。","我认为：","完全呼吸为重，可以保持虚静，而律动呼吸是“拙火”升起的关键时刻才用的。","切记这句话。","至要至要。","","至于禅定功法第二步是什么？","我答：","“拙火。”","我们人的温度，来自于“下丹田”。","上丹田––眉间。","中丹田––心际。","下丹田––脐下四指处。","禅定功法第二步是“意守下丹田”。","（我在第一步中有提及意守下丹田，这下丹田正是火源）","一、观三角宫。“”","二、观三角宫中心有阿字半边“”。","三、“”字倒成“”。","四、梵字“红”、“热”、“光”。","五、由梵字变幻为“金刚亥母”。","","第二步的功法即是：","意力集中在下丹田，凝神入下丹田，这会产生“拙火”。","这会产生精神安宁。","产生火旺盛。","我们行者用“吐纳”的气，凝结在下丹田，这就是凝气入“气海”。（气海下丹田也）","如此促进“拙火”的产生。","所以：","注意吐纳。","专注下丹田。","是至要口诀。","很多行者均以为，“拙火”很烫、很热，修了汗如雨下。","其实不然，“拙火”是“意火”，非物质的火，而是“形而上”的火，有温暖的感觉，也就是：","意守真气。","氤氲四归。","","我的经验是：","平时禅定用“完全呼吸”，自觉“拙火”渐成，改用“律动呼吸”，促成“拙火”升起。","这叫关键。","也叫口诀。","这时：","小温热变大温热。","小拙火变大拙火。","道家称：","“温养是也。”","九节佛风。","我","金刚诵。","宝瓶气。","是修出“拙火”的基本功法。","我个人为了安全起见，女子修“拙火”，还是中丹田较好！","","","","","","女子修宝瓶气，或用律动呼吸，或专注下丹田，容易产生血崩，所以有些人建议用中丹田。",""
"027 禅定功法第三步","https://reader.tbboyeh.org/fullscreen_player.php#/?ebook_id=503&chapter_id=c027","“拙火”已成。","须以真气运真火（三昧真火），先从下到“生殖轮”，由“生殖轮”再回“脐轮”，由“脐轮”到“心轮”，由“心轮”到“喉轮”，由“喉轮”到“眉心轮”。","由“脐轮”到另一轮。","每“十息”升降一轮。","这就是第三步的“拙火法”。","“拙火”在“中脉”中，上上下下。","最后：","拙火到全身的经脉。","拙火到全身的毛细孔。","（请参阅卢师尊的文集，其中的拙火法）","","又：","当“真气”、“真火”在“中脉”中，上上下下，会产生的现象是：","身轻灵敏。","气色返壮。","昏昏默默。","如痴如醉。","我个人认为，这种现象，就是一般宗教术语的“法喜”或“法乐”。","很多修行人到了这个地步，就不想再前进了，因为这种快乐，在密教称为“大乐”。","凡夫得不到。","只有行者得到。","由于贪着这种“欲生欲死”的“大乐”，会令行者止步不前。","这种“大乐”即是：","“真气与真火”磨擦中脉所产生，“细、慢、长”的如痴如醉。","类似：","男女交合的性欲之乐。","但：","男女交合的欲乐，时间短。","（高潮短）","行者运行“真气”、“真火”、“真水”在中脉，产生的欲乐禅定。","（大乐长到八小时、十六小时、二十四小时，甚至......）","","道家称：","泥丸风生。","绛宫月明。","丹田火炽。","气海波澄。","夹脊转轮。","四肢山石。","毛窍如浴。","骨脉轻灵。","夫妻欢会。","在西藏密教，我认为：","练气，与“破瓦法”互相关联。","练气，与“无漏法”互相关联。","练气，与“拙火法”互相关联。","......。","","（藏密重视中脉，道家重视任督二脉，通三焦，奇经八脉，小周天，大周天）","在无漏法方面，我重视：","当","日月朝天。","舌抵上颚。","压喉结。","腹贴背。","收缩四肢。","提肛。","（我在不漏点上（真精）的成就非凡）","","","上行气尽出。",""
"028 禅定功法第四步","https://reader.tbboyeh.org/fullscreen_player.php#/?ebook_id=503&chapter_id=c028","拙火炽盛的时候，修“无漏法”是适当的契机。","一、守住泥丸宫，闭目上视泥丸，久之，精气上提，阳亦不泄。","二、阳举欲泄时，上视本尊，清心固守，精可自回。但，须等一会儿，才可不泄。","三、紧缩谷道，挟起小腹，脊背竖起，双目上视泥丸。","（欲火自熄）","我的经验是，这些方法平时要熟记，反覆训练，到纯熟时，自然成就。","这三个方法与萨迦六势变有相通之处。","接着第四步功法是：","拙火上升眉心轮。","眉心轮有菩提心月液（天庭水），拙火触之，月液下降。","这是水火既济之相。","月液由眉心轮到喉轮（初喜）。","月液由喉轮到心轮（胜喜）。","月液由心轮到脐轮（超喜）。","月液由脐轮到密轮（具生喜）。","这是“降”。","再来是“提”。","逆转成“持”。","月液由密轮上升至脐轮（初空）。","月液由脐轮上升至心轮（二空）。","月液由心轮上升至喉轮（三空）。","月液由喉轮上升至眉心轮（空空）。","","而后：","“四喜四空”。","若将真火真水，达于各脉及毛细孔，是曰“散”也。","如此反覆。","如此降提。","如此持散。","如此循环。","如此以“真气、真火、真水”渐渐的把五轮打开，就是“开五轮”。","在藏密是：","通中脉。","开五轮。","我的经验是，当行者打开了心轮，才能真正的见证“佛性”。","（这些是藏密的修持法）","道家修法是：","小周天––每次吸气终了，恰是气到“百会”；呼气终了，恰好气归下丹田。","小周天通三关，通任督二脉。","任脉自会阴起，至腹胸直上，止于目。","督脉起于会阴，循脊上行，经百会，止于龈交。","","大周天––","通督脉、任脉、冲脉、带脉、阴蹻脉、阳蹻脉、阴维脉、阳维脉。","我在这里要提醒大家几个要点：","一、上师加持很重要。","二、本尊摄受很重要。","三、护法拥戴很重要。","四、持戒很重要。","五、德行很重要。","当","六、行善很重要。","七、体会空性很重要。","在每一个关键上，会遇到打不开的瓶颈，这时务必请教根本上师，只有他才能点拨行者，达到究竟！","","","","","","","",""
"029 禅定功法第五步","https://reader.tbboyeh.org/fullscreen_player.php#/?ebook_id=503&chapter_id=c029","个修行人完成了：","“无漏法”。","“拙火法”。","“明点法”。","见证了自己的佛性之后，自然会领悟到：","一、坚定的信念让你精进无比，终于见证到了佛性（空性）。","二、心灵提升了，没有伤害，没有扭曲，一切平和，一切都是美好的安排。","三、没有烦恼，没有痛苦。（自己与他人，没有分别）","四、万物皆可为我所用，但，万物并非属于我。","五、来是业，去是无业。","六、一切随缘了！","七、无所得、无所谓、无所住。","八、游戏。","九、随缘度众生。","十、原来十方三世一切佛，都不在外，而都在自己的心中，从来没有分离过。","......。","","这些“悟”让你知道：","无我。","无人。","无众生。","无寿者。","幻。","无生。","（你只是在人生中游戏，什么执着都没有，慈悲及爱，也是不变随缘，随缘不变）","","●","","这第五步禅定功法是––","将：","“真气”。","“真火”。","“真水”。","化为净光，这净光遍照行者全身，连毛细孔都现光。","地、水、火、风、识，全化光。","行者迁化时：","身子缩小。","五脏六腑全化去。","或一切皆无。","或剩毛发指甲。","虚空中化虹而去。","（即身成佛）","","在道家：","小周天（炼精化气）––百天。","大周天（炼气化神）––四年。","练神返虚––九年。","在道家，这称为“初关”、“中关”、“上关”。","三关皆通达。","在禅定中，产生：","一","丹田火炽。","两肾汤煎。","眼吐金光。","脑外鹫鸣。","身涌鼻搐。","而后：","无脉而正常。","气息微微。","飞空。","耳后风生。","身子疏松柔和。"
"030 禅定证明“乐、明、空”","https://reader.tbboyeh.org/fullscreen_player.php#/?ebook_id=503&chapter_id=c030","个人的经验，由禅定功法之中，可以证验到三个字：","“乐”––法乐。","“明”––光明。","“空”––空性。","我说：","当“气”入中脉，气在中脉游走，因摩擦故，产生了“乐”。","当“拙火”，在中脉中游走，甚至走到全身各脉，产生了“乐”。","“拙火”与“月液”，在中脉中游走，因摩擦故，产生了“喜乐”。","这种“乐”，无法形容，一句话：","“酥酥麻麻，欲仙欲死。”","一般人到了“法乐”、“法喜”，不舍离去，就耽在那里，其实只是“欲界天”的境界而已。","","●","","我说：","“拙火”升起，是“热”、“红”、“光”，其中的光明，可以证明“明”字。","“拙火”加“月液”，如油入火，光明炽盛。由于“水火合一”通中脉，开五轮，产生了“明”。","当“水火合一”之时，通所有经脉，到毛细孔，有光明透出。","全身在光明之中。","这种境界，约在：","“色界天”。","","●","","我说：","当开了所有的经脉，开了五轮，开了七轮，见证到了“佛性”。","证得：","“空无边处”。","“识无边处”。","“无所有处”。","“非想非非想处”。","这是四空天。","因此，证验了：","“四空”。","进一步就是：","“空性”。","“佛性”。","","●","","我说：","当“空性”出现的时候，可以领悟你与佛是一体的。","甚至你、我、他、一切众生、宇宙万物是一体的，由此产生了慈悲心。","佛。","人。","万物。","一体，因为这是“法性空”的同体，慈悲菩提心的显现。","另外：","行者一般对父母、子女、朋友都会生起慈悲心，这是一般人的观念。","但，你只要修证了“空性”，在这个三摩地中，主客已是一体，这当中产生的慈悲，不限于父母、子女、朋友。连对无缘的众生，也产生了慈悲心。","我","（这就是无缘大悲）","我所说的“乐”、“明”、“空”都是我的经验，这种经验，是我自己去体会。也许其他的人，有不同的思维。","","","","","","","","",""
"031 了鸣和尚所教导的“吐纳”","https://reader.tbboyeh.org/fullscreen_player.php#/?ebook_id=503&chapter_id=c031","真道长、了鸣和尚是同一人，所以有佛有道。","我昔日曾问：","“禅定呼吸如何？”","了鸣和尚说：","藏密方面：","九节佛风––是以完全呼吸，至下丹田，及以“意用”，做九节的呼吸。","金刚诵––是以咒字，完全呼吸，至下丹田，闭气，再呼出。","宝瓶气––运用完全呼吸，以“四息法”，最后闭息，再射出息。","（其中细节，我以前的书中均细述过）","了鸣和尚说：","在道家最重视：","“行气”。","“食气”。","“炼气”。","这些说来话长。","","庄子说：","“吐纳是吐故纳新。”","葛洪说：","“鼻中引气而闭之，心数百二十，乃以口微吐之，吐气及引气，不欲令己耳闻其气出入之声。常令入多出少。渐习转增心数，久久而至千。”","陶弘景说：","“凡行气，以鼻纳气，以口吐气，微而引之，名曰长息。”","孙思邈说：","“气息得理，即百病不生。若消息失宜，即诸痾竞起。”","《道藏》又说：","“行气至胎息，不复以口鼻为之，如在胞胎之中，则成道不远。”","","我的经验是：","一、完全呼吸很重要，也就是每吸气，要深要长，达于下丹田为要。","二、闭气于下丹田，由时间短，到时间长。","三、射息不宜太多，一个月一次为宜。","四、细慢长的呼吸为宜。","五、急短粗的呼吸，属律动呼吸，要配合拙火的初生。","六、吸入多则好。","七、吐太多则不好。","八、不闻有声。","九、若不能吸长吐短，也要吸吐同长。","十、散息，最好用意，将气遍全身，而后慢慢散掉。","十一、勿太勉强为之。","十二、若咽液，在气下时，咽之。","十三、吐气时，保留一点中住气，不完全呼出。","十四、修吐纳法时间：","以夜子时到中午十二时为活气。","以十二时到晚上亥时为死气。","（我本人不拘时辰）","十五、呼吸由毛气孔出入，则成了胎息法。","十六、胎息法则近成道。","十七、在空气佳的地方，做吐纳；在空气不佳的地方，勿做行气。","十八、初习者，宜勿急促。","十九、久习者，可将吐纳及五脏六腑全身，全部结合成一。","清","","人人本生混沌之气。","气生精。","神生明。","这是长生久视之理。","","","","","精生神。",""
"032 一问一答","https://reader.tbboyeh.org/fullscreen_player.php#/?ebook_id=503&chapter_id=c032","问：","“卢师尊，你认为禅定有几类？”","我答：","“无数。”","人问：","“这话太扯了，怎么说？”","我答：","“不扯，精神集中，就是禅定。”","人问：","“举一个例子吧！”","我答：","“男女接吻，共入化境，恍恍惚惚，融融合合，乐遍全身，二合为一，就是禅定。禅定就是入了神。”","人问：","“接吻有此境界？”","我答：","“然。”","人问：","“卢师尊！我问的是佛教禅定。”","","我答：","“有为禅定、无为禅定。”","人问：","“什么是有为？”","我答：","“我在前几篇写的，从数息到明心见性，一切种种全是有为禅定。”","人问：","“什么是无为禅定？”","我答：","“就只这么一坐，一切都无所执着，气机自然运作，如此而已。”","人问：","“无为禅定是怎么回事？”","我答：","“身不动、口不动、意不动。坐忘、入神、无念。我的经验是，就只要一刹那的空，宇宙的法流融入，内外打破，成了无我空，一切自然成。”","","人问：","“可以明心吗？”","我答：","“可！”","人问：","“可以见性吗？”","我答：","“可！”","人问：","“那就修无为禅定就好，何必修有为禅定？”","我答：","“无为禅定不易。”","人问：","“为什么不易？”","我答：","“人有烦恼障、所知障，有种种习气，无念要达成不易。”（先有为，后无为，无为又有为，有为又无为）","人","人问：","“那要修有为禅定了？”","我答：","人问：","“为什么一定要禅定？”","我答：","“戒定慧是三无漏学，成佛唯用『禅定』及『智慧』，这是成佛的双翼。”","","","“方便就是究竟。”",""
"033 禅定利益说","https://reader.tbboyeh.org/fullscreen_player.php#/?ebook_id=503&chapter_id=c033","据佛陀的开示及《月灯三昧经》，除了禅定得解脱之外，明心见性之外，即身成佛之外，还有很多的利益。","一、修禅定的人，面相愈来愈庄严，相由心生，心平和，相就平和。","二、在举止方面，修禅定的，不偏激、不忿忿不平，自然贤明。","三、修禅定的人，因已转化，故：","心柔软。","恭谦心。","慈悲心。","四、知天下是一大幻，故可破除诸苦。","五、修禅定，精神能够集中，不会被外界诱惑，而心浮动。","六、在禅定中，在食物匮乏之时，可以：","甘露食。","法乐食。","气食。","禅悦食。","七、世上一切欲望，渐渐变淡。","八、一切执着，渐渐放下。","九、修禅定的过程中，一分一秒均不浪费。每一个分秒，都有善果，并不是浪费时间。","十、禅定坚固，自成结界，邪魔不能侵。","十一、如同置身佛国之中。得：","上师加持。","本尊摄受。","护法拥戴。","十二、解脱道渐渐的成熟了，菩提道也渐渐的成熟了。","十三、离苦得乐。","十四、身上的光明，渐渐的产生。","十五、善神拥护，福分增长，有能力行一切大善事。","十六、累世的恶业消除了。","十七、六大神通力开发了：","天眼通。","天耳通。","神足通。","他心通。","宿命通。","漏尽通。","（拥有了证量及法力）","十八、所有佛菩萨现全身加持。","十九、所有空行母来帮助行者。","二十、佛慧得之。","二十一、生死能自主。","二十二、成就圆满的佛。","","我写的禅诗：","千尘百劫只空空。","小别人间便不同。","入定境界人不识。","只缘身在极乐中。","","又：","镜中才色实超群。","学禅自然本尊临。","根","二者相应瑜伽时。","借此幻身上天庭。","","法身原在如来天。","报身却在极乐园。","只为人间净土客。","应身接引现在前。","（写诗只是表心意，无他）","","又：",""
"034 在禅定之前准备","https://reader.tbboyeh.org/fullscreen_player.php#/?ebook_id=503&chapter_id=c034","问：","“是不是每一个人，都应该修行禅定？”","我答：","“是的。但，种类太多，要有抉择。”","人问：","“如何说？”","我答：","“因人而异。要修禅定前，有很多前行，必须一一去完成。”","我说：","骄傲心的人要修五体投地大礼拜。","小器（气）的人要修大供养法。","欲念强的人要修白骨观。","憎心重的人要修自他互换的菩提心。","太执著名位的人，要修幻观。","所以，每一个人修禅定之前，最好依自己的性情，先做一些适当的调整。","","●","","人问：","“修禅定，一定要有恒长的心，现代人恒心不够，怎么办？”","我说：","恒长心是训练出来的！","例如：","我的写作。","我的修法。","就是我恒长心的表现。","因为我受过军事教育，锻炼自己的体魄，每日按部就班。","训练成自己的毅力！","人问：","“我们在家居士，可以不可以参加舞会？唱卡拉ＯＫ？派对，或打打麻将，或喝一点小酒，或去赌场？”","我答：","一切外在的活动，或迷惑自己心性，或沉迷其中，无法自拔，是不好的。","有些无法避免。","少少可以。","多多就不好了！","总之，一定要节制。","开心过了就好，要赶紧把游乐的心收回来，还是继续修行为要。","","人问：","“如何过没有颠倒的日子？”","我答：","依八正道就好，依八正道就不颠倒。","正见。","正思维。","正语。","正业。","正命。","正精进。","正念。","正定。","人","（这其中之一是禅定也）","人问：","“如果有障碍，怎么办？”","宜请教老修行的人。","请教有禅定经验的人。","请教自己的根本上师，对根本上师须适当的恭敬。","避免，以盲引盲。","","","我答：",""
"035 如何有分辨能力","https://reader.tbboyeh.org/fullscreen_player.php#/?ebook_id=503&chapter_id=c035","问：","“除了请教大善知识及根本上师之外，我们自己如何有分辨能力？”","我答：","“要有分辨力，是依经验而来。例如，你读卢师尊的书，你会渐渐懂得很多知识，分辨能力就能生出。”","人问：","“重点是在分辨什么？”","我答：","“时间、地点、时机、状况。”","人问：","“请卢师尊分析。”","我答：","时间––入禅定的时间，专注力多久，其中的觉受。","地点––选择大成就者的岩洞，有加持力的地方。或能自己找到有灵气的地点，这里关系到风水地理。","时机––你必须知道，何时禅修最好，最佳的时机是什么时候，火候如何，何时用文火，何时用武火？","状况––禅定的状况多如牛毛，你一定要懂得各种状况的应对，例如八触及种种过患，","如何去对治。","等等等等。","","人问：","“如何才算无上正等正觉？”","我答：","“这也要有分辨能力，你要自知什么是乐受，什么是光明，什么是空，千万不可自满。得到乐，不是究竟；得到光明，不是究竟；得到空，不是究竟；要得到无上正等正觉，才算是究竟。圆满的证得，不是乐、明、空，不能自满，一点点的进步，不是无上正等正觉。”","人问：","“无上正等正觉是什么？”","我答：","解脱。","菩提。","明心。","见性。","寂灭。","涅槃。","","人问：","“谁能证明？”","我答：","“佛与佛知！”","人问：","“有何经典可证明？”","我答：","“《金刚经》及《楞伽经》，可以证明。”","我的建议：","一、一个禅修的人，一定要有指导你的上师，这位上师一定是开悟的上师，见证佛性的上师，注意分辨。","二、要舍弃世间的执着，有恒心毅力向往三摩地。","三、没有忧悒、躁悒，以佛法的喜爱，努力的精进。","四、有智慧。","五、能分辨。","六、修行次第的认知，当然更须要分辨，不可偏差。","","","","人","","","","","","","","","","",""
"036 禅定的过失","https://reader.tbboyeh.org/fullscreen_player.php#/?ebook_id=503&chapter_id=c036","问：","“禅定时产生的过失与偏差，主要有哪些？请卢师尊指教。”","我答：","“过失或偏差，其实满多的，我指出比较普遍性的。”","人问：","“最普遍的是什么？”","我哈哈大笑：","“第一，根本是闹着玩的。”","人问：","“什么是闹着玩的？”","我答：","“一天捕鱼，三天晒网。听说禅修很好，他就跟着坐，有样学样，坐一次，休息多次，没有次第，坐下来，胡思乱想。”","人问：","“如何才是真正修禅定？”","我答：","“不懈怠是第一。”","","人问：","“第二是什么？”","我答：","“有很多人想禅定，但，不知道怎么开始；听根本上师的开示，旋听旋忘；看卢师尊的书，捉不到重点；想禅定，不知从何下手。”","人问：","“怎办？”","我答：","“读完《三摩地玄机》，捉住重点，就有下手处。这是第二要紧。”","人问：","“那第三种过失，又是什么？”","我答：","“一上座，就睡着了。哈哈！这就是昏沉，禅定不是睡觉啊！”","人问：","“那怎办？”","我答：","“要不睡着，只有精神提一提，要警醒一些，按着次第方法前进，密教修气、修拙火、修明点、修通脉、修开五轮。”","","人问：","“我知道了！第四种过失一定是掉举，精神太高昂了，对吧！”","我答：","“精神太兴奋，脑海胡思乱想，对入三摩地是一大障碍，主要是松一些，保持冷静；不管禅定修哪一种法，都是放松，保持冷静，这才是对的。”","人问：","“还有什么过失？”","我答：","“你若对睡着或精神太亢奋，随着它去，不采取止法，这就是没有适时反应，睡着就睡着，亢奋就亢奋，这也是过失。”","人问：","“还有什么？”","我答：","“总之，要对禅定法有信心，有够精进，贯彻自己的恒心。也不一定要用苦行，古时的不食、倒吊、学动物、入水中、针刺......，不要太激端。另外，常常记住上师的教诲，不明白时，赶快问，勿堕魔境。”","","","","","人","","","","","","","","","","",""
"037 如何让“心”静下来","https://reader.tbboyeh.org/fullscreen_player.php#/?ebook_id=503&chapter_id=c037","问：","“我心非常的乱，每次禅定，妄念不止。卢师尊，如何救我？”","我学达摩祖师：","“把你的心拿来！”","那人说：","“我找不到我的心。”","我说：","“我已让你安心了！”","（这则是仿达摩祖师的。找不到心，即无心，无心则心不乱）","人问：","“心散乱如何？”","我答：","“止。”","人问：","“止不了！”","我答：","“观。”","人问：","“如何观？”","我答：","“以观来止止也！”","","又：","人问：","“为什么心会散乱？”","我答：","“看了不应该看的，听了不应该听的，这就会乱。”","人问：","“怎么办？”","我答：","“不看、不听、不说，这三只猴子很重要。只要不看、不听、不说，乱就会变成静。世人常说，眼不见为静（净）！”","人问：","“还有其他原因吗？”","我答：","“世缘太多、外缘太多、俗务太多、应酬太多，心自然乱。纷纷扰扰，哪能不乱。心到处奔驰，不乱行吗？”","","人问：","“世缘、外缘、俗务、应酬，如何避之？”","我答：","“尽量减少，一些不必要的，去除之。若有机缘，闭关最好。若能闭关，心自然静下来也！”","人问：","“如果闭关，心仍然乱，如何？”","我答：","“那绝对是行者自己心里，记忆了一些陈年旧事，在脑海中徘徊不去。唯一的方法，就是把过去的垃圾丢了，忘记它。”","人问：","“丢不了，怎办？”","我答：","“用观来止，例如无常观、不净观，就是丢垃圾的方法了！”","人问：","“如果也一样丢不掉，怎办？”","人","我答：","“那就去『呷塞』（台语）！”","“卢师尊！你怎可这么说？”","“不可雕也！”","","","","","","我答：",""
"038 如何分别四禅","https://reader.tbboyeh.org/fullscreen_player.php#/?ebook_id=503&chapter_id=c038","问：","“如何分别四禅呢？”","我答：","“这分别是很微细的，有时候是混同。其实，不能分，是勉强分。”","人问：","“可以细述一下吗？”","我答：","“可。”","我说：","我习惯用“天界”来分析四禅，例如：","欲界天––","有少少的悟。（小悟）","想要再探索。","有法喜出现。","有法乐出现。","已有轻轻的禅定。","（以上是初禅）","","再来是：","对禅定已有清净的信任。（净信）","法喜。","法乐。（大乐）","能够有较深的禅定。","（以上是二禅）","色界天––","已产生了自他一切平等。（平等性智）","只有一念。","智慧（般若）开发。","光明出现。","能够进入最寂静的深禅。","（以上是三禅）","无色界天––","无痛苦、无喜乐。","一切平等。","空。","空空。","非想非非想。","（以上是四禅）","","人问：","“这种四禅，只有佛教有吗？”","我答：","“不是。任何修行人或宗教人士修禅定，这是共同的。也就是讲，任何宗教，只要修禅定，都可经验到。”","人问：","“什么才是佛的至高禅定？”","我答：","“等觉、妙觉。无上正等正觉。”","人问：","“还有什么特别的觉受吗？有关四禅的。”","","人","我答：","轻安。","舒畅。","无碍。","不容易产生邪念。","不容易受诱惑。","有正见。","不做恶法、恶行。","","愉快。","先天气流（法流）充满全身，遍流一切处。一般说来，先是全身遍满一切气（真气），天人合一之现象；接着是光明渐渐的一一出现，到全身光明；最后是绝对的证悟，进入寂灭。"
"039 如何避开偏差","https://reader.tbboyeh.org/fullscreen_player.php#/?ebook_id=503&chapter_id=c039","问：","“卢师尊！这本书一直强调禅定，如果一个行者，一日一座，一日四座，一日六座，这样的佛法是不是偏差了？”","我答：","“我行中道。”","人问：","“现代的佛教行者，很多人做法与卢师尊不同，有的主张以行善为重，你认为呢？”","我答：","“中土佛教，提倡大乘，大部分行者自以为是菩萨，教人行善，无可厚非。但，太偏重行善，而疏忽了自己的心灵提升，不修禅定，到最后仍然无法解脱。”","人问：","“那卢师尊以为呢？”","我答：","“提倡人间佛教、人间净土，说法当然很吸引人，然而出离心是不是少了些？欠缺出离心，不主张出离，当然离开了佛陀当初的本意，我是这样子认为的。”","","人问：","“有些大师，建立最大的寺院，或是最大的山头，你认为呢？”","我答：","“建设大山头，建最大的寺院，我认为这是可以的。这和佛陀时代的住岩洞、树下、冢间，差别太大了，所以我认为要中和一下，要建寺，也要禅定。”","人问：","“大乘人批评小乘人，自私、无知，你认为呢？”","我答：","“不可。四圣谛法，是佛所说法，小乘人守戒律，重出离，这是佛法的基点，不可轻忽的。小乘人重视修自己，若不修自己，将来如何解脱？”","人问：","“有佛教徒说，小乘非佛说，是吗？”","我答：","“佛陀初转法轮，在鹿野苑，离圣城『瓦拉那西』不远，讲的是苦、集、灭、道。小乘法注重修己，这是佛法的立足点，不可以批评及毁谤。”","","人问：","“现代佛教徒不重视戒律，如何？”","我答：","“不对！”","人问：","“大乘人推动行善救众生，对吗？”","我答：","“对。但也要修己，修己与度众生，要同时进行！”","人问：","“你喜欢小乘或大乘？”","我答：","“小乘、大乘、金刚乘，三者都重要。如果没有小乘，戒律与禅定都没有了，如何能得解脱？”","人问：","“佛法有偏差，是为什么？”","我答：","“大师们没有讲清楚，一味迎合大众口味，这就产生偏差了！”","","","","","","","","","人","","","","","","","","","","",""
"040 修“观想”的选择","https://reader.tbboyeh.org/fullscreen_player.php#/?ebook_id=503&chapter_id=c040","问：","“卢师尊！你认为所有的观想法，都要修吗？”","我答：","“不是的，这是依各人的习性而修。”","人问：","“如何说？”","我答：","我用最简单的分析如下：","数息法––是对治散乱的。","不净观––是对治贪的。","慈悲观––是对治瞋及恨的。","因缘观––是对治痴的。","（每一个行者，自己明白自己的习性，修观自然能得利）","也有人说：","性子太急的用“数息”。","性子太慢的用“不净”。","有大智慧的用“慈悲”。","有大慈悲的用“因缘”。","","●","","人问：","“修观有何益？”","我答：","数息观能得“静定”。","慈悲观能增“福德”。","不净观能增长“出离”。","因缘观能明了“空性”。","（我个人觉得，没有出离心，修行不会『得力』。上等成佛，中等成菩萨或阿罗汉，下等升天。若不出离世间，那就完全得不到了）","我不太喜欢：","人间佛教。","人间净土。","人间天堂。","（因为这是“乌托邦”的理想，世界大同的理想，不可能实现的）","","不净观强调：","死是共法，没有人可避免。","肿胀想。","青瘀想。","虫啖想。","败坏想。","脓烂想。","腐朽想。","骨灰想。","这是死亡的观想，有助于舍弃一切。打破健壮、青春、姣美、身材、性欲、贪婪等等的执着。","大家可以想想––","在过去，有不少的圣人、佛陀、贤人、帝王、富豪......。","全难免一死。","在现在，有不少的邻居、父母、小孩，不管老、中、青、少，人人都走向死亡。","全难免一死。","人","未来，会变现在，再变过去。","全难免一死。","因此，贪、瞋、痴、疑、慢，你还执着什么呢？","于是金钱、美色、地位、美食等等，就不会执着了！","一切烦恼断尽。","","","","","我个人常想“不净观”。",""
"041 开悟有何利益","https://reader.tbboyeh.org/fullscreen_player.php#/?ebook_id=503&chapter_id=c041","问：","“卢师尊常常提到开悟，禅定可以见道，见道就是开悟，请问，如何可以开悟？”","我答：","佛教修行有五个阶段：","资粮道。","加行道。","见道。","修道。","究竟道。","我个人觉得，要见道开悟，只有二个方法，一是智慧，二是禅定。","我说：","“从佛教经典中，有很多了义的经典，如般若经典，其实已有开悟的深义在其中，若能领受即得开悟。又，在禅定中，到了无色界的四禅定，差不多见道了。再由上师认定，自能得利。”","人问：","“开悟有何利益？”","我答：","“破除邪见。”","","人问：","“什么是邪见？”","我答：","“佛教中有很多佛教名词，一般人不懂，什么见取见、戒禁取见、萨迦耶见、邪见、边执见。这些名词，令人生厌。”","我说：","我所说的邪见，比较直接：","一、执着我或执着我的。","二、偏见。","三、没有因果，没有轮回。","四、顽固的曲解。","五、见解偏了。","等等等等。","只有开悟见道的人，才能破除“烦恼障”及“所知障”。","","我说：","资粮道不能破除这些障碍。","加行道不能破除障碍。","只有见道（开悟）才能破除。","可以说：","开悟了！恼怒全没有了！","开悟了！忧愁全没有了！","开悟了！就不顽固了！","开悟了！执着就不在了！","开悟了！平等、大圆、法界。","开悟了！自在。","开悟了！任运。","","我教大家，好好体会三法印吧！因为三法印才是真理。","“无常”。","“无我”。","“空”。","人问：","“除了破除邪见之外，还有什么利益？”","人","我答：","信心更坚定。","修持更精进。","出离心更真实。","智慧无上。","明白佛理。","","","","持戒。",""
"042 十种有助禅定的“念”","https://reader.tbboyeh.org/fullscreen_player.php#/?ebook_id=503&chapter_id=c042","问：","“禅定功深令人向往，如何才能在平时帮助禅定功力增强？”","我答：","“十种念！”","人问：","“哪十种？”","我答：","念佛––念佛时，观佛的庄严，令自己清净。","念法––念法时，明佛之智慧，令自己得佛慧。","念僧––念僧时，知僧之戒律，令行为不偏差。","念戒––念戒时，戒行一切具足，令心定不移。","念施––念施时，自利利他，增长自己功德。","念天––念天时，诸天护持，不会着魔入邪。","念死––念死时，一切皆空空，令贪念止息。","念身––念身时，知身不固，息贪瞋痴。","念息––念息时，知一息不来，一切乌有。","念寂静––念寂静时，知人生本相，即刻开悟。","","人问：","“有人说念天与佛法无干涉？”","我答：","“诸天护持佛法，也护持修学佛法的人，如何可以不敬天？”","人问：","“这十念和四念处，有何不同？”","我答：","四念处是：","观身不净等同念身，不净观，息为己也。","观受是苦等同念寂静，增长出离心。","观心无常等同念戒，增长定力。","观法无我，等同念死，我及我所皆无，可以开悟。","人问：","“四念处，有其他意义吗？”","我答：","“观身不净––我空。","观受是苦––教空。","观心无常––心空。","观法无我––性空。”","","我又说：","“文殊菩萨说：","身空。","心空。","法空。","性空。”","人问：","“为什么要学习这一些呢？”","我答：","“净化！”","人问：","“修禅定，为何你说要从数息入手？”","人","我答：","数息是基础，修气第一是数息。","注意息入，注意息出，息长息短，息遍全身，息法是专一。","喜乐。","妙乐。","法乐。","大乐。","无漏。","这是金刚乘的修法，“气、脉、明点”直至光明，明心见性。","由息产生：","拙火。"
"043 无垢光明论","https://reader.tbboyeh.org/fullscreen_player.php#/?ebook_id=503&chapter_id=c043","问：","“卢师尊在二○一五年十二月在香港，举办『白莲花王』的大法会，盛况空前。白莲花王是香巴拉净土的第二代王，祂写的《无垢光明论》，主旨是什么？”","我答：","“空。”","人问：","“空是什么空？”","我答：","“无垢。”","人问：","“如何无垢？”","我答：","“这是时轮法的本义，表示时间的巨轮一滚过，把山河、大地、人物，全泯灭了，全消灭净空，一切皆无，这就是空。”","","人问：","“世间有垢，如人有业，如何是空？如何是无垢？”","我答：","“过去的已过去，现在的也会变过去，未来的变现在，现在又会过去，以时间泯灭一切，故空。”","人问：","“石头是空性吗？”","我答：","“是。”","人问：","“石头硬硬的怎是空性？”","我答：","“无自性，故空。”（石头也会风化掉）","人问：","“虚空是空性吗？”","我答：","“是的。”","人问：","“虚空怎会是空性？”","我答：","“同样无自性。”","我说明：","“虚空有云变幻、天气变幻、光明黑暗变幻、雨风雷电变幻、冷热变幻，一切全在变幻，故无自性空。”","","人问：","“石头又怎么说？”","我答：","“石头也有风化、雨化、震化，沧海变桑田、桑田变沧海，无自性空。”","人问：","“如何是光明？”","我答：","“无垢即光明。”","我说明：","“光明就是佛性。”","人问：","“卢师尊，你认为这世界上有自性的东西吗？”","我答：","“没有。在《心经》上有明白指出，无眼、耳、鼻、舌、身、意。”","人","人问：","“如何证明没有？”","我答：","（本短文，言简意赅）","","","","","","“全是一合相，《金刚经》就是证明。”",""
"044 从禅定体会到的空性","https://reader.tbboyeh.org/fullscreen_player.php#/?ebook_id=503&chapter_id=c044","问：","“由禅定体会到空性，可以证明什么？”","我答：","“佛言无误。”","人问：","“无误是指什么？”","我答：","“可以证明：无自生、不他生、不共生、不无因生。”","人问：","“这些是名词，不是很懂。”","我答：","“最好注意第四句『不无因生』，凡事皆有因缘，有因缘才生。由第四句引证，无自生、不他生、不共生。”","人问：","“又印证什么？”","我答：","“不生不灭、不断不常、不一不异、不来不去。这『八不』是证明空性的。”","","人问：","“如何说？”","我答：","“第一句是生死的本质，第二句是无常的本质，第三句是不执着的本质，第四句是佛性的本质。”","人问：","“又印证什么？”","我答：","“我空、人空、众生空、寿者空。”","人问：","“其深义呢？”","我答：","“在自我观照上，一个人是一合相，众生是一合相，人们是一合相，时间本空，空间亦空。”","人问：","“可以比喻吗？”","我答：","“我们觉得人生是一场梦，时候一到，梦就空了。人生是一场大幻，像是真实的，时候一到，才知是幻。人生像是泡沫，体会到无常，泡沫就消失了。人生像影子，看来是有，其实只是影子，不是真实的，故而，这些都是空。”","","人问：","“露也是比喻、电也是比喻，是吗？”","我答：","“正是。”","人问：","“为何禅定会证明这些？”","我答：","“禅定时，入三摩地，便知，内无我，外无我。因此，可以证明。”","我又说：","“无所得、无所住，皆可证明。”","人问：","“如你所说，人生岂不是毫无意义，非常的消极？”","我答：","“是更积极。”","人问：","“怎么说？”","人","我答：","“要明白这些道理，须更加的精进。要度众生出离，须精进的引众生出迷出幻，这是须积极的。这种积极就是菩提心，菩提心是离苦得乐。”","","","","","","","","",""
"045 三摩地的历程","https://reader.tbboyeh.org/fullscreen_player.php#/?ebook_id=503&chapter_id=c045","问：","“入三摩地的历程，我觉得很迷糊，请卢师尊说明。”","我答：","第一，你先经历欢喜、法喜、乐受，那是大乐的现象。我讲过，气通脉、拙火通脉、明点通脉的觉受。","第二，有了大乐，你不会去想得到世俗的一些小乐。例如：","财。","色。","名。","食。","睡。","因此，你远离了贪、瞋、痴、疑、慢......，你可免了世俗一切垢秽。","第三，你进一步，会发现光明风脉，你愈来愈有智慧，自己能放光，诸尊能放光，山河大地能放光。","第四，发出来的光，愈来愈强烈，这些全是智慧之光，可以烧尽一切的烦恼，光也是火的缘故。","","第五，你的智慧光火，已能破除一切障碍，到了这个阶段，就是“无碍”了，一切都是最美好的安排。","第六，你会知道一切皆空，自空、他空，你明显知道：","时间空。","空间空。","竖穷三际，横遍十方，一切现在眼前的，全是空。","空性现前。","第七，你与空性合一了，无眼、耳、鼻、舌、身、意。无色、声、香、味、触、法。无眼界、无意识界。无无明，亦无无明尽。","第八，也就是：","神通。","任运。","自在。","不动。","无生法忍的果位。","第九，在一切有中而不执著有，在一切空中而不执着空，所有一切不成障碍，可以随缘说法。","菩提心大发。","第十，行者自己与佛性合一，如虚空一般，普降法雨甘露。","","与佛等觉。","与佛妙觉。","人问：","“卢师尊所述，岂不是密教的乐、明、空吗？”","我答：","“不远！”","人问：","“历程虽明，但，是否有重叠现象？”","我答：","“十种历程，一一呈现，有仿佛，有互应，有逾越。但，总的来说，由粗而细，由细到最细细。”","人问：","“不可思议！”","我答：","“三摩地确实不可思议！”","","","","","","人","","","","","","","","","","",""
"046 三摩地的悟境经验","https://reader.tbboyeh.org/fullscreen_player.php#/?ebook_id=503&chapter_id=c046","问：","“入三摩地，确实不可思议，请谈一谈你的不可思议。”","我说：","一切都是“一合相”。","我的经验是“一”。","例如：","现在、过去、未来，看来是“三”。","但，我能一以贯之。我能贯穿三际，知过去世、知未来世。甚至，融入过去、现在、未来，在三摩地中，合一。","又：","在有情世界，能够穿透各建筑物的墙壁，甚至土中、火中、水中、风中、空中。","进入大山。","进入大海。","另外，可以进入佛国净土。","知晓佛国净土也是“一”。","","又：","相应了一尊佛，就等于相应全部的佛，甚至菩萨、金刚、护法、空行、诸天。","每一尊都相应了。","一就是多。","多就是一。","就算是形相差异相当大的，也一样能够相互合一。","例如：","佛陀、阿弥陀佛、观音菩萨，合一成“莲华生大士”。","阿弥陀佛、文殊菩萨、炎摩法王，合一成“大威德金刚”。","......。","","又：","佛法很多很多。","法门很多很多。","修法很多很多。","但，一切法竟然究竟无差别。","圆满的。","平等的。","无别的。","在三摩地中，没有独一的，也没有自我的。","又：","看见各个法界。","也看见一个大法界，由各个法界互融而成。","法界体性的互入。","很稀奇。","也一样不稀奇。","感觉上是一样的。","","又：","从大事中知道小事。","从小事中知道大事。","巨细皆知。","无所不知。","在一切现象中，知道所有现象，变成了全知一切。","又：","人","眼、耳、鼻、舌、身、意、意根、阿赖耶，这八识是一识。","一识也是无识。","空性。","主伴互相圆明。","互相辉映。","真的是不可思议啊！","","","","佛性。",""
"047 禅定会入魔吗？","https://reader.tbboyeh.org/fullscreen_player.php#/?ebook_id=503&chapter_id=c047","问：","“禅定会入魔吗？”","我答：","“会。”（很肯定）","人问：","“怎么办？”","我答：","“须有真正的上师指导，避免入歧途。”","人问：","“入魔有几类？”","我答：","“很多。”","人问：","“请卢师尊说明。”","我说：","修禅定，一定要修“披甲护身”，修“防护”，修“护法”。","也要修“结界”。","避免魔入干扰。","例如：","佛陀入定，三位波旬的魔女，浑身解数的诱惑。一般人定力不够，早就神魂颠倒，功力大丧，堕入色的陷阱，无法自拔。","","又：","修禅定时，有瞋来干扰，周遭的人的阻止，会引发你的瞋念。","瞋火一起。","火烧功德林。","功德亏损。","又：","修禅定的人，容易自大，认为自己是修行人，别人全是笨蛋、无知、世俗、低等。","自以为圣。","他人为俗。","这种心态是着了“自大”的魔，须更慈悲来看众生。","魔来时，会对你说：","“你已得正觉！”","“你是大佛转世！”","“你比你的上师更大！”","因此，你就“傲慢”了。（傲慢成魔）","又：","魔常用人的弱点来攻击你。","","例如：","你修禅定，梦中见你的爱妻与好友通奸。","你心生大瞋。","禅定就被攻破了！","又：","魔变化来与你通灵。","日也通，夜也通，无时不通，通来通去，影响身体。","精神错乱了。","（精神医院，这类人甚多）","又：","魔有四：“烦恼魔”、“五蕴魔”、“死魔”、“天魔”。","人","又有十魔。","加上“业力魔”、“心魔”、“执着魔”（执善、执法、执世俗慧魔、执佛，此执着魔第一厉害）。","人问：","我答：","“听上师指引，『无我』是破除诸魔的最佳妙法了！”","","","","","“怎办？”",""
"048 附录：「莲花忠正」的阅读心得","https://reader.tbboyeh.org/fullscreen_player.php#/?ebook_id=503&chapter_id=c048","读心得","倾囊赠与","重阅师尊第一百本文集，写作生涯的点滴，年纪不大或不住在台湾的，无法感受到那种刺激、辛苦、无奈的写作日子。其中一章〈生活在夹缝之中〉所透露白色恐怖更深刻。弟子真希望再重新自第一册，一章章慢慢阅读。","其实，前一百集的修法经历易得启发﹔百集以后，修为已臻化境，许多字句阅读起来相当吃力，时需前后对照，或翻阅好几册「经教开示」专书。惜视力减退，且新书阅读加重，只好望之兴叹。","新书越来越精彩，琳琅满目，好似当年弥勒菩萨到灵仙阁送礼物，倾囊而出，常想先读为快，进度却一直落后。","第二四○册《打开宝库之门》也到处宝贝。惟因记忆不如从前，这几本书都带在身边，随时温习，反复演练。","第二四七册《莲生符》开创新局面。感觉等于师尊将承担救急的宣示。每一符式「雷力」隐隐，旁示简单扼要，汇归劝导「自净其意」，苦口婆心，信众之福。","第二四九册《来自佛国的语言》宜配合其他早期书册或甚至开示报导研读。例如，〈修宝瓶气之要诀〉提示：「吐气时，不宜全吐尽，保留少少气，这是我莲生活佛教大家最重要的口诀，这保留的是『中住气』。（此段少人知之）」岂止少人知道，如何将保留的「中住气」纳入？如果不参阅前面几册解说，则无法产生深刻效果。","「重读五灯会元」系列以现代语文，粹炼公案精义，提出活化的禅参题。十二册加其他四册，共计约八百章，每章平均以三题计，共二千四百题。如再加上哲思系列章句，足够禅子在里头悠游、受用一辈子。","三、阿字观修习，增加禅定力：⑴有相阿字观（据知显教行者挂一阿字在座前，一面念经，一面凝视阿字）。⑵无相阿字观（如师尊传的阿字抹去观）。","末后一句","第二四六册《自己与自己聊天》之附录，师尊明示：「没有南泉，也没有猫，何来南泉斩猫？假戏假做。」","弟子参研理会为：「尽大地没有南泉，连一只猫也没，南泉斩猫更是梦中之梦，是幻化的戏码，幻演一场。」","师尊曾在第二二九册《解脱的玄谈》表示，有一世转生于元朝中书令耶律楚材，拜万松秀禅师为师。据记载，万松秀禅师应耶律楚材之请，做《从容录》。这本书性质如《碧岩录》，是一部禅宗公案的颂古评唱。","《碧岩录》的作者雪窦显禅师及圜悟勤禅师都是临济宗门传人﹔《从容录》则是对曹洞宗巨擘天童觉禅师《颂古百则》的评唱。《碧岩录》曾被圜悟勤禅师传人大慧臬禅师为「避免天下禅僧迷于语言文字说禅」，下令焚烧，禁止阅读。","虽然当时有比评：「临天下，曹一角」，弟子对两本都喜欢，也重复对照「重读五灯会元」系列。且或有更细因缘，弟子反觉得《从容录》的颂古评唱更亲切。","话说有一天，万松秀禅师把「斩猫」案的来龙去脉、天童颂词解释淋漓尽致，听得门下如醉如痴。突然，禅师开骂：「如今猫都没了，你们一大堆挤在这边，争什么狗啊？」举杖劈打，吓得门下瞬间跑个精光。","第二三二册《笑话中的禅机》师尊指出：「开悟者的心：一切概念皆是迷妄。万事万物都是空性。梦、幻相、变化亦是空性，行者必须在空性境界中『无所住』......。在万事万物之中，没有真实性，行者要『自在地安住歇息』。」","又说，「太阳饼内没太阳！如果在月球，还能有什么？要像童子看画，过目就忘。」法会开示，要大家尽量把心中的垃圾清除。","当然这不表示师尊要大家就瘫在哪儿，什么也不做。在第二一七册《海滩上的脚印》，师尊提到过去修法辛苦，「学佛近四十年了，想起昔日，我像无头苍蝇一样，到处寻找『善知识』，......我也是备极艰辛的。」不经一番寒澈骨，哪来梅花扑鼻香？石头迁禅师答师父：「如果没去曹溪，怎知无所得？」师尊举道恒禅师三句话：「吃茶」、「珍重」、「歇了」旁注：「我说：吃茶，无事无心也﹔珍重，好好的参无事无心，如何觉悟﹔歇了，就是空心也，也是心空，成佛去也。」刚好是：重法、实修、成就。而成就，正是禅宗「末后一句」，扫除一切幻想概念，自在地安住歇息。","当然，如果能因而修行真佛密法，那更是大福分！","大师大意","萧大居士，抱着「八识佛见」骂尽佛门（只差自己没骂），密宗全体被他逐出佛门（索达吉堪布严正反驳颇详）。弟子年来好奇，坊间买几本其禅宗公案系列书，耐心拜阅，果然「葛藤」不少。归纳其公案开示公式如下：","一、摘录公案原典。","二、轮流点名开骂。","三、白话翻译公案内容。","四、推销「他所认知」的第八识。","五、再骂轮值被骂者不才。","六、慈悲被骂者前往「领棒」，允赐茶喝。","在整个系列的「开示」语焉不详，称有菩萨警告，不得明说。忙了半天，发掘不出大居士的高超，反有两个印象：","一、对台湾四大山头垄断「善款」资源更熟知。","二、大居士谈话语气类似禅宗界所称「狂禅」，言语充斥「不满」、「仇视」情绪。","另翻译公案态度并不严谨，谨摘录一则供赏：","《宗门血脉─公案拈提第四辑》第二六三则〈盐官法界〉","杭州盐官镇国海昌院齐安禅师","有讲僧来参﹔师问云：「座主蕴何事业？」","对云：「讲《华严经》。」","师云：「有几种法界？」","对云：「广说则重重无尽，略说有四法界。」","师竖起拂子云：「这个是第几种法界？」座主沉吟，徐思其对﹔师云：「思而知，虑而解，是鬼家活计。日下孤灯，果然失照。」（保福闻云：「若礼拜，则吃和尚一棒。）","禾山代云：「某甲不烦，和尚莫怪。」","法眼代抚掌三下。","这篇轮到「创古仁波切」挨骂。重批密续不符佛经，该仁波切「迄未见道，盲无慧眼......。」接着翻译公案：","有讲经僧来参访盐官齐安禅师......盐官复问：「《华严经》中说有几种法界？」盐官抛出圈套，法师犹是不觉，答云：「如果广说，则法界重重无尽，不能尽说﹔如果简略的说，只有卵胎湿化四种法界。」图穷匕现，法师应变不及......。","法界重重无尽，略说为四：卵胎湿化。经师悉知此经......一切经师皆不知盐官举拂是哪一种法界......今日更劳平实注破：「这个是金刚法界。」","（接着胡乱批判：密教自称金刚乘，然不知金刚境界，自月称、寂天、莲花生、阿底峡以来悉无有人知......。）","四生法界乃至华严重重无尽法界，悉皆不离金刚法界，卵湿胎化生二十五有亦悉不离金刚法界......。","经书查证：","一、华严宗所开「四法界」源于四祖澄观大师，将「法界」推演成「理」、「事」、「理事无碍」、「事事无碍」等「四法界」。原典经查对《指月录》、《景德传灯录》、《五灯会元》等等，确定该经师只说：「广说则重重无尽，略说有四种法界。」","二、《楞严经》对众生种类有极详尽解说。《金刚经》分卵生、胎生、湿生、化生﹔有色、无色﹔有想、无想﹔非有想、非无想。卵胎湿化为四类之第一类。","阅","三、大居士认为自盐官齐禅师以来（约一千三百年），无经师了解齐禅师举那拂子是属哪法界，需劳他老人家现在解说﹔口气之大，可比「一口吞尽西江水」，令人不敢仰望。跟个将「第八识」诠释权据为专利者论理，岂不鸡同鸭说？","参研「『赛』是否有相对？」心得","临终不断","弟子研读后觉得，《临终不断经》虽是摘录自密教，惟遥想该大德当时定为补强显教临终度亡仪轨、经咒，才摘录《西藏度亡经》临终四大分解及「头七」七天之中阴变化遭遇。同时，为适应显教信众，把「佛母」等通称「眷属」一语带过。弟子深入研读《西藏度亡经》，发现许多跟真佛宗功课相关，如：","一、五方佛暨佛母的排列。其中师尊的本源，佛眼佛母是与东方金刚秘密主配对。而西方阿弥陀佛配白衣佛母（不知有否与白衣空行母相关？）。","二、八大菩萨两两配属四方佛。","三、关于各尊之光色。有一本着作还特别提醒：中央是法界体性智，应是蓝光，但毗卢遮那佛身是白光。东方阿閦佛因属东方大圆镜智是白光，但阿閦佛身是蓝光。记得师尊也曾开示：五方佛，佛佛本具圆满五智，配位及光色，都是方便。（《真佛经》：白莲花现法界光，蓝莲花现果德光）","四、体察此生能修行密法非常幸运。能皈依具德上师更殊胜，观修密法虽不一定即身成就，却已为临终时刻加增保障。惟观诸现代临终送别仪式，主持人虽有科仪专业代劳，但各种配备仪式差异极大。","一、音响设备进步，逢生意竞争，常将音响放大，吵闹不堪。","弟子近来获赠一本显教使用的《临终不断经》，发现内容与《西藏度亡经》（生死书）部分雷同，且称佛为「薄伽梵」，领衔受教者为「金刚秘密主」，用到「入我我入」观、「阿字」观等等。于是搜集五、六本《西藏度亡经》研读，并参阅师尊历年开示。现几能确定，这是摘录自《西藏度亡经》的简册，又依其用语白话程度，推估应属明清以后之作品。「临终关怀」为师尊三大志业之一，据知本宗「莲悦上师」已推行多年，还有「莲花宜兰」曾将师尊开示收集编成《如何超越生死轮回》手册分享同门。","佛门较静，道教热闹，基督教多唱歌等等。对往生者比较不利的是："
"049 附录：大礼拜王","https://reader.tbboyeh.org/fullscreen_player.php#/?ebook_id=503&chapter_id=c049","仁和","胡师兄不仅勤做大礼拜，〈上师心咒〉也很努力念诵，当他念满七百万遍时，感到身体疲惫，正打盹时，忽然虚空中伸来一只手，把师兄抓到西雅图雷藏寺，师兄睁眼一看，原来是师尊抓他过来，并教胡师兄跳金刚舞，跳完金刚舞回来，据师兄说有一星期的时间，都感到神清气爽，精神十足。","如果在法会人群聚集的地方，问现场的同修，已做完十万大礼拜请举手，现场可能有一些人举手，再问已做完二十万拜的呢？人数可能剩没几位，更进一步问，那三十万的呢？差不多已没人举手了。","今天要跟大家介绍一位精进于大礼拜的同门，他完成的大礼拜功课，是三十万拜的十倍，可以说在宗内无人能出其左右，因此称他为：「真佛宗」的大礼拜王──胡吉泉师兄。","到底是什么样的原因，让胡师兄有如此惊人的毅力去完成超乎想象的功课？又三百万的大礼拜花多少年才完成？这当中又有哪些感应事迹呢？以下将为大家一一叙述。","","胡师兄善根深厚，出离心重，观察同门喜欢修护摩迅速累积福分，而对于四加行的基础较少用功，往往有了福分却不愿降伏我慢及不良习气，最后造下很重的业障，甚为可惜，于是发心要好好的打好四加行的基础。阿底峡尊者有句话说：「我的业障比下雨的雨滴还多。」胡师兄被尊者的这句话深深感动，试想阿底峡尊者成就那么大尚且这么说，而吾人缚地凡夫焉能不发奋精进？于是每天勤练大礼拜，从早上五点起床，拜到晚上十二点才休息，最多每天拜四千拜，平均二千拜，八年的时光完成三百万大礼拜。","每次做大礼拜时，顺便念〈上师心咒〉长咒，同时修两个加行又可健身，当胡师兄拜满十万拜时，忽然感到身体一边麻痹失去感觉，但师兄知道这是消业的现象，不理它继续拜，后来又渐渐恢复感觉。","胡师兄经常一个人经行十八公里到台湾雷藏寺，到了山下以朝山的方式往上礼拜，一路拜到大殿，又从大殿拜到后山金母殿，胡师兄就是这样脚踏实地，实修苦修。","","","当二○一五年十一月三十日，在长荣桂冠酒店供餐师尊时，胡师兄向师尊报告这个感应，师尊说：从前阿难尊者在岩洞静坐时，被魔干扰，而心生恐惧，当时佛陀从很远的岩洞里伸出一只手，穿过岩石摩阿难顶，安慰阿难别怕。","哇！这样的超级大法力，不仅古佛曾经示现，当今莲生佛也慈悲示现给弟子。","当师兄继续念到八百万遍时，更大的感应出现了。一天梦中来到台湾雷藏寺上方，天空忽然下起滂沱大雨，雨水把师兄冲到雷藏寺下面一个汪洋大海，师兄在水里载浮载沉，喝了很多水，抬头一看，「西方境」的牌匾高挂上面，而每个塔位都变成一栋栋的别墅，非常漂亮；水面上很多人走来走去，不会沉下去，师兄注意看每个人的心轮都转着「嗡古鲁莲生悉地吽」的咒轮，师兄马上跟着念咒，很快的就和大家一样，能够在水上漂浮行走。当师兄向师尊报告这个感应时，师尊说：那是八功德水。","这真是一个奇妙的感应，师尊曾经说过，台湾雷藏寺西方境是西方极乐世界摩诃双莲池，在人间的化境，有大福分、大因缘的众生才能进去。而胡师兄这回给师尊做了个最好的见证。","像胡吉泉师兄这样毅力不懈、精进无止的修士，别说「真佛宗」，就算全世界的佛弟子也都是稀有难得。愿胡师兄的示范，给我们做榜样，能够在宗内刮起一阵效法的风潮。","","","","","","","","","","","","","","","","","","","","","","","","","","","","","","","","","","","陈","","","","","","","","","","",""