"chaptername","chaptername href","chapterbody","chapterbody 2","chapterbody 3","chapterbody 4","chapterbody 5","chapterbody 6","chapterbody 7","chapterbody 8","chapterbody 9","chapterbody 10","chapterbody 11","chapterbody 12","chapterbody 13","chapterbody 14","chapterbody 15","chapterbody 16","chapterbody 17","chapterbody 18","chapterbody 19","chapterbody 20","chapterbody 21","chapterbody 22","chapterbody 23","chapterbody 24","chapterbody 25","chapterbody 26","chapterbody 27","chapterbody 28","chapterbody 29","chapterbody 30","chapterbody 31","chapterbody 32","chapterbody 33","chapterbody 34","chapterbody 35","chapterbody 36","chapterbody 37","chapterbody 38","chapterbody 39","chapterbody 40","chapterbody 41","chapterbody 42","chapterbody 43","chapterbody 44","chapterbody 45","chapterbody 46","chapterbody 47","chapterbody 48","firstcharacter","chapterbody 49","chapterbody 50","chapterbody 51","chapterbody 52","chapterbody 53","chapterbody 54","chapterbody 55","chapterbody 56","chapterbody 57","chapterbody 58","chapterbody 59","chapterbody 60","chapterbody 61","chapterbody 62","chapterbody 66","chapterbody 67","chapterbody 68","chapterbody 70"
"目录","https://reader.tbboyeh.org/fullscreen_player.php#/?ebook_id=505&chapter_id=c999","序 至尊的开悟（序）","001 “满载而归”的感想","002 打嗝打嗝又打嗝","003 黑毛猩猩","004 晕眩症来的时候","005 六世达赖的〈我问佛〉","006 “了生死”的大事","007 一股热流通过","008 陌生人的传奇","009 无法加持的女子","010 你是我钓起来的","011 〈隐形的翅膀〉之悟","012 跌倒了之后","013 雄鹰三次出现","014 我终于被贩卖了","015 电子书的时代来临？","016 行者的人生哲学","017 莲店上师的妈妈","018 一粒苹果","019 不知所云的说法","020 带业往生与消业往生","021 浑身都是缺点","022 又中大威力彩","023 拜访老弟子","024 《真心看台湾》的专访","025 书‧咖啡‧轻食","026 诸佛菩萨圣像赞","027 谁人识得阴阳法？","028 阿谁能悟？","029 有一位邱医师","030 灵魂的生与死","031 白衣大士如意宝珠法","032 领受虚空境","033 忆老弟子","034 悟之诗之一","035 悟之诗之二","036 刘金杜如此说","037 吼风大将","038 持明、护摩、三摩地","039 偈颂的说明","040 莲澄法师对我说","041 你相信吉凶祸福吗？","042 大力金刚念诵法","043 不增不减度众生","044 黄袈程如是说","045 附录：感应篇","046 附录：远方弟子的感应","047 附录：莲伽的信","","","","","","","","","","","","","","","","","","",""
"序 至尊的开悟（序）","https://reader.tbboyeh.org/fullscreen_player.php#/?ebook_id=505&chapter_id=c000","间──二○一六年二月二十一日。","地点──黄帝雷藏寺。","人物──卢师尊与上师、教授师、法师、讲师、助教、堂主及真佛宗弟子。","缘由：","“水供法会”结束之后，有敬师晚会、有聚餐、有表演。","最后一场秀，是卢师尊打“金刚棍”。","现在“卢师尊打棍”，已流传甚广。","原本我学的是“少林棍”，只是看ＤＶＤ，没有老师教。","《疯魔棍》。","《火烧棍》。","《紧那罗王棍》。","看完，自己就持棍舞了起来，我是依样画葫芦。","最后愈练愈熟，掌握了几个诀窍。","弟子们称“金刚棍”。","","●","","在最后一场秀中，我一上台，他们准备一根“花棍”，这“花棍”是：","短而细。","上头及下头，系了纸花。","棍身扎五色纸。","这种棍是杂耍用的，不是“少林棍”，也不是“金刚棍”，不是“藤棍”。","握在手上，很轻，使不上力。","我想既来之，则安之。","在这一场秀中，我自己凉鞋，脚一扭，鞋子脱飞而去。","我弯腰捡鞋子，穿上。","（很尴尬）","我的手又握不住棍子，飞了出去，等于是抛棍，那花棍掉落舞台之上。","棍子躺得平平的，一动也不动。","我上前，把棍捡起。","（脸色表情涨红，觉得很丢脸）","如果以压轴演出来说，这种“金刚棍”的打法，算是“丢人现眼”了。","","●","","但，只一刹那，我就正常了。","有人问：","“为什么鞋会飞出去？”","我答：","“鞋没穿紧，飞出去！”","有人问：","“为什么棍会飞出去？”","我答：","“握不紧就飞出去了！”","我没有讪讪然。","也没有郁卒。","我笑笑的回答。","","时","●","我卢师尊要告诉大家的是：","在我的脑海中，不会记上这些乌七八糟的东西。","失手也好。","不失手也好。","因为：","过去的不会再回来，现在的也会变成过去。","未来的，还没有到呢！","所以：","什么都没有。（无所得也无所失）","凡是知道人生价值的人，就知道这些。","莲生活佛卢胜彦联络处","Sheng-yen Lu","17102 NE 40th Ct.,","","","",""
"001 “满载而归”的感想","https://reader.tbboyeh.org/fullscreen_player.php#/?ebook_id=505&chapter_id=c001","许多法会下来。","我的“香袋”总是满满而凸凸的、膨膨的。","不可言喻的‥","里面有弟子供养我的红包袋。","有位弟子提了我的香袋，对我说‥","“师尊，你满载而归！”","","又‥","另有一位（海外的）说‥","“师尊，你满载而归！”","我只是笑笑，不答。","","●","","对于我的香袋“满载而归”，我产生了一些感想，这些感想，我想对弟子们是有益的。","我学佛四十多年。","真佛宗弟子五百多万。","","我想起──","了鸣和尚对我说‥","“你下山救世，勿规定钱的数目，不要开口向人要钱。切记！切记！”","","至今──","没有开口向人要钱。（我从不规定钱的数目）","诸圣弟子给我供养，那是圣弟子表示了他们的虔敬。","由于弟子多。","“满载而归”是有的。","","然而，大家知道吗？","我是一位从来不花费（浪费）一毛钱的人，我归我，钱归钱。","食──弟子供养。","衣──喇嘛装。","住──平房。","行──专车。","我一介钱不花，钱完全储存下来，不用在自己身上。只是弘法用、法务用、赈灾用、救人疾苦用……。","","●","","为何这么多人，会供养卢师尊？","因为‥","我写书，从年轻写到老，共出版二五四册的书，加上我弘法四十年的说法纪录。","总计有三层楼这么高。","我的写作、弘法，重。","供养反而轻。","","又‥","四十多年的修行功力，一日一修从来未间断，已达圣域。","我是至圣。","在","在天上的资粮无尽。","我的无形，至尊至圣，不可限量。","我的有形，算是薄的了。","","我‥","只剩下一个无始以来的佛性。","我“满载而归”的是佛性。","而不是一堆纸。（敬请诸弟子，不用再供养卢师尊）","●","","我明白‥","一毛钱也带不走，什么东西都带不走。","不奢华。","只有涅槃寂静。","人间的资粮反而少。","无得、无失。","我死了──",""
"002 打嗝打嗝又打嗝","https://reader.tbboyeh.org/fullscreen_player.php#/?ebook_id=505&chapter_id=c002","一天，我竟然一整天都打嗝，我用所有的方法来阻止打嗝‥","一、转移注意力。","二、吸一口气，闭住呼吸。","三、一直喝水。（冰水）","四、打金刚拳。","五、打金刚棍。","六、喉咙刺激法。","七、启灵。","","然而竟然无效，打嗝继续不止，几秒钟就来一次。","我吃饭也打嗝，穿衣也打嗝，在家出外均有嗝；说话也打嗝，连修法也打嗝，写文章也打嗝……。","唉！受不了了！","","我知道打嗝的因素‥","胃。","饮食。","横膈膜。","气逆。","（到目前为止，医学界尚不能找出真正的原因）","","●","","侍者莉莉法师对我说‥","“卢师尊！多久没有放屁了？”","我问‥","“怎么说？”","莉莉法师说‥","“不放屁，屁从嘴巴放出来了！”","我听了，索然无味，竟然会有这等的说词，令人不可思议。","","●","","我们与加州四大妈及印尼庄师姐共进午餐，她们都看出我的打嗝现象，有时小声，有时大声，有时会发出“咔”的一声怪响。","我对她们说‥","“唉！我打嗝不止。我小孩子的时候听长辈说，小时候打嗝，是小孩子在成长；但，年老的时候打嗝，就是快要死了！”","四大妈──孙爱珍、陈传芳、魏思颜、蒋冠蓉，急急的说‥","“师尊不会的！”","我说‥","“无常！”","陈传芳说‥","“师尊！这时候还在过年，要讲吉祥话！”","我说‥","“我无生死！”","","●","","在这里，我要告诉大家‥","我的证悟是‥","有","“无生无死。”","“生死皆可抛。”","我把它改成‥","“无生死可抛。”","","岂可不知，人生如梦，人生如戏，人生根本就没有人生。","如果还在追求什么的，根本未达“自在”、“任运”的境界。","","即使你成为一个国家的国王，也逃不掉身子枯萎的悲伤！","大家明白吗？","","","","","法鼓山圣严法师圆寂诗的一句，最后一句，写道‥","因为我了解，人生其实是无生也无死才是，有生死的，未达真实开悟。","","我说："
"003 黑毛猩猩","https://reader.tbboyeh.org/fullscreen_player.php#/?ebook_id=505&chapter_id=c003","来西亚“敬佛堂”主席莲花茂盛师兄，告诉我一个奇妙又清晰的梦境。","原来他的女儿罹患了脑瘤。","已达危急。","他连忙写了一封信，寄美国西雅图，祈求卢师尊加持。","","信寄出之后，得一梦：","首先梦见自己的手，牵了自己的女儿在虚空中飞行。","四周黑黑暗暗的，也不知飞了多久。","终于发现有一光点。","他就朝光点飞。","飞近了之后，才发觉原来是“台湾雷藏寺”，寺前站立了卢师尊。","莲花茂盛带着女儿，随着卢师尊先进入大殿中礼佛。","礼完佛后。","发现卢师尊从女儿身上抓出一只“黑毛猩猩”。","卢师尊抓了“黑毛猩猩”的手，从长长的走廊消失了。","梦至此，便醒来了。","","●","","原来梦示是这样子的：","这黑毛猩猩是女儿前世的冤亲债主，化为瘤，来取莲花茂盛女儿的生命。","经由卢师尊加持后，把黑毛猩猩带走了。","因此：","“女儿的脑瘤就痊愈了。”","莲花茂盛师兄，非常感谢卢师尊的救度，这是非常不可思议的感应。","","●","","又，周遭听到的女士说：","“我也是一样，卢师尊从我身上，抓出二条蛇，我的病就减轻了。卢师尊说还有两条，那我怎么办？”","我答：","“念《真佛经》，自己抓！”","","●","","我要告诉大家的是：","无限的秘密力，来自于无限的慈心、无限的悲愿、无限的热诚、无限的亲切、无限的佛性、无限的大空。","","这样才是：","慈无量。","悲无量。","喜无量。","舍无量。","","我告诉大家：","在人间，我只有爱而没有恨！","因为我没有敌人，我没有必要去斗争，去用心计去陷害他人。","","马","我领悟：","我是来报恩的！","我是来解冤结的！","我是来酬业的！","这一切都是一时幻化，都是隐形的，并非真实的存在。","我知道：","我是如来，好像有来！","我是如去，好像有去！","我的心是不存在的！","不知大家明不明白我所说的真谛？","","","","","与我有缘的人，都是前世的父亲、前世的母亲、前世的眷属、前世的贵人、前世的亲友、前世的弟子、前世的冤亲债主……。","","","我是不存在的！"
"004 晕眩症来的时候","https://reader.tbboyeh.org/fullscreen_player.php#/?ebook_id=505&chapter_id=c004","很多很多年前。","我曾患过“晕眩”的毛病，那是很不好的回忆，毛病是这样的‥","我与友人在泰式餐厅吃饭，突然来了一阵晕眩，我把吃的东西，全吐了出来。","后来，愈来愈严重‥","躺床上，整个床在旋转，房子在旋转。","走楼梯，鞋子都不能踩得很准，东倒西歪的，重心不稳，只能扶着楼梯走。","人虚脱了！","洗脸的时候，突然失去了方向感，眼前一片漆黑，身不知何处。","","听说：","有人就溺毙在脸盆里。","有人头撞上水龙头，血流满面。","晕眩时，吃什么，吐什么。","人暴瘦。","","有时候的感觉，人如同在虚空中旋转，一切的东西全在旋转，身子不由自主的倾向一边，在走路的时候，要扶着墙壁走。","全部的生活，完全变调了。","（医师说，我是耳水不平衡，而且是严重性的，要吃药，等候慢慢的恢复）","","简而言之──","平衡的机器坏了！（此症在一个月后，才痊愈）","","●","","在二○一六年的二月二十五日。","我遇见了韩佳良先生，他想皈依我，但，他还不是皈依弟子。","他说：","“我得了晕眩症！状况也是严重的。”","我问：","“怎么好的？”","","韩佳良说：","“我没有皈依卢师尊，却梦见卢师尊。梦见时：卢师尊坐在正中央，右左各有二人。只见卢师尊不知用什么手法，让我在虚空中翻滚，如同太空人，在没有地心引力之下，在大气中旋转身子。转了一些时候，梦就醒了！怪的是，梦一醒，晕眩症就好了！”","我听了哈哈大笑。","","我说：","“旋转再旋转，就把平衡转正了！”","","●","","我觉得‥","这世间上的人，都是不平衡的人！因为有缺陷的人，才会留在这虚幻的世间。","身子晕眩的少。","心的晕眩才多呢！","有些人，一面说着很有学问的话，但，行为上却有很大的偏差。","","很有学问的人，嫉妒更有学问的人。","吃醋。","在","斗争。","做出违背天理的事！","","走入失去平衡歧路的人非常多，而且比比皆是，所以这个世间是失衡的世间。","唯有修行：","（自知众生皆字）","","","","","","","","","瞎掰。","空性，才能得到完美与永久的平衡，这也是行者的目的了！","",""
"005 六世达赖的〈我问佛〉","https://reader.tbboyeh.org/fullscreen_player.php#/?ebook_id=505&chapter_id=c005","有一位弟子“竺”。","他提供我“六世达赖”（一六八三—一七○六）仓央嘉措，流传很广的〈见与不见〉。","","我知道：","六世达赖生平迷离，具才华，又备受争议。","这位“六世达赖”不管怎么说，他的文字，动人心弦。","","我很欣赏他的一句话：","住进布达拉宫，我是雪域最大的王，流浪在拉萨街头，我是世间最美的情郎。","","与玛姬阿米的更传神：","自恐多情损梵行，入山又怕误倾城，世间安得双全法，不负如来不负卿。","这句话，等于他的心声，很传神！","","六世达赖写的〈我问佛〉，我觉得很有意思，列之如下：","我问佛：为何不给所有女子羞花闭月的容颜？","佛曰：那只是昙花的一现，用来蒙蔽世俗的眼，没有什么美可以抵过一颗纯净仁爱的心。我把它赐给每一个女子，可有人让它蒙上了灰。","","我问佛：世间为何有那么多遗憾？","佛曰：这是一个娑婆世界，娑婆即遗憾。没有遗憾，给你再多幸福也不会体会快乐。","","我问佛：如何让人们的心不再感到孤单？","佛曰：每一颗心生来就是孤单而残缺的，多数带着这种残缺度过一生；只因与能使它圆满的另一半相遇时，不是疏忽错过，就是已失去了拥有它的资格。","","我问佛：如果遇到了可以爱的人，却又怕不能把握该怎么办？","佛曰：留人间多少爱，迎浮世千重变。和有情人，做快乐事，别问是劫是缘。","","我问佛：如何才能如你般睿智？","佛曰：佛是过来人，人是未来佛。佛把世间万物分为十界：佛、菩萨、声闻、缘觉、天、阿修罗、人、畜生、饿鬼、地狱。天、阿修罗、人、畜生、饿鬼、地狱，为六道众生。六道众生要经历因果轮回，从中体验痛苦。在体验痛苦的过程中，只有参透生命的真谛，才能得到永生，凤凰涅槃。","","佛曰：人生有八苦：生、老、病、死、爱别离、怨长久、求不得、放不下。","佛曰：命由己造，相由心生，世间万物皆是化相，心不动，万物皆不动，心不变，万物皆不变。","佛曰：坐亦禅，行亦禅，一花一世界，一叶一如来，春来花自青，秋至叶飘零，无穷般若心自在，语默动静体自然。","佛曰：万法皆生，皆是缘分，偶然的相遇，蓦然的回首，注定彼此的一生，只为眼光交汇的刹那。缘起即灭，缘生已空。我也曾如你般天真。佛门中说，一个人悟道有三阶段：勘破、放下、自在。的确，一个人必须要放下，才能得到自在。","","我问佛：为什么总是在我悲伤的时候下雪？","佛曰：冬天就要过去，留点记忆。","","我问佛：为什么每次下雪，都是我不在意的夜晚？","佛曰：不经意的时候，人们总会错过很多真正的美丽。","","我问佛：那过几天还下不下雪？","佛曰：不要只盯着这个季节，错过了今冬。","","●","","我要告诉大家的是：","我们每一个人，在物质世界中，经历了幼年，经历了童年、青年、壮年、老年的种种变化。","我","不清醒的人，总是感慨万千，但，清醒的人不会被这种变化所迷惑。","例如：","初恋。","恋恋。","热恋。","以后的变化万千……。","情的波动，幻起幻灭。","","物质是不存在的，当然人也是不存在的。（人也是物质）","人不存在，爱情还存在吗？","","","","","","姻缘。","你应该知道，只有不朽的灵魂才是不会被毁灭的。六世达赖，他应该明白，他不负如来，也不负卿。","不管如何，清醒的人不会为这种变化所迷惑。"
"006 “了生死”的大事","https://reader.tbboyeh.org/fullscreen_player.php#/?ebook_id=505&chapter_id=c006","二○一六年二月二十八日，中观堂在台北中正纪念堂（自由广场），举办了“大幻化网金刚”文武百尊的大法会。","","这回，我说法的主旨是：","中阴闻教得度。","中阴迁识法。","文武百尊。","本尊的救度。","其实其重要意义是，如何能在临终时，了生脱死，得到解脱。","","我说：","中阴闻教得度──是人在临终时，呼吸停止，入于“梦幻”之中，只剩下气与意识。","此时，逢善知识，在旁教导亡者，勿狂乱，定下心来。","听闻善知识的教导，顺利了生脱死。","","中阴迁识法──善知识如果会“中阴迁识法”，那就更好。","善知识会封闭下方的二窍，中间的一窍，脸上的七窍。即：","开天门。","闭地户。","塞人道。","阻鬼路。","也就是灵魂只能从天门出，其他的全封闭，灵魂升天成佛作祖去了。","文武百尊──文武百尊的出现，全是为了救度众生的灵魂而来。","死时见文武百尊，只要融入即可。","","又：","本尊的出现──融入，就可以到本尊的净土。","我说：","死亡时，会有二次大净光的出现，但时间很短，能融入大净光之中，即“中阴成佛”。","如果不能融入大净光中，只有等待本尊出现，融入本尊，到本尊的净土。","这是唯一的二个方法，其他没有了！","","这二个方法就是：","一、大净光。","二、本尊接引。","（本尊有寂静尊、寂忿尊、忿怒尊）","","●","","我告诉大家：","佛法的救度众生，唯一最特别的是：","禅──内外打破，即身成佛。","密──内外打破，即身成佛。","（指大手印法，大圆满法）","净──指本尊现前接引。","律──指行者守戒清净，本尊接引。","","●","","在","大幻化网金刚，有“见即解脱”是什么意思？","只要你临终时，见到了文武百尊出现，你只要融入文武百尊的任何一尊，就可以得到解脱。","","又：","在世间，你绕大幻化网金刚的塔，见了坛场，在七世中，一定成佛道。","因为见就有佛缘，将来必逢善知识，引导你修行成佛是也。","我的开悟是：","","我自己呢？我就是佛。","原始。","永恒。","","","","我回答是：","为什么？","长存。","生死是梦幻一场！"
"007 一股热流通过","https://reader.tbboyeh.org/fullscreen_player.php#/?ebook_id=505&chapter_id=c007","○一六年二月二十八日的“大幻化网金刚”的法会中，我突然得到天启：","“将立即解除与会大众的病业！”","","于是，我马上宣布：","“念〈大幻化网金刚咒〉，五分钟，会解除众等的病业。”","“请有病业的弟子，手按病处。”","","结果感应出现：","莲花翠兰说：","她是在一次意外中，她的手大拇指，完全断了。","经外科手术缝回，但，大拇指失去作用，不能够弯曲，也就是大拇指的功能完全丧失。","她在大法会中，听到卢师尊说，哪里有病，就按哪里。","所以，她就按住自己的大拇指。","在刹那中，她觉得自己的手指头（大拇指），有一股热流通过，当场感觉手暖暖的，血液在循环。","大拇指马上就能弯曲了。","一切功能恢复！","莲花翠兰大哭失声。","天啊！太不可思议了！","太伟大了！","●","又：","莲花伟山说：","大约三年前，有一次骑摩托车，与别人的摩托车擦撞。","腿筋断了！","从那时起，脚没有力，而且要一扭一扭的，一直都没有好。","莲花伟山说，看来这一辈子，永远要一扭一扭的走路了，他已绝望。","听到卢师尊说，哪里有病就按哪里，他就手按脚筋处。","他觉得“一股热流通过”，几乎全身都在震动，他有点惊吓！","念咒一完。","他站起来试着走，哇！竟然一扭一扭不见了，走路好端端的。","莲花伟山向卢师尊的方向，叩了三个响头。","天啊！","是神迹！","","●","","又有莲花丽珍、莲花育庆、莲花孟桦、莲花海安、Fujen Lin等等。","感应连连。","（这只是第一天的回报，还有很多人的感应，来不及写）","有一人。","他没有听到卢师尊说，可以治愈疾病，因为他去上厕所。","结果上完厕所回到会场。","却看见：","虚空之中，光芒万丈，如丝如网，纷纷的罩住了整个会场。","他大骇！","后来才知道，原来是解除病业的念咒！","","●","二","","佛性是永恒的。","有形的物质躯壳是无常的，而且将来必然会毁灭。","水月道场的治病法力，只是解除人们一时的病痛，仍然是水月啊！","这样做会增强信心！","","","","","","","","","","我要告诉大家的是：","大家明白否？","",""
"008 陌生人的传奇","https://reader.tbboyeh.org/fullscreen_player.php#/?ebook_id=505&chapter_id=c008","幻化网金刚的法会进行中，有一部巴士经过“自由广场”前面的马路。","巴士中有一个人，听见了〈大幻化网金刚咒〉。","他听着听着。","“轰”的一声！","他觉得有一股电流从顶上灌入到自己的全身，全身暖暖的。","这个巴士上的人，是要到医院，做颈部小瘤切除手术的。","他做手术前，早已检查多次，是良性的小瘤，如毛豆大。","他坐巴士到了医院。","","医师帮他做手术前的检查，突然对他说：“你的瘤不见了！”","医师说︰","“不必手术了，完全好了！”","他听了不相信。","他说︰","“我早上刮胡子的时候用手摸，明明还有瘤的存在，不可能瘤消失掉的！”","他跟医师说︰","“不可能！”","医师说︰","“我也认为不可能，但，却明明不见了！”","","他于是回想起：","他经过“自由广场”的时候，听到了：","“嗡。巴札。卓大。嘛哈啥。西利。嘿鲁嘎。吽呸。”","那时，全身通满电流！","就在那时，小瘤就消失了！","于是他开始访查。","","原来是莲生活佛卢胜彦在广场做法会，是台北中观堂主办的，有五万人参加，听说还加持治病。","而自己刚好经过，听了咒音，却被治好了，小瘤消失掉了！","真神奇！","天底下还有比这个更神奇的吗？","这个消息传到我耳中，我也觉得好神奇喔！","众弟子听了，都说：","“赞！”","一部巴士，经过自由广场，里面的一位乘客，非真佛宗弟子，也不是来参加法会，很单纯经过，听了咒音，结果瘤不见了，够传奇了吧！","","●","","我说：","佛是大医王。","祂的治病是不分别的，不管熟悉的佛弟子，或是完全陌生的人，只要听闻了咒音：","“嗡。巴札。卓大。嘛哈啥。西利。嘿鲁嘎。吽呸。”","皆得解脱！","不只是“见即解脱”。","连“听闻”也是解脱了！","","我说：","至尊的开悟是：","大","不分别你、我、他。","不分别贵、贱。","不分别美、丑。","不分别老、少。","平等救度。","","我要告诉大家的是：","平等接受欢乐和痛苦、接受失去和获得、接受幸福和受苦、接受名望和羞辱、接受富贵和穷困、接受健康和衰败。","","","","","","","不分别男、女。","一切众生平等、不分别。","","这些是相生和轮转的，明白否﹖"
"009 无法加持的女子","https://reader.tbboyeh.org/fullscreen_player.php#/?ebook_id=505&chapter_id=c009","一天。","一名女子求加持，因为她全身都是病。","我伸手摩顶，运真气加持。","吓！","竟然运不出真气。","加持的手被弹出，一股无形的力量把我的手弹开了。","喝！","我不相信，再运真气。","气竟然走歪了。（岔气）","我大骇说：","“我无法加持妳！”","“为什么？”女子问。","我说：","“妳身上有一股无形的力量，阻止了我的加持力！”","如同：","女子有练“金钟罩”或“铁布衫”，我发功被弹了回来。","女子说：","“我是皈依的弟子耶！”","我问：","“妳是否得罪了鬼神？”","女子说：","“没有啊！我很虔诚！”","“先生呢？”","女子答：","“我先生也是真佛弟子，很虔诚！”","这下没有理由。","我很尴尬。","后来，我用眼一看，有一团冤气聚集在女子的头顶上。","我说：","“有无形干扰！”","","经过了调查，才知道。","女子的历代事业是“剖杀青蛙”的。","是将青蛙先剥皮。","斩断手脚。","开肠。","剖腹。","煮熟。","这个事业已做了好几代，是“杀生”的事业。","","在五戒中──","杀生业第一重。","强盗业、邪淫业、妄语业、饮酒业均是较重的。","","于是，我教她一法：","观想本尊在虚空中，放光照顶穴。","顶穴打开。","由顶穴跑出一只又一只的青蛙，至于无量青蛙。","那","","“南无阿弥哆婆夜，哆他伽多夜，哆地夜他，阿弥利多婆毗，阿弥利多悉耽婆毗，阿弥利多毗迦兰帝，阿弥利多毗伽兰多，伽弥腻，伽伽那，枳多迦利，梭哈。”","如此，行之，久久。","业障自消，病业才除。","另，事业须改。","","●","","每一个众生最宝贵的是自己的生命，杀死他命，恨至深也，冤也结得最深。","在因果中，罪至重也。","除非行者修至最高境界，已超越了，把杀业全度化了，这是“杀度法”。","明白否？","","","念〈往生咒〉：","行正业为要。","能度化生命到佛国净土，是至高之悟。","我要告诉大家的是："
"010 你是我钓起来的","https://reader.tbboyeh.org/fullscreen_player.php#/?ebook_id=505&chapter_id=c010","是一个很有名的故事：","藏密白教祖师爷“帝洛巴”，在一条河边钓鱼。（帝洛巴的雕像，其手上抓住一条鱼）","正钓鱼中。","有一名小孩，来到河边看“帝洛巴”钓鱼。","小孩忍不住问：","“修行人可以钓鱼吗？那不是杀生吗？”","帝洛巴答：","“修行人不可钓鱼，不应该杀生！”","小孩问：","“那你怎可？”","帝洛巴答：","“你是我钓起来的！”","这一句“你是我钓起来的”，是说明，前世这位小孩正是一条鱼。","帝洛巴钓起牠。","把鱼的生命，度上了人道。","由鱼化人。","（这是由畜生道，度化到三善道的人道）","","又：","有一位祖师爷，身旁立两位侍者。","祖师爷抓住了一只蚤子。","指头一按。","蚤子的生命就呜呼哀哉了！","一位侍者看见了。","心中想：","“祖师爷杀生！”","另一位侍者看见，心想：","“那只蚤子真幸福啊！祖师爷一按，吹一口气，牠的生命已到了佛国净土，我倒不如一只蚤子。”","祖师爷有他心通，早知二位侍者的想念。","祖师爷对另一位侍者说：","“你羡慕蚤子吗？”","侍者答：","“是！”","祖师爷说：","“好吧！你就先去佛国净土吧！”","祖师爷一弹指，侍者就倒了，其灵命进入佛国净土了。","而剩下的那位侍者，就后悔了。","以上，是两则“杀度法”的故事，也算是满精彩的。","","●","","我说：","人生自古谁无死。","每一个人，不是早死，就是晚死，反正，统统都要死。","","学佛者有二要旨：","一、成佛。","二、到佛国净土。","这","","能够到佛国净土或成佛，此乃第一重要。其他的，其实都不重要。","","请问你留在人间做什么？","赚钱。","男女情爱。","吃饭。","睡觉。","","这些享受最终全是泡影，不是能永远拥有的。老死到来的时候，一切都是空空如也！","钱是空、名位是空、情爱是空、吃饭空、睡觉空、玩乐空。","气归气，土归土。","这是第一悟。","","所以我说：","争名位。","行者要认明这些，才知：","玩乐。"
"011 〈隐形的翅膀〉之悟","https://reader.tbboyeh.org/fullscreen_player.php#/?ebook_id=505&chapter_id=c011","有一点喜欢唱歌，尤其是童歌，那是我唱给小朋友听的。","唱给“平儿”。","唱给“伊庭”。","唱给“李琪”。","唱给“雷倩”。","……。","","其实有一首大人唱的歌，就是〈隐形的翅膀〉，是王雅君作词，作曲也是王雅君。","","我喜欢歌词，它有悟境：","每一次，都在徘徊孤单中坚强。","每一次，就算很受伤，也不闪泪光。","我知道，我一直有双，隐形的翅膀。","带我飞，飞过绝望。","这一段，可以悟到：","精进。","","不去想，他们拥有美丽的太阳。","我看见，每天的夕阳，也会有变化。","我知道，我一直有双，隐形的翅膀。","带我飞，给我希望。","这一段，可以悟到：","无常。","","我终于，看到，所有梦想都开花。","追逐的年轻，歌声多嘹亮。","这一段，可以悟到：","果位。","","我终于，翱翔，用心凝望不害怕。","哪里会有风，就飞多远吧！","这一段，可以悟到：","自然。","不毁。","隐形的翅膀，让梦恒久比天长。","留一个愿望，让自己，想像。","这一段，可以悟到：","佛性。","","●","","我告诉大家：","佛性不可说。","空性不可说。","悟性不可说。","所以：“想像。”","","王安石的梦诗：","我","知世如梦无所求，无所求心普空寂；","","哈哈哈！","隐形的翅膀就是梦。","飞就是梦。","翱翔是梦。","想像是梦。","这一切一切岂不是梦吗？","●","","我对于至尊的开悟，是用“虚空”来作象征的：","水永远沾不湿的。","风永远吹不干的。","任何武器永远砍不碎的。","还似梦中随梦境，成就河沙梦功德。","梦想就更是梦。","那是火永远烧不伤的。",""
"012 跌倒了之后","https://reader.tbboyeh.org/fullscreen_player.php#/?ebook_id=505&chapter_id=c012","个星期六的晚上，我们护摩法会已结束，在台湾雷藏寺吃完晚餐。","我给留下来的众弟子摩顶。","摩完顶，莲勤上师递给我等身的木棍。","我一向有这样子的习惯。","摩顶结束，接着是“打金刚棍”。","","先起势。","棍花。","扫。","砍。","劈。","挑。","点。","抬。","施。","","把一支木棍，舞得虎虎生风，威风异常，姿态万千，风雨不入。自己精神集中，手、脚、身子，滴溜溜的转，木棍也随身子转。","","但，","木棍偶一闪失，脱手由左方飞了出去，我紧急去抓棍，没抓到，只碰了一下棍身，棍子飞得更远了。","我一急。","三步成了一步，追棍而去。","没有想到地不平，扭了一下。","整个人往前跌倒，这下子重心不稳，双手双脚趴在地下。","（以一种狗吃屎的姿态）","","当下。","周遭的弟子，叫了出来。","几位保安急奔而至，扶我起来。","我自己检查了我的身子，奇怪的是，趴下的身子很快，重力加速度，地很硬，是柏油石子。","双手没有破皮。","手没扭伤。","膝盖跪倒。","检查了二个膝盖，也没有破皮，也没有伤。","脚踝，没有扭到。","摸一摸自己身子，也好好的。","（一点外伤及内伤都没有）","","我站立，持棍。","又打了二趟金刚棍，觉得一样的虎虎生风。","霹雳电光转。","我说：","“我在哪里跌倒，就从哪里站起来！”","","●","","事情才过了一夜。","消息很快，问候的接踵而至：","一","新疆。","纽约。","瑞典。","等等等等。","","","●","","现实的人间，有生必有死，有死必有生。但至尊的人，无生无死。","跌倒、站立，站立的不喜，跌倒的不忧。","一切自然，一切任运。","","","","汶莱。","几乎所有真佛宗弟子及陌生人全知道了！这件事，使我领悟到，讯息的转播，实在太可怕了。有人说，我已进医院；有人说，我已奄奄一息；有人说，我已病危……。","如果有一天，你们看见我死了，也不用悲伤！因为在这人间，根本就没有什么事发生过，有喜有悲，是执着故，明白否？","我要告诉大家的是："
"013 雄鹰三次出现","https://reader.tbboyeh.org/fullscreen_player.php#/?ebook_id=505&chapter_id=c013","与吴敦义副总统的认识，已经有三十五个年头了。","我那时是三十七岁，住太平的“精武别墅”。","有一天晚上，他来拜访。","他那时选南投县长，对手是杨国平先生。","我们谈得很晚。","吴敦义那一次，选上了南投县长。","以后，他一直在政坛闯荡。","","●","","在吴敦义当上副总统的时候，每年的农历初一，他都会上南投草屯的“台湾雷藏寺”参拜。一如往昔，我们都会热忱的欢迎他。","最近三年。","他来参访时，均有雄鹰出现。","","第一次。","他的车队一到，雄鹰就出现了，飞得很近，“啾！啾！啾！”的叫。","于是：","我们预祝他更上一层楼。","但，","他终究没有选总统。","","第二次。","他的车队一到，怪的是，雄鹰又出现了，唯一不同的，雄鹰不叫了，只是盘旋又盘旋。","于是：","我们预祝他选党主席。","但，","他也始终没有选党主席。","","第三次。","他在二○一六年的农历一月，车队又上了台湾雷藏寺。","雄鹰也一样即时出现，这一次，一样没叫，飞得更高更远，成了一小点，在虚空中飞翔而去。","我们没说什么了。","他自己说：","“暧暧内含光！”","","●","","我有一个感觉：","一个政治人物的一生，不在于世寿的长短及色身的强弱，而在于善自利用有限的生命及才智，为百姓谋取福利，为国家留下贡献。","","我觉得：","吴副总统似乎意味到了──","一个政治人物有政治人物的苦恼。","权势虽好。","但，也很快失去了它的魅力！","","尤其是：","负担。","我","争执。","他似乎想到：","不希求就不会有恐惧！","不期盼就不会有焦虑！","在纯朴与自在中，走上了中道之路。","是虚空。","也是大地。","","","我在这里要告诉大家：","我们射一支箭，不管射得多么的远，你尽管射吧！","所以──","保持着清凉心，去任运，是最重要的。","","永远在心里！","自然地保持安适与祥和。","但，最终的，又回到了大地。","●"
"014 我终于被贩卖了","https://reader.tbboyeh.org/fullscreen_player.php#/?ebook_id=505&chapter_id=c014","近几年，我有一个感觉，我终于被贩卖了。","有人制作“卢胜彦”三个字的印章，数百千个印章卖给很多人。","我实在不明白：","","买我的印章做什么用？","“卢胜彦”这三个字，能驱鬼镇邪？能招财进宝？能荣华富贵？能……？","我丈二金刚摸不着头脑，莫名其妙！","请大家帮我想想：","卖我的印章做什么？","买我的印章做什么？","护身吗？","","●","","有一个人，不是很熟悉的一个人。","据说他学会了我的签名式，“胜彦”两个字的签名（中文）。","","于是：","他贩卖我签了名的龙袍。","他贩卖我签了名的佛像。","他贩卖我签了名的法器。","他贩卖我签了名的唐卡。","他贩卖我签了名的手谕。","","天啊！","他居然有我的传承信物？传什么承？","也有我的手谕？","这种欺瞒众生的手法，为了名利，这不是诈欺吗？","连戒衣、禅衣都是我赠予他的？","我的妈啊！","我的祖母，阿嬷尾！（台语）","我的天！","我被卖光光了！","","●","","真佛宗有真佛宗的纸金。","很多人为了贩卖纸金赚钱，纷纷请我签名。","纸金有很多款式，大部分是各分堂自己去设计的。","真佛宗到底有多少纸金款式，我真的不知道。","但，大部分有我的签名。","为了公平起见。","来者不拒。","也有些分堂，靠贩卖纸金起家。","但也有假冒的纸金。","太纷乱了！","有的纸金也印上了我的法照，一起烧给天、地、鬼、神。","我被卖的太彻底了。","最","","","另有一位，我完全不识的人。","他卖我“大圆满”灌顶。","由他收钱。","老天爷！“大圆满灌顶”岂有遥灌的，那是无上的大法，最高的法。","能受灌的，万人不得其一。","没有那么随便的。","","●","","我只是一位弘法的人，我在履行我的愿力，我只是弘扬佛法，下化众生，就是这么简单。","我当然知道：","这是人间，很复杂。","●","我遥灌。","我要告诉大家的是：","敬请大家勿被骗才好！"
"015 电子书的时代来临？","https://reader.tbboyeh.org/fullscreen_player.php#/?ebook_id=505&chapter_id=c015","几年。","手机已形成人人一机的时代了！","人随机转。","机随人转。","人机合一。","还有平板电脑……。","任何行业，原本是纸张作业的，几乎全部变成电子作业。","电子！","电子！","电子的时代来临了！","","●","","以前的人看书，全部是纸张书。","在我读书的时候，想看一本书，买书、借书、租书，要到书局或图书馆。","书局是我常去的地方，几乎我每一次上街，便是逛书局。","我每天读书，这是我的习惯。","我每天写书，这更是我的习惯。","否则，二百五十四册的书，从哪里来？","我每天写。","天天写。","有一天，有人问我：","“卢师尊，你还用手写书吗？”","我答：","“是的。”","那人说：","“现代人已经用电脑写书了，网路作家比比皆是。你已……。”","我接着说：","“我已落伍了，是的，确实落伍了，我仍然是我手写我书。”","","●","","我的弟子们都知道：","我没有手机。","我没有平板。","我没有电脑。","我连上网都不会。","我被人笑：","“卢师尊是原始人！”","","●","","我当然知道，纸张书渐渐被淘汰，而电子书成了时代宠儿。","书局、印刷厂关门大吉。","熄灯号早已吹遍全世界。","但，","我仍怀疑──","用人的眼睛去长久注视电子的光，好吗？","这","电子书好吗？","电子书好的一面当然有。","而坏的一面，","很多、很多。","总而言之，我到现在，仍然喜欢纸张书，因为，我要保护自己的眼睛及身体。","●","","我不用手机的理由何在？","游心于虚静。","结志于佛国。","守戒于无欲。","我喜欢：","无欲！","无事！","我认为：","","悟道于无为。","我答："
"016 行者的人生哲学","https://reader.tbboyeh.org/fullscreen_player.php#/?ebook_id=505&chapter_id=c016","近读书，读了《抱朴子养生论》，觉得书名是养生，其实不乏人生哲学。","例如：","","十二少。","即是少思、少念、少笑、少言、少喜、少怒、少乐、少愁、少好、少恶、少事、少机。","","六无：","无久坐。","无久行。","无久视。","无久听。","无久食。","无久饮。","","四不：","不行欺。","不行争。","不行侮。","不行杀。","","另有除六害：","薄名利。","禁声色。","廉货财。","损滋味。","除佞妄。","去沮嫉。","","我个人以为，这十二少、六无、四不、六害，如果能够实践，它就是人生至高的戒律了，如此行之的人，一定成：","身心安静如圣者。","千灾万害不临身。","生则为君子圣贤。","死则为上品仙官。","","●","","我个人是修气瑜伽士，我懂得纳气法、行气法、导引法、循环法、通气法……。","知：","心平气和。","阴阳二气。","降提持散。","气化为神。","神化返虚。","","所以，一个修气瑜伽士，不可以“贪”、不可以“瞋”、不可以“痴”。","当然，十二少、六无、四不、六害，是贪、瞋、痴的细说。","这是可以互相衔接的。","养生及修行也一样可以互相衔接的。","最","有人说，养生不重要，修性才重要。","我个人以为：","性重要。","命也重要。","没有了命，性也不成也！","他所说的，我认为有理。","","●","我在此要告诉大家：","一个大修行人有三点要不计较的：","不计苦乐──无苦无乐。","不计胜败──无胜无败。","这不是我所说的，本来就是这样的，如果你已达至高的开悟，必然知道我所说的；如果不明白，那离开悟还很远呢！","圣弟子！你是否明白？","","“抱朴子”（葛洪），他是先以儒知名，后成道士，精通医理，内丹、外丹，也修神仙导养之术。","不计得失──无得无失。",""
"017 莲店上师的妈妈","https://reader.tbboyeh.org/fullscreen_player.php#/?ebook_id=505&chapter_id=c017","幻化网金刚的法会，已经过去了，建立的文武百尊的坛城早已拆了，五万人潮早已散去，我的说法消杳在虚空中。","聚。","散。","两空空。","","但，有人把当日加持的咒音：","嗡。古鲁。莲生。悉地吽。","嗡。巴札。卓大。嘛哈啥。西利。嘿鲁嘎。吽呸。","丢上网路。","","由于这个咒音，得到：","大幻化网金刚的加持！","莲生活佛卢胜彦的加持！","众人聚气之力！","因此当时在法会中的信众：","很多病患，在一刹那之间，就这样痊愈了，一刹那，病不见了！","奇迹！奇迹！奇迹！","","●","","莲店上师的妈妈，那天并没有参加法会，因为身体不适，再加上脖子上长出了肉瘤，她没有去。","莲店上师回家后，把法会出现奇迹的消息告诉了母亲。","","于是：","莲店上师把当天录影录音（约十多分钟的咒音），放出来给妈妈听。","莲店上师的妈妈手按着肿瘤的地方。","精神统一。","只一天的功夫。","肿瘤不见了！","经由医生检查，病痛没有了，肿瘤不见了，完全正常。","消息传来，我们都非常高兴。","只听咒音。","竟然就痊愈了！","简直太棒了！","","●","","又附录一函：","二○一六年二月二十八日，圣尊莲生活佛于台北自由广场二度传授大幻化网金刚大法，并灌顶文武百尊与中阴闻教得度。法会中圣尊突然宣布，大幻化网金刚指示，再诵咒五分钟，加持弟子，哪里有病摸哪里。我想起了左肩膀上十多年的脂肪瘤，赶紧用右手按住，不断口诵〈大幻化网金刚咒〉：“嗡古鲁莲生悉地吽。嗡巴札卓大嘛哈啥西利嘿鲁嘎吽呸。”","","又激动、又感动，不断掉泪。心想全世界中竟有这样神圣伟大、慈悲、能量又超强的师父及金刚神吗？五万人众的心、五万人众的口，齐声唱诵着这千古难逢的神咒，都希望能借由大幻化网金刚的大慈悲力及圣尊莲生活佛加持的手，得到疾病的舒放和解脱！","","我的瘤原来大约有两个鸡蛋大，曾经开过刀处理。现在又复发，又长成大约两个鸡蛋大！想着肿瘤变小，一分钟、三分钟、五分钟，时间逐渐过去，感叹时光快速飞逝！突然惊觉，神秘的咒音持续，圣尊慈悲的手也没放下！赶忙把全身的疼痛部位摸了个遍！整整十四分钟，咒音才渐歇，加持也才结束！","","隔了两天，三月二日一早，我按惯例找了复健师，整脊并调理身体。当他按到我左肩上的肿瘤时，吓了一跳说道：“妳的瘤怎么变小了？小好多，可以捏到妳肩膀的骨头了！”“啊！妳有在修行，佛菩萨保佑妳的！”我的复健师告诉我。可是我上周三来诊疗时，还是两个鸡蛋大啊！当下我知道奇迹发生了！奇迹！真的是奇迹！这是见证奇迹的一刻！十公分大小的瘤只剩一半！","","你信吗？当下我不敢告诉非同门的整复师：“我的师尊和金刚发威了！”因为他并不知道我参加这个殊胜的法会；透过一只充满魔力的手，得到了来自宇宙虚空的大能量、大法流加持！","师尊当着五万人宣布，说到，做到！我信！也愿和同门分享这个美丽的奇迹！","大","","二○一六‧三‧七","","●","","若汝悟入虚空，将解除一切的束缚。","","","","","","","","","莲花世珍恭书","我说：","",""
"018 一粒苹果","https://reader.tbboyeh.org/fullscreen_player.php#/?ebook_id=505&chapter_id=c018","莲花超霞”女士，在长荣桂冠的聚餐中，报告我一件事。","她和“莲花伟鹏”结婚多年，一直没有小孩，毫无消息。","她他试着用各种方法，例如“试管婴儿”等等，均宣告失败。","无法可想之下。","只有试试拜拜神明，祈求有小孩。","她吃“香灰”。","庙里面的主事，把一大碗水，掺入一大包的香灰，口中喃喃有词之后，便叫她吃了下去，一大碗浓浓的灰水，就这样吞下肚。","她吞到非常噁心。","实在不敢吞了。","但，","仍然宣告失败。","","后来，她他才皈依“莲生活佛卢胜彦”。","由于国家不同，他她是遥灌顶皈依的。","“莲花超霞”每天试着念〈上师心咒〉、《高王经》，然后祈求：","“有小孩！”","“莲花超霞”的祈求很认真，因为公婆都急着要抱孙，压力很大。","","●","","有一天，她在恍惚中，看见卢师尊至。","拿着一粒苹果递给她。","她不想吃。","卢师尊说：","“吃下去，才会有小孩！”","她一听会有小孩，才吃了！","怪的是，吃下去没多久，就真的有孕了。","在二○一三年三月十三日，生下了一个小女婴，取名“郑紫君”，也就是“莲花紫君”，现在已经三岁了。","“莲花超霞”就是为了感谢我，特地飞到台湾来，感恩这一件事。","(我们聚餐那一天，是二○一六年三月十三日，这么巧)","","又：","“莲花超霞”说：","在他们住的地方，还是男尊女卑，老爷及老奶奶又要他们生一个男婴。","她只有跑一趟台湾。","祈求卢师尊，再赐予一个健康、福德、智慧的儿子。","我听了哈哈大笑！","我说：","好吧！再赐给妳一个乖巧的小男婴吧！让妳能满愿。","","●","","我要告诉大家的是：","修行要到“空”的境界，才能满足众生“有”的境界。","任何一种“有”，均是由“空”而来。","做为一位灵性的导师，他是超然而为爱奉献的人。","由于“空”。","就有了“无限的秘密力”，把一切不可能，变化成为可能。","“","莲生活佛卢胜彦就是借着智慧本尊超然的力量，二者合一的阶段，怀着超然爱心来服务众生的人。","至尊的活佛看了一眼物质个体，就使她孕育了另一个个体的灵魂。","","","","","","","","","","","","","如此，","","",""
"019 不知所云的说法","https://reader.tbboyeh.org/fullscreen_player.php#/?ebook_id=505&chapter_id=c019","一天。","是长寿佛的护摩法会，在台湾雷藏寺，二○一六年三月十二日。","我上了法座，开始说法。","我先说如何养生。","再说养生就可以长寿。","又说养生的人生，就是修行的人生。","外在的养生。","内在的养生。","（不贪、不瞋、不痴、不怒、不喜、不忧、不愁、不哀、不妒、不恨、不执）","","后来，话锋一转。","我说：","长寿与短寿一样。","（只要有价值就好）","不管任何环境，或者如何的死亡都可以，或者是意外。","","又说：","自己如同在虚空，或是虚拟。","自己没有任何目标？也没有任何目的？没有未来？没有什么预期？","又说：","自己是精神病？","自己疯了？","哈哈哈的乱说一通。","（我自己感觉，那一天的说法，毫无目标的聊天，不知所云，真正是不知所云）","","最后我竟然说：","讲佛法讲腻了！","不想再讲佛法了！","连自己要如何活着也不知道，活着为什么也不知道。","说完，就下法座了。","我自己有一个感觉：","说法的人不知所云。","听法的人更不知我不知所云。","没有提及长寿佛的念诵法、如何观想、如何结手印、如何念咒、如何入三摩地。","也没有讲：","“大圆满法”。","","●","","那一天。","是怎么一回事？","我答：","“没有说法者，没有听法者，也没有所说的佛法。”","我说：","“这是至尊至高的开悟。”","我懂。","不知诸弟子懂不懂？","","那","我说：","无所住。","无所谓。","（不知诸弟子悟否？）","","如果有人放弃世俗的一切，来跟随卢师尊，但他没完成什么，或没得到什么，也没有得到成就。","","我说：","如果有人放弃世俗的一切，来跟随卢师尊，他建立了大雷藏寺，度化很多众生，得到大果位，成就相当大。","我说：尚欠一点！","","","","","无所得。","请想想下面的一句话：","","这个人很完美！"
"020 带业往生与消业往生","https://reader.tbboyeh.org/fullscreen_player.php#/?ebook_id=505&chapter_id=c020","得很久以前。","有二派的和尚，彼此打笔战，炮声隆隆，彼此引经据典或实际经验。","","一派说：","西方极乐世界，只要临终念佛，一心不乱，即可往生佛国。","另一派说：","不行。业障未消，到了西方净土，净土被污染，还是净土吗？","","一派说：","西方极乐世界，属易行道，若要消业往生，还算易行道吗？","另一派说：","佛法平等，没有所谓的易行道、难行道。众生一看有易行道，谁还修难行道？","","一派说：","阿弥陀佛最慈悲，故有念佛法门。","另一派说：","难道其他的佛，就不慈悲吗？","","一派说：","净土宗，不用消业，念佛就是消业，净心十念，决定往生。","另一派说：","一定要──","先修资粮道。","再修加行道。","直到见道。","续加修道。","最后才是究竟道。","这是修行的次第，没有一步登天的。","","一派说：","历史上，很多他宗的祖师，最后都回归净土宗，因为净土宗可以带业往生。","另一派说：","到净土佛国那么容易，学佛有何价值可言？到净土，如同上菜市场那么容易，还要什么佛学院？念佛就好！","","一派说：","到了佛国，业障自消。","另一派说：","若业障会自消，那还要什么佛法？","","总之：","双方互不相让，争来争去，主旨还是带业往生、消业往生。","","有人问我：","“到底是带业往生对，还是消业往生对？”","我答：","“二者皆对！”","人问：","“带业、消业，二者不同，如何二者皆对？”","记","我答：","人问：","“怎么说？”","我答：","“气归气，土归土。”","“那还不是消业？”","我答：","“业障如同人的影子，是业随身也，人身若不在，还有影子吗？”","“不是唯有业随身吗？”","我答：","“如果没有人，何有业？”","“玄机重重，重重玄机！”","","","“业障归业障，往生归往生。”","人问：","（这句话，请人三思，有玄机在）","人问："
"021 浑身都是缺点","https://reader.tbboyeh.org/fullscreen_player.php#/?ebook_id=505&chapter_id=c021","一位名嘴说：","“我不屑提卢胜彦这个人的名字！”","人问：","“为什么？”","名嘴答：","“他有很多负面新闻。”","人问：","“有哪些负面新闻？”","名嘴答：","“你自己看新闻就知道。我知道他有老婆，出了家，还有老婆，可以吗？”","人问：","“释迦牟尼佛出了家，也一样有老婆，也有一个孩子呢！这怎么说？”","名嘴又说：","“他佩金戴玉，不像出家人！”","人答：","“那是弟子供养的，又不是自己买的，他不戴，弟子会怪他。”","名嘴再说：","“他说法不类似正教人士。”","人答：","“正教人士说法，枯燥无味；卢胜彦说法，才有味道。”","名嘴接着说：","“很多正派的出家人，人人讨厌他，说他是附佛外道。”","人答：","“附佛是真的。外道也是道，内道也是道。这些无法界定。”","名嘴说：","“他说法讲笑话。”","人答：","“他说，人生本来就是一场大笑话。”","名嘴想了想说：","“他脱光上身，露两点。”","人答：","“那是辟谣。”（有人指他身虚体弱，他露出健壮身材）","名嘴说：","“他打棍！”","人答：","“少林僧人也打棍！”","名嘴说：","“他会跳舞、唱歌？”","人答：","“那是年轻时。弘一大师年轻时，一样跳舞、唱歌啊！”","名嘴说：","“他……他……他。”","人答：","“你只看他的表面，他的内在，如虚空宽阔无边呢！他的弟子们就是欣赏他独特的智慧，他只要站在那里，就足够令人肃然起敬了！”","名嘴说：","“他浑身都是缺点！”","人答：","“就是因为浑身都是缺点，这才是莲生活佛卢胜彦师尊。”","有","“这么多缺点当师尊？”名嘴问。","“以缺点度缺点，是真师尊也！”","","●","","只有疯子，才能度化疯子。","只有喝酒食肉，才能度化喝酒食肉。","以俗才能度俗。明白否？","","","","","","","人答：","我（卢师尊）说：","","（不入虎穴，岂得虎子）"
"022 又中大威力彩","https://reader.tbboyeh.org/fullscreen_player.php#/?ebook_id=505&chapter_id=c022","说：","在这次的财神法会之后，我看见天上降下了一张又一张的大钞，铺满整个雷藏寺。","我说：","弟子们！会有人中威力彩、大乐透、头奖、首奖。","我说：","中大奖的，不用说出来，偷偷告诉卢师尊就可以了。","我说：","在美国，“莲花梭麦”中大乐透，说了出来，财露了白，因此，他她隐匿。","以后，中大奖的，勿说出。","在美国，又有一位，中大乐透，是一亿六千万美元，他偷偷告诉我。","在台湾，最大的威力彩三十亿台币，是真佛宗的弟子中的。","他偷偷丢一个红包给我，就跑了。","红包上写：","“我中了！”","另：","中二奖及小奖的不可计数也！","","●","","在新加坡大乐透，有一位不是新加坡的弟子，他是附近国家的人，特别去买新加坡的大乐透。","他中了大乐透。","此次的大乐透，二个人中，其中一位是真佛宗弟子，他赢得二亿台币。","在一次餐会中。","一位头发长长，面貌娟秀的女士或小姐。","递给我三个红包。","她说：","“谢谢师尊的，我代表致赠的。”","是她本人中？","或真的代表？","我不推测。","但，","确定是中了大乐透。","","另，马来西亚，也有弟子中了头彩，据说数目相当惊人。","我在本文中，不想透露中奖人的姓名、国家，是给予保护。","人问：","“为何卢师尊说中就中？”","我答：","“我看见财从天降！”","人问：","“他们新春期间，在成日，七时，出门向南走八步，念『财神到我家』吗？”","我答：","“是的。”","","●","","我说：","我有财神法。","我","有敬爱法。","有求子法。","有治病法。","有长寿法。","……。","这些都是“先以欲勾之，再令入佛道”。","佛法若无方便法，也就不会有究竟法了！","当然，对于过分执着财利、地位、美色的人，过于追求感官及富裕的人，要给予感应。","我们教导他她，一切均无所得！","明白无所得，心灵就获得提升了！","","","","","有息灾法。","","","之后，"
"023 拜访老弟子","https://reader.tbboyeh.org/fullscreen_player.php#/?ebook_id=505&chapter_id=c023","约几年前，我去了“彰化”，拜访了彰化的二位老弟子。","一位是“黄朝初”，外号是“起子”，“起子”用日文念。","他的年岁比我大十岁吧！","","这位弟子是“扶轮社”的社员，“扶轮社”在美国“芝加哥”开世界大会。","一九八○年，黄朝初和我赴会。","后来我们在纽约上州，拜访了“十六世大宝法王噶玛巴”。","","那是：","三十多年的事了！","我见到“黄朝初”的时候。","他很木讷。","面无表情。","我说：","“你不认得我了？”","他喃喃的说：","“你是谁？”","我说：","“我是卢老师，你还记得我们一起去美国，去看大宝法王，接受灌顶，你记得吗？”","（当年，老弟子称我老师）","他脸上有些激动。","“老师，老师，老师啊！你是卢老师！”","","他口中喃喃的念着，他似乎有些忆起。","我给黄朝初加持！","我离开他的时候，他追出了巷口，口中念着：“老师！老师！老师啊！”","泪眼矇眬！","我自己也泪沾衣襟。","我想：","“老了！一定要这样吗？”","","●","","我转到“张厝”，这位弟子是“张耀仁”的爸爸“张文瑞”。","他坐在轮椅上。","张文瑞晚年中风，行动已不便，发白，脸已变形。","手脚扭曲。","他记忆力还可以。","大叫：","“卢老师来，赶快请客，办桌！”","喊了一阵子。","四周人都不动。","他气得涨红了脸。","“你们怎么都不动？”","我说：","“我吃过了，才来！”","张文瑞又大叫：","“要请卢老师坐，要请卢老师喝水。”","大","四周的人都不动。","“我只是来看看你，一下子，我就走了！”","我给张文瑞加持！","我想：","“老了！一定要坐轮椅吗？”","●","","我一直在想一个问题：","观想。","持咒。","手印。","我加持他们获得“平静瑜伽”！","","","我说：","","黄朝初、张文瑞，还能持咒念佛吗？","失忆的老人，还能忆起佛陀的教化吗？失忆的人，还能实修佛法吗？"
"024 《真心看台湾》的专访","https://reader.tbboyeh.org/fullscreen_player.php#/?ebook_id=505&chapter_id=c024","天电视台，有一个专访的节目，节目是《真心看台湾》。","他们专访我。","在二○一六年三月二十日。","","问：","请卢师尊分享写作的动机，因为兴趣吗？","答：","我在小学时代，有一本《学友》月刊，征求笑话，我就应征，结果刊登了。学校把刊登的投稿，放布告栏，人人侧目。哈哈！我的兴趣就来了。","问：","请卢师尊分享，为何三十一岁那年出版的五本灵书，会成为改变一生的转捩点？","答：","我逢青衣妇人，在玉皇宫，写实的写了《灵机神算漫谈》等，结果造成轰动，这下子，我就专心走上了心灵的这一条不归路。","问：","请卢师尊分享写作的使命为何？为了弘法吗？","答：","我没有那么伟大，最初写作是为名为利，小声名及稿费。后来，发觉了有天命，这就成了使命，从此，写作就是弘法，弘法就是写作，一下子，我变成了宗教师，肩负众生的救度。","","问：","请卢师尊介绍，面对芸芸众生，资质不一，如何能用写作来度众生？如何让大众易读、易懂、并心生警惕？","答：","写书分多类：","以神通故事接引初机。","以哲学理念接引中机。","以如来智慧接引上机。","“先以欲勾之，再令入佛智”。","最后：","人人成佛！","","问：","请卢师尊分享写作灵书的精神理念为何？","答：","我走到这一步，已非一般的卢胜彦了，我有了最至尊的开悟，这是我实修的结果，理事合一。我活一天修行一天，活一天写作一天，活一天快乐一天，活一天感恩一天。我的精神理念，就是将我的成果，施给有缘者。","","问：","请卢师尊、活佛，分享近五十年的时间，凭藉着毅力创作高达二百五十三本文集，动力来源如何？","答：","使命！","责任！","义务！","慈悲！","菩提！","问：","请卢师尊分享写作灵感来源？","答：","天地间自有灵感，灵感中也有天地。从心流露，从现实中取得，无一事，无一物，都是灵感。","","●","","中","我说：","（思之、思之、通之、通之）","","","","","","","","","","","","","我至高至尊的开悟是，我（莲生活佛卢胜彦），根本没有写过一本书。","","",""
"025 书‧咖啡‧轻食","https://reader.tbboyeh.org/fullscreen_player.php#/?ebook_id=505&chapter_id=c025","北“悦香”开幕了！","墙上摆满了我的书，书划分了“灵异”、“因果”、“轮回”、“般若”、“旅游”、“修法”等等的分类，这是心灵上的。","“悦香”卖咖啡。","","我讲了一个笑话：","有二位天神下降人间。","在人间吃喝玩乐。","结果是飞不起来，无法返回天界！","祂们遇见“天上圣母”。","述说苦境。","“天上圣母”请二位天神，喝二杯黑黑的饮料，喝完就能飞了。","天神问“天上圣母”，这是什么？","“天上圣母”说：","这是咖啡，因为：","“咖啡可以提神！”","哈哈哈！","还有卖“轻食”，也就是便餐，由二位年轻的营养博士，做出健康的轻食。","","“悦香”集合了：","书。","咖啡。","轻食。","让身体健康，心灵提升。","","●","","由“书．咖啡．轻食”，我联想到“流星．蝴蝶．剑”。","又联想到：","“菊花”与“剑”。","又联想到：","“星星．月亮．太阳”。","","这些组合是：","诗。","散文。","小说。","（我写作的书，有诗、散文、小说、杂文；文学、非文学、宗教、非宗教）","","都是：","天马行空。","非人非非人。","天上。","地下。","阳间。","阴间。","","祈愿：","“悦香”放射的力量，能令川流不息的人，懂得欣赏与品味，护佑所有的人，身心健康，心灵提升。","台","我问莲悦上师：","莲悦上师回答：","“这完全是一种供养，整个店都是供养，人生是供养，供养佛菩萨诸尊，供养师尊，供养护法，是永远恒久的……。”","","●","我说：","“悦香”的精神，是对于一位至尊上师的虔敬。","是内圣化为外圣。","坦途无碍。","简单平实。","流布广远。","我在这里要告诉大家：","每一本书的力量，就是要教人看到一线生命的曙光。","不然，人生一片黑暗！","“如果生意……。”","","","是一种淳源。"
"026 诸佛菩萨圣像赞","https://reader.tbboyeh.org/fullscreen_player.php#/?ebook_id=505&chapter_id=c026","读一书，名《诸佛菩萨圣像赞》。","内中有几个赞，有深义，有玄旨，有内涵，我列出如下：","龙树菩萨：","宝号妙称龙树。","人天万象皈依。","端坐莲台默默。","心心大发慈悲。","此赞有二重点：","“默默”、“心心”。","为何默默？","为何心心？","","●","","无着菩萨：","自是西方大觉。","慧根六尘具脱。","看破五蕴皆空。","祖师一毫无着。","我问：","如何是大觉？","如何是一毫？","","●","","莲花妙舞自在观音：","降伏镜里魔军。","大作梦中佛事。","莲花妙舞称扬。","自在观音大士。","我问：","镜里是什么？","梦中是什么？","这些赞偈之中，很多是耐人寻味的，有的是大雷音，有的是大光明，有的是大法味，有的是无影，有的是无踪，有的是大幻，有的是大空。","●","","秘密马头金刚：","金刚马头作冠。","由来意马牢跧。","六蕴皆空谁悟。","黑漆桶内盘桓。","我问：","谁悟？","黑漆桶是什么？","","●","","大轮手持金刚：","我","毒蛇伏恶魔降。","大轮转护法王。","度众生德无疆。","我问：","何是金刚？","","●","","幻化金身显像。","我佛何等慈悲。","若悟个中滋味。","我问：","如何是个中？","如何是滋味？","威神力颂金刚。","何是法王？","还须静里追思。","瑜伽虚空佛："
"027 谁人识得阴阳法？","https://reader.tbboyeh.org/fullscreen_player.php#/?ebook_id=505&chapter_id=c027","在法座上，突然吟了一偈：","九天玄女黄石公。","阴阳只在转转通。","有人识得阴阳法。","何愁大地不相逢。（此偈是我改写缩短）","","这个偈是说：","“如果有人懂得阴阳法，他一定能够找到大地理。”","这大地理，是“风水宝穴”也。","什么又是阴阳法？","我说：","这天地之间全是阴阳法。","","例如：","天就是阳，地就是阴。","山就是阳，海就是阴。（河）","男就是阳，女就是阴。","白天是阳，晚上是阴。","凸起是阳，凹下是阴。","火就是阳，水就是阴。","动就是阳，静就是阴。","……。","","我说：最早发现阴阳法的，应该是“伏羲”，他画了八卦。","“”就是阳。","“”就是阴。","","再来是“文王”，接着是“周公”，以及“孔子”、“鬼谷先生”……。（易学家）","为什么偈中要提“九天玄女黄石公”，我认为：","九天玄女是象征阴。","黄石公是象征阳。","（两位都是阴阳大家）","","阴阳的学问至大，到了今天电子时代，仍然是正负电、阴阳电。","无极生太极，太极分两仪，两仪生三才，三才变四政，四政变五行，五行变六度，六度变七奇，七奇化八卦，八卦分九宫，九宫生十全。","","流布人间是：","轮回。","修行返虚是：","无极。","","●","","有人把偈子写成：","九天玄女黄石公。","阴阳只在转转通。","有人识得阴阳法。","何愁美女不相逢。","我","哈哈哈！","","“双身法”。","“房中术”。","“性力派”。","“阴阳调和”，合一、融合，就回到了“无极”。","此法被视为“淫秽”。","故而“秘密”。","（人类的本身，对自己真正的原本地位，一直茫然不知）","做着淫秽的事，又来批判淫秽，何不把淫秽转为清净？","","","我说：","你懂得了阴阳法，知道“生”就是阳，“死”就是阴，于是了生死，就解脱了生死轮回。这时的你，就不会在阴阳之中，你已穿透阴阳的密林，达到了至尊的解脱开悟，你不是阳，也不是阴。","我想了一想，其中当然也有道理在。","是讲太极的，当阴阳调合到最均匀的时候，就是“太极”。","●",""
"028 阿谁能悟？","https://reader.tbboyeh.org/fullscreen_player.php#/?ebook_id=505&chapter_id=c028","本《至尊的开悟》，我原来的书名是“阿谁能悟”。","为何是“阿谁能悟”？","请注意：","“阿谁”两字，这两字太富深意，汝是谁？汝是谁？若明白汝是谁？这就悟了！","“能悟”也就是谁能悟？谁能悟？这又是一句费疑猜的句子。","","●","","在“佛海观世音”的赞偈中说：","世音不以耳听。","佛海观音独步。","金身意外庄严。","消息阿谁能悟。","","请注意：","世音不是用耳朵去听的，不用耳听，用什么听？","谁能悟？","","又：","在“上乐王佛”的赞偈中说：","极乐从来无上。","上乐是何形状。","悟得上乐真形。","何非上乐本相。","","我这里且问大家，上乐是何形状？这一句最重要了。","“极乐”二字。","有谁能悟？","","又：","在“白上乐王佛”的赞偈中说：","他是我我是他。","魔即佛佛即魔。","上乐王共合和。","真趣味伊知么。","我个人认为此偈子非常重要。","我他合和。","魔佛合和。","这是一味是也！","这趣味，你知道个什么？从这个切入，真知真见，才是悟也。","","又：","在“威罗瓦金刚”的赞偈中说：","多足多臂多首。","幻像庄严知否。","妙哉果是金刚。","万古名传不朽。","","这","告诉大家：","知否？","若知幻像，已接近开悟了！","","又：","金刚尊名大幻。","立定金身璀璨。","要知法度有缘。","","我说：","从幻像到大幻，这就更明晰了，最清楚不过了。","执幻入幻，知幻离幻，愈来愈接近开悟了。","我在此告诉大家，这世间千变万化，原来是一视同仁的。","不分别你我他。","幻像，","在“大幻金刚”赞偈中说：","执着何必！","可是超登彼岸。"
"029 有一位邱医师","https://reader.tbboyeh.org/fullscreen_player.php#/?ebook_id=505&chapter_id=c029","一天，邱医师对我说：","他很欣赏我讲的几句话：","活一天，快乐一天。","活一天，感恩一天。","活一天，修行一天。","","又：","做好每一件小事，就是做大事！","邱医师原先修显教，后来皈依我之后，便改修密教。","坛城由显改密。","","●","","邱医师乐善好施，广结善缘，同时医术高明，收费则平价。","对僧人，特别优待。","很多很多的僧侣，去他那里看诊。","他喜欢僧侣。","僧侣喜欢他。","这些僧侣大部分是修显教的。","后来坛城改变了！","邱医师的坛城变成密教的坛城。","有僧人说：","“邱医师，你信了魔！”","又说：","“那坛城就是魔！”","僧人不敢来了，僧人走了很多，邱医师告诉了我这件事。","","●","","我对邱医师说：","“信归信，病归病。”","我举例子：","如果有一位僧侣，他患了病，必须开刀，而开刀的人是一位天主教徒的医师，他要不要开刀呢？","","我再说：","很多医院是天主教开的，有些医院是基督教医院，当然也有佛教医院。","我说：","病归病。","信归信。","哪家医院好，就去哪家，没有必要去选择属于自己信仰的医院。","","再说：","以妈祖的名义开的医院，信基督、信天主、信回教……。","都一样的看诊。","岂有分别。","","●","","有","佛教三转法轮，有小乘、大乘、金刚乘（密乘），有地方性。","中国、日本、韩国，大乘多。","西藏，金刚乘多。","我个人喜欢小乘的戒律，大乘的诸宗，金刚乘的修持法教。","三乘是一乘。","密教也不是魔教，由三业转三密，主张身、口、意清净的修行，何须排斥？","","●","至尊的开悟是：","当一个行者，摒弃了一切执着，不自我局限在三乘的某一乘，他的心就解脱了，他就是一个稳定的智者。","我甚至不鄙视任何一个宗教。","一切全在大圆镜之中！","","","东南亚一带，小乘多。","合起来修行。","我认为：",""
"030 灵魂的生与死","https://reader.tbboyeh.org/fullscreen_player.php#/?ebook_id=505&chapter_id=c030","期，我写的书中，曾说：","“灵魂是永恒不灭的。”","后期，我写的书中，又说：","“形神皆灭。”","因此，陈仁和居士提出疑问：","“灵魂到底灭或不灭？不是永恒不灭的吗？这样岂非矛盾？”","我的回答是：","“没有矛盾。”","","●","","我说：","“人有生死吗？”","答：","“有。”","（人从出生，必经历生、老、病、死。这是一定的，故，有生必有死）","我又说：","“人有生死吗？”","答：","“无。”","“这岂不矛盾？”我说。","答：","“生是死的开端，死又是生的开端，生生死死，死死生生，轮回不止，只是换了一个房子而已，人形就是房子。”","","●","","我说：","“灵魂是人死后的余气，佛教称中阴，灵魂有生死吗？”","答：","“有。”","“人死后，中阴释出，便是生，等到中阴进入有形的躯壳中，便是形神合一，也等于中阴的死，故灵魂有生死。”","","我又说：","“灵魂有生死吗？”","答：","“无生死，灵魂是永远不灭的。”","“这岂不是矛盾？”","答：","“灵魂永远一样的六道轮回，也是一样的转换，甚至一切的现象，变来变去。在四圣界，也是这个灵，在地狱、饿鬼、畜生，也是这个灵。”","问：","“这如何是形神皆灭？”","答：","“有无之间。”（一时的现象）","（形神皆灭是无，形神又现是有。灵魂如云，此地无，彼地有；彼地无，此地有）","问：","“这太不可思议了！”","答：","“业力是不可思议！”","早","问：","答：","“有无之间。”","问：","“很多事情很矛盾，令人弄不清楚，愈想愈胡涂。”","我说：","不用去想。","佛经里有了义，有不了义，有真谛，有方便，这不是矛盾。","","","","","","","“业力是有是无？”","","","至尊的开悟是无生也无死，形神皆如此。"
"031 白衣大士如意宝珠法","https://reader.tbboyeh.org/fullscreen_player.php#/?ebook_id=505&chapter_id=c031","在此告诉所有的密教行者，修行密教的次第，务必一阶一阶的上。","简单的说，由浅入深，由小而大，由低而高，最后达到最高成就。","","简易的次第如下：","四加行法。","上师相应法。","本尊法。","金刚法。","无上密。","大圆满法。","","又分：","外法。","内法。","密法。","密密法。","","四部法中，划分：","事部。","行部。","瑜伽部。","无上部。","","●","","我个人觉得“本尊法”是一个重要关键，修法修到本尊相应，本尊常随左右，甚至本尊是你，你是本尊，这个时候，再修其他法，也会一一相应。","所以说，一就是多，多就是一。","","很早以前，我就持一咒：","“怛只哆。嗡。伽拉伐哆。伽拉伐哆。伽诃伐哆。拉伽伐哆。拉伽伐哆。梭哈。”","（白衣大士咒）","若加上：","“觉知。觉知。觉知。”","就变成：","“怛只哆。嗡。伽拉伐哆。伽拉伐哆。伽诃伐哆。拉伽伐哆。拉伽伐哆。嗡。觉知。觉知。觉知。梭哈。”","（这就是白衣大士如意宝珠咒）","","在观想上：","白衣大士是右手持宝珠，左手与愿印。","或：","白衣大士坐莲花上，双手捧着宝珠。","","观想口诀：","行者坐于白衣大士之前，观白衣大士种种庄严，双手捧宝珠。","行者结捧宝珠印，即“双手结开敷莲花印”。","用心力将白衣大士的宝珠，放黄色光，照自己行者莲花印。","行者自己手捧着宝珠。","于是：","我","持咒：白衣大士如意宝珠咒。（尽力多诵）","●","","入三摩地。","出定时诵赞：","闻声救苦济善良。","密法如意最巧妙。","庄严神威满坛场。","●","","我说：","若大限到时，可往生佛国净土。","我用我的法眼观察：","“一心就是口诀！”","","白衣大士人赞扬。","此法易行，也易相应，修习久久，深得菩萨加持，放白黄光，可改变自己的命运，由穷变富，由贱变贵，功名富贵全部出现。",""
"032 领受虚空境","https://reader.tbboyeh.org/fullscreen_player.php#/?ebook_id=505&chapter_id=c032","问：","“卢师尊，你究竟悟了什么？”","我答：","“没有。”","人问：","“什么又是没有？”","我答：","“虚空境。”","人问：","“能不能具体的说明？”","我答：","“实无具体。”","人问：","“请举例子好吗？”","我答：","“当佛教的经、律、论，任何词句，再也扰乱不了你的心。当你稳定于自我光明之中的状态时，你就领悟了虚空境。”","人问：","“在自我光明中，有何表现？何言语？何行为？何举止？”","我答：","“总的来说，自在与任运。”","人问：","“什么是自在？”","我答：","“自在来自于超然，不是摇摆不定，而是任何状况之下，不受任何环境而影响。”","人问：","“什么又是任运呢？”","我答：","“并没有约束自己的感官、没有控制自己的感官，只是在感官之中，你仍然是光明的、智慧稳定的圣者。”","人问：","“这样子的回答，我们似懂非懂。”","我答：","“食有美味、色有性欲、钱有欲望，名位也是，但，你不会迷乱，不会依恋，你知道这些都很短暂，都是空。在任运之中，光明之中，你一丝一毫都不失去。”","人问：","“这是自在而任运吗？”","我答：","“不到虚空境的人，就随时有坠落的可能。到了虚空境就不会了。在超然的智力之中，早已认清：名位是暂时、食味转头空、性欲刹那、钱更虚幻。”","人问：","“这样有快乐吗？”","我答：","“寂静就是亘久的快乐，其他不是。”","人问：","“寂静就是快乐？怎么说？”","我答：","“只有像虚空一样，纵然有云、有风、有雨、有雷、有电、有冰、有雹。但虚空永无干扰，永远平静。”","人问：","“这就是开悟吗？”","我答：","“这是举例。”","人","人问：","我默默无语。","不说一句话，只是看天！","","","","","","","","","","","","“那开悟是什么？”","","",""
"033 忆老弟子","https://reader.tbboyeh.org/fullscreen_player.php#/?ebook_id=505&chapter_id=c033","日清晨，我突然忆起了，早年在台湾时，一批老弟子，他们都离开人世了！","","张煌明","他是一位“功夫”名师，拳脚了得，职业是“喷雾气”（洒农药），皈依卢师尊之后，学习风水地理，甚有心得，常随我左右，深得真传。","张煌明身材高大、健壮，留着长须，类似关云长的脸孔，眼如铜铃。","他如同我的侍卫。","可惜。","英年早逝，是心脏中风，睡梦中迁化。","","尤银寿","他是丰原人，是一位江湖人，上半身刺青，曾经营“酒家”。地方老大。","皈依卢师尊之后，随我左右，与张煌明一样帮我提皮包。他一改前非，从此走上了正道，认真学习密法。","此人面恶心善，其实心地很柔软，他是黑社会老大，令人难信。","他在弘法旅次中，得脑中风。","约七旬迁化。","","庄潢榆","他是粮食局的“专员”，是一位官员，他做事相当热心、谨慎。","精进修“护摩”。","深入“密法”。","性子有点急，有高血压，第一次中风，我救治之，得痊愈。","后来，又一次中风，拖了很多年，终于不敌病魔，走了，迁化。","","郑裕信","他是台中人，与张煌明同拜一位“王老师”为师，学功夫，练得一身好功夫，八卦游身掌，深得其中三昧，原先的事业是“米行”，最早的真佛宗金纸，是由他承印。（成益堂）","郑裕信为人老实，很实在，随同我移民美国。","后因儿女关系，搬到加州。","到了晚年。","因为肾衰竭而迁化！","","●","","当我想起他们的时候，心中悚然，记起了一首偈子：","眼看他人死。","心中热如火。","不是热他人。","快快轮到我。","我想到：","“啊！我卢师尊也快了吧！”","","我想起我显教的三位师父，印顺导师、道安法师、乐果法师。","密教的四位上师，了鸣和尚、萨迦证空上师、十六世大宝法王噶玛巴、吐登达吉上师。","再想到：","受戒三师，贤顿法师、慧三法师、觉光法师。","他们全圆寂了。","","天啊！","再来就轮到我了呀！这是在我的人生旅程中首要想到的。","一","但，","“这天下没有什么事，什么事也没有发生，连生死都不是。”","只有二种人，无生也无死：","一者，开悟而实修者，心有大光明。","二者，侍奉开悟者，得大加持者。","","","","","","","","","","我至尊的开悟是：","","",""
"034 悟之诗之一","https://reader.tbboyeh.org/fullscreen_player.php#/?ebook_id=505&chapter_id=c034","白的时候","才知道","无法用言语形容","不是思","不是念","更不是用眼睛去看见","","这世间","百绕千结","无非是因因果果的业","你的","我的","在执着的时候就出现","","一抹淡淡","一片痴痴","日光","月华","高高的山","深深的海","就是这样的","走过了无数的岁月","","哈哈哈大笑","笑那些浮华落尽了","笑那些英雄","笑那些豪杰","笑那些领袖人物","笑那些骆驼商贾","笑那些","飞花万盏天灯","悄然而逝","","","","","","","","","","","","","","","","","明","","","","","","","","","","","","","","","","","",""
"035 悟之诗之二","https://reader.tbboyeh.org/fullscreen_player.php#/?ebook_id=505&chapter_id=c035","么是亘古不变","是风倏来倏去","是花开又花落","是雪融又雪化","是月圆又月缺","是爱恨","是情仇","是佛陀的觉悟","结果是连觉悟也不是","","是轻轻颤动","是灼灼热热","是淡淡淡淡","还是盼盼盼盼","结果","都不是都不是","","","从遥远至今朝","向东方","向西方","向南方","向北方","走过了千山万水之路","寻觅的","吹不散的风","融不化的心","结果","都是迷濛的雾露","","我悄悄的来了","我悄悄的走了","我没有带走一丝丝的人间","事务","","","","","","","","","","","","","","","什","","","","","","","","","","","","","","","","","",""
"036 刘金杜如此说","https://reader.tbboyeh.org/fullscreen_player.php#/?ebook_id=505&chapter_id=c036","说：","“我不是你的弟子！”","我“哦！”的一声。","刘说：","“我现在是你的弟子！”","我又“哦！”了一声。","刘说：","“我是国家队的足球健将，在马来西亚的足球队踢球。”","“又怎么了？”","刘说：","“我偶然之间，有了你的乙尊莲花童子塑像，就随手带回家。”","“然后呢？”","刘说：","“当夜，你就来了，推拿我的腰。我的腰闪到了。”","“有好吗？”","刘说：","“第二天醒来，腰真的好了！”","刘继续的说：","“但，二天后，我踢球的时候，又闪到了腰。我想，如果卢师尊又来推拿我的腰，那就好了。”","刘说：","“当夜，卢师尊真的又出现，同样推拿我的腰，结果，又真的好了！所以，我就皈依你了！”","刘说：","“今天特别从马来西亚飞过来，见一见卢师尊，真的很神奇！”","我说：","“那都是菩萨保佑的！”","刘说：","“很奇妙！”","我说：","“我很普通。”","在座的很多同门，纷纷述说他们奇妙的感应，他们都对我敬仰不已！","我说：","“我很平凡。”","","我说：","我只是坚持做好自己本职的工作，实现摆脱一切妄想。","早上写作、修法。","中午运动、休息。","晚上修气。","这就是我的每日职责，我没有放荡的生活，也没有感官的享受，没有追求自我最高的利益，我就是如此生活着。","没有执着要扩大宗派。","没有执着要度多少众生。","没有执着要领导什么。","没有执着未来有何计划。","很规律的生活着。","","我是：","真心。","诚意。","刘","努力。","一切自然来，一切自然去；要来的自然会来，要去的自然会去。","在这方面，我很超然。","","我始终如此觉得：","","","","","","","","","","但，不求回报！","“在这世界之上，我已无所求；既然无所求，只有自然而已！”","",""
"037 吼风大将","https://reader.tbboyeh.org/fullscreen_player.php#/?ebook_id=505&chapter_id=c037","古装电影中，常常看到一个场景：","道士登坛作法。","一个四方形的坛场。","悬上五条布幡：","东方甲乙木。","南方丙丁火。","西方庚辛金。","北方壬辰水。","中央戊己土。","五行、八卦、九宫坛被设立，而在中央摆上香案，有纸、笔、墨、桃木剑、雷劈木、法器等等。","只见道士上坛。","披发。","仗剑。","烧符。","向巽地吸了一口气，呼出。","口中喃喃有词，大喝一声“摄！”，于是平地起了一阵风，滚滚而来，狂风大作，风中现出了鬼神或其他。","接着就是一场斗法。","","●","","我的经历是：","我曾为人“进金”。","（进金是把亡者埋入大地理中）","一埋入。","狂风大作，周遭的树，劈里啪啦的响，进金一完，风即止。","","又：","我进入北港朝天宫参拜。","一出庙门。","身后两股旋风（小型的龙卷风，滚滚而至）。","一时飞砂走石，吹得厉害。","我一看风中：","原来是千里眼、顺风耳二位神将。","","又：","我到古罗马竞技场。","车才停。","路旁的树刮起大风，树叶纷纷坠落。","我一下车，一看：","原来是竞技场的亡灵一大批，欲请我超度，其中有虎、豹、狮、象等等。","我点头，风才止。","","●","","我在台湾雷藏寺说法时。","我的座车才弯入虎山巷，欲要上山。","莲锦法师领导的交通组人员便知道我的座车到了。","为什么？","在","他们说：","车未到，无风无摇。","车过了，无风无摇。","而且空中的鸟，飞来迎接！","地面上的动物，也奔跑迎迓！","","我有一种感觉：","在这人世间，只要是有生物存在，必然有生物的气存在，这生物的气，就是灵及非人，有的高级，有的低级。","我深深领悟，为何无尽，这无尽，诸弟子知否？","","","","","","卢师尊的座车一到，沿路必然起大风，风在树梢呼呼的响，一阵又一阵，枝摇叶落，煞是奇怪。","我听了“哦！”的一声，原来“吼风大将”随我身也。","","我举办的法会，能够将灵及非人，送到解脱的境界。也能够让人获得幸福快乐的日子，这种能力是无尽的。"
"038 持明、护摩、三摩地","https://reader.tbboyeh.org/fullscreen_player.php#/?ebook_id=505&chapter_id=c038","密教大祖师说：","密教有三大成就──","持明成就。","护摩成就。","三摩地成就。","（我认为护摩成就也就是供养成就之一）","持明（持咒无数量，持出光明）。","护摩（本尊、火、行者，达到了真实的三者合一）。","三摩地（行者进入最深意识，与宇宙至尊意识合一、融合、同化）。","","●","","由于我（卢师尊）在台湾时，雷藏寺每周周六的护摩，及在美国彩虹雷藏寺每周日的护摩。","有弟子问：","“护摩是什么？”","答：","“火的供养。”","人问：","“供养有何意义？”","答：","“我直接说，供养可以说，就是祭祀。”","","人问：","“祭祀是什么？”","答：","“祭祀是实修佛法之一。”","人问：","“为什么祭祀是实修佛法？”","答：","“祭祀有仪式，有持咒、有忆念、有歌唱、有诵赞、有入定、有回向等等。”","","人问：","“做这些又为了什么？”","答：","“进入乐、明、空。”（身清净、口清净、意清净）","我对我的弟子说：","“行者透过祭祀，而食祭祀过的供品，可免除累世的业障；如果吃不是祭祀过的供品，纯粹为感官而食，是增加自己的业障。”","人问：","“是这样吗？”","我答：","“众生的躯体靠五谷，五谷靠阳光及水，阳光及水靠天，天应人心的祭祀，祭祀来自于人的心灵。”","","人问：","“不明白天心与人心？”","我答：","“这就是宗教。”","人问：","“如果天心与人心毫无瓜葛？”","有","我答：","","人问：","“所以修行的意义是什么？”","我答：","人问：","“净化依什么？”","我答：","人问：","“最终成就是什么？”","我答：","","","","“修行则失去意义，人与禽兽无别，人与猪狗无别。”","“净化。”","“光明。以光明融入光明。一滴水进入大海，一心进入虚空。”","“持明、护摩、三摩地。”"
"039 偈颂的说明","https://reader.tbboyeh.org/fullscreen_player.php#/?ebook_id=505&chapter_id=c039","陀说偈：","开悟者得自在，","超越善与恶，","故，","无利益及伤害；","证悟者已能转化三毒有害的影响力，","贪、瞋和痴；","凡毒与我何所伤？","","弟子问我：“此偈是什么义谛？”","我答：","空谛。","在空谛中，无善也无恶。","三轮体空，","实无利益及伤害。","","例如：","无众生，","何来贪、瞋及痴？","何来凡毒？","","●","","利拉金刚说偈：","似乎没有人知道，","今天是谁在使用自己的感官。","幻化形象无数无量，","然而自性正如水银处于尘中，","独一而显著。","弟子问我：“此偈是什么义谛？”","","我答：","幻谛。","有谁知我是什么？","感官又是谁？","哭笑喜哀全是幻，","若像真有实相，","开悟者如水银，","放在尘土之中，","放射那无尽无量的大幻化网。","","●","","班智达说偈：","不举首看月，","愚者注视水中倒影；","不寻觅真正圣者，","愚者只随无明。","佛","","无宁依法。","毋依文字，","应依其义。","不依不了义，","","弟子问：“这是什么义谛？”","我答：","人要真实修行，","寻觅的是一个，","“真”。","依佛陀的法。","不可依文字，","要依文字的义。","与其依师，","应依了义。","不可依止邪师，","慧谛。"
"040 莲澄法师对我说","https://reader.tbboyeh.org/fullscreen_player.php#/?ebook_id=505&chapter_id=c040","澄法师，原先住温哥华（加拿大），后来又住香港，他是半年在香港，半年在温哥华。","在香港时，主持“善庆佛堂”。","莲澄法师说：","“在大幻化网金刚的法会中，卢师尊突然宣告，在念咒声中，要展现法力，让信众得到加持，使病痛消除。”","莲澄法师想，自己脖子上有一颗瘤，右手臂有一颗瘤，腰际有一颗瘤，另身体内也有一颗瘤，共有四颗。","卢师尊说：","“用手按患处！”","于是莲澄法师就：","一手按脖子。","一手按手臂。","没有手可以按腰际了！","又观想身内的那一颗瘤。","","莲澄法师说：","“手臂上的那颗瘤，很讨厌，只要有人碰到了，就大骇：法师！你的手臂怎么了？”","“而内在的那颗瘤，使自己夜间产生频尿，一个晚上要起来四次。”","“医生曾经说，要开刀。我不想开刀，因此就一直拖着。”","法会结束了。","莲澄法师也不在意那四颗瘤有没有消失。","","有一次沐浴，竟然发现，脖子的那一颗瘤，不见了。","他摸脖子，平平的。","他再摸手臂，手臂的瘤也不见了！","他摸腰际，瘤还在，但好像也有缩小。","再想到身体的那一颗瘤，他自己猛然醒悟，那一颗瘤，在与不在，不知道，但，频尿已没有了。","“哇！感谢师尊！”","我说：","“你怎么不写出来？”","他答：","“我不知道要写出来！”","我说：","“那就写吧！”","他答：","“腰际的那一颗呢？”","我说：","“自己修持把它消除，用瑶池金母消癌瘤法。”","他答：","“我平时有在做！”","","●","","有人问我：","“癌瘤怎可能消失？”","我答：","在这一次“大幻化网金刚”的法会中，很特别的是本尊本初佛“阿达尔玛佛”下降。大家都似乎沉浸在佛力的无限加持中，会中我又给大众加持，这个加持力也是前所未见的。","有人法流穿身，如同电击。","有人感应到暖流。","有人知觉无以名状的力量。","莲","有人全身发热。","有人当下清明了起来。","有人进入禅定。","","这是浩瀚无边不可言说的法力，它无影、无踪、无色、无相，却可以产生奇迹。","","","","","","","","","","有人身心颤抖。","把佛力、法王力、众生心力，结合起来，产生了大完美的变化。","",""
"041 你相信吉凶祸福吗？","https://reader.tbboyeh.org/fullscreen_player.php#/?ebook_id=505&chapter_id=c041","子（谢政）问：","“卢师尊！你相信吉凶祸福吗？”","我答：","“信！”","弟子问：","“什么原因信？”","我答：","“很简单，因为我相信，点滴是生命，是因缘果报，是因果，吉、凶、祸、福，是种豆得豆，种瓜得瓜，种花得花，种草得草。”","","弟子问：","“那卢师尊，你相信命运了？”","我答：","“不信！”","弟子问：","“那岂不是矛盾吗？”","我答：","“不矛盾。”","弟子问：","“为什么？”","我答：","“《了凡四训》中，有立命之学，命运是可以改变的，吉凶祸福也是可以改变的。人只要力行善业，是可以改厄运变成吉祥。”","","弟子问：","“那卢师尊到底信或不信？”","我答：","“信也不信。”","弟子问：","“怎可以这样？”","我答：","“老子说，福兮是祸所伏，祸是福之所倚。吉凶祸福是互相转化的。”","弟子问：","“卢师尊！你以何态度看吉凶祸福？”","我答：","“吉，我不喜；凶，我不忧。祸，我不愁；福，我不欢。”","","弟子问：","“为什么这样？”","我答：","“人生就是这么周而复始，起起落落，又吉又凶，又福又祸，福中带祸，祸中带福，看多了，就自然了！”","弟子问：","“如何面对？”","我答：","“随顺而超越。人看是吉，我看是凶；人看是祸，我看是福。但不管吉凶祸福，一个行者保任着自在。”","","弟子问：","“举个例。”","我答：","“阿扁总统。”","弟","（从最尊贵的总统，堕到最深的阶下囚）","“当总统非吉，阶下囚非凶，因为循环不止。”","弟子问：","“你有什么要告诉我们的？”","我说：","对吉凶祸福，命运等，","不起分别。","就在这些境遇中自在。","很祥和。","","","","","","我说：","遵从佛陀正确无误的法教。","","很自然。"
"042 大力金刚念诵法","https://reader.tbboyeh.org/fullscreen_player.php#/?ebook_id=505&chapter_id=c042","法法本：","此尊甚少人知，其实是阿弥陀佛的变化，有二大事业。","一、降伏。","二、敬爱。","","其秘密性是法器：","一臂持棍──用棍打晕怨敌。","一臂持索──用索捆绑。","一臂持拂──扫除业障。","一臂期克──结期克印示意。","","修法次第：","前行七支。（结期克印）当胸。双手。","观想：","由“班”字生出莲花，莲花中有日轮，日轮中有红色“”字。","（：班字）","由“”字放红光，现出大力金刚，金刚身红色，四臂如前述。","左腿伸，右腿曲。","一面四臂，黄金色的发上竖，以蛇束发，口中露出獠牙。","身围虎皮裙。","顶戴日光璎珞。","顶饰为阿弥陀如来。","此尊红宝石一般，由红色“”光四射，召请宇宙诸尊。","再放光，直射行者自身，行者自己变化为大力金刚。","","持咒：","“嗡。嘛哈巴拉耶。梭哈。”（百○八遍）","出定诵赞：","大力金刚忿怒王。","身色犹如红宝石。","唯一之念降邪魔。","敬礼身有大力尊。","","回向有二：","一、打棍捆绑。（怨敌）","二、打棍捆绑。（对象）","大力金刚可以降伏怨敌，扫除障碍，一切敌对的人，统统降伏。","大力金刚可以达成敬爱，将原本对你无意的对象，一下子转变对你有情意。","（其手法较强势，因其是大力金刚也）","","修行此法最大收获：","身强体健。","威风八面。","大力金刚。","所向披麾。","（任何想念皆可以达成）","期克印：","(左右手均当胸向外）","修","","","卢师尊手掌，右手大拇指，有一“大力金刚”相的手纹。唯妙唯肖。","大力金刚（笑面鬼王），亦是地藏王菩萨六大侍者之一。","我说：","永无怨敌。","在我所有未来世中，","不伤众生。","不离光明。","","","","","","●","在我所有未来世中，","","在我所有未来世中，"
"043 不增不减度众生","https://reader.tbboyeh.org/fullscreen_player.php#/?ebook_id=505&chapter_id=c043","先举一个例子：","往昔。","观世音菩萨发大誓愿度众生。","经过了无数岁月。","菩萨非常的欢喜，便想知道到底度了多少的众生？菩萨自己算计。","","但，观世音菩萨发觉：","众生一个也没有少。","众生一个也没有增。","事实证明，菩萨多年的努力，多年的苦口婆心，多年的慈悲应化，全是白费功夫。","观世音菩萨大骇。","","于是：","毁了自己的誓言，不再度众生了！","观世音菩萨，因为毁了誓言，头破三分，脑分八瓣，身子全碎裂。","阿弥陀佛知道此事，便很快的赶来救祂，因为观世音菩萨是阿弥陀佛的弟子。","阿弥陀佛将所有碎裂的身子，重新组合在一起，吹了一口气。","观世音菩萨复活了！","变化成“千手千眼观世音菩萨”。","","●","","以上，这个例子，请大家三思。","有人问卢师尊：","“卢师尊！你是不是在度众生？”","我答：","“是！”","人问：","“度了多少？”","我答：","“没有。”","人问：","“既然没有，又如何是度众生？”","我答：","“因为没有，没有众生得度，这才叫度众生！”","人问：","“不明白！”","我答：","“叫明白的人，来听！”","","●","","人问：","“地藏王菩萨度众生，誓言『地狱未空，誓不成佛』否？”","我答：","“是。”","人问：","“地狱会空否？”","我","我答：","人问：","“地狱不空，那地藏王菩萨，岂不能成佛？”","我答：","“成！”","“那是很矛盾耶！”","我答：","“叫明白的人，来听！”","“什么是明白的人？”","我答：","“开悟的人。”","●","","我在这篇文字中，已教导大家，什么是开悟？开悟是什么？","“不空。”","人问：","","人问："
"044 黄袈程如是说","https://reader.tbboyeh.org/fullscreen_player.php#/?ebook_id=505&chapter_id=c044","新加坡的黄袈程对我说：","他是在马来西亚长大，后来读书在新加坡，毕业后，留在新加坡工作。","他是在狮城雷藏寺同修。","担任文宣组。","文宣组要写文章，他首先觉得很困难，有一天晚上，做了一个梦。","","梦见卢师尊。","也不知怎么了，他揹着卢师尊，卢师尊在梦中，附耳告诉他：","“把心中的字，用力呼出。”","他看见虚空之中生出无数又无数的小字，全部布满。","","卢师尊说：","“再将虚空中的字，回摄（收）到自己身上，自己全身充满字。”","他看见一吸之下，虚空中的字，全回到自己的身上。","醒来后。","从此，文思泉涌。","善哉！","这是“”字法。","（注：字有二写法，可写字，也可写字，长音短音之别）","","●","","我记得中国历史上，有这样的故事──","南史记载：","江淹原本不会写文章的。","他在梦中，看见了郭璞，郭璞给了一支“生花妙笔”。","江淹醒来就很会写文章了。","因此名气大噪！","如此经过了很多年。","有一天。","江淹又梦到了郭璞，郭璞对江淹说，我有一支笔留在你这里，今天，我要把这支笔收回去了。","此笔一收。","江淹文思枯竭。","这下子，才有二个成语：","“梦笔生花”。","“江郎才尽”。","","●","","有人问我：","“卢师尊！你写了二百五十四册文集，你的灵感从哪里来？”","我答：","“天地间自有灵感，灵感中自有天地。”","人问：","“很含糊耶！”","我答：","“含糊就是灵感。”","人问：","住","“怎么说？”","“飘忽来，飘忽去，实无定数，来去自如，来去自在，幻笔生花。”","人问：","“你如何有这等毅力？”","我答：","人问：","“度众生是怎么回事？”","我答：","吸回来！","轮回及涅槃一如。","问大家，如何是轮涅一如？","","","","我答：","“度众生的使命感吧！”","","呼出去！"
"045 附录：感应篇","https://reader.tbboyeh.org/fullscreen_player.php#/?ebook_id=505&chapter_id=c045","感应篇之一","非常激动要感恩最慈悲伟大的师尊，就在大幻化网金刚法会当中，慈悲又大爱的师尊在开示说，加念五分钟的〈大幻化网金刚心咒〉，哪里有疾病就按哪里，所以我就在念咒声中按住了自己的大拇指，原本在一个意外中，已被切断再接回去的大拇指，是完全不能弯曲的。那时候当场就感觉手暖暖的，血液在循环，产生了奇迹，大拇指竟然马上就能够弯曲了，当场就感动流泪大哭，感恩慈悲伟大的师尊，真是太不可思议了！感激不尽！","真佛宗博士教授团香港梁超凡，本人参加师尊在中正纪念堂举行的大法会后，多年的颈椎病痛显著好转，特撰写此文向师佛汇报！","莲花超凡","◎感应篇之五","不是吹牛的何师兄，他交代我要好好写这篇文字，我很紧张，不知道自己写得如何，只是把自己的亲身体会，用最简单的文字描述出来，如有错漏，还望海涵。","刘宜桦说：","我个人觉得在这人世间，病痛是第一大苦。昨天说了，我一年中文字的输入量可达一百五十万字，还不包括英文的输入，所以我患颈痛。","我要感恩感谢圣尊、大幻化网金刚、诸佛菩萨护法金刚神众。二月二十八日，中观堂在中正纪念堂的大幻化网金刚法会中，播放的五分钟〈大幻化金刚心咒〉，使我从去年十月开始反覆受伤，看了几次中医与跌打还是不能举起来的手能举起了！","其实我有颈痛已经长达十年，从还在医学院读书的时候起，就有这个毛病。医学院的孩子比较辛苦，周六、日别人都在游玩的时候，我们还在科室埋头苦读，真的是埋头苦读哦！所以长时间的低头，我的颈椎不堪重负，本身的生理弯曲开始消失，逐渐变成直的，慢慢又开始出现持续的疼痛。当时去给医院的物理治疗老师看过，她用手摸了摸，告诉我第四颈椎歪了，疼是自然。从此各种按摩理疗便和我结缘。幸好那个时候还年轻，通宵读书后脖子很痛，治疗和休息一、二天就可以明显好转。","◎感应篇之六","之后继续去基础医学深造，做病理、生理的科学研究，需要花费大量时间在显微镜前，和每天都要做的工作──是将两条如头发丝粗细的钢丝，穿过小鼠肠系膜动脉制作的血管环。（我已尽量科普地讲出来，血管环比头发粗不了多少，最里面还有一层内皮细胞，穿得不好会将细胞都刮掉，当天试验就提前结束。嘿，所以是各种不容易哦）","爱米说：","由于经常每日重复工作，更进一步加剧了颈椎病变，于是我继续走在漫漫的医颈之路。","一心顶礼根本传承上师莲生活佛，顶礼法会主尊大幻化网金刚，感谢师尊和大幻化网金刚慈悲放光加持，弟子莲花靖文原本双眼一直有酸痛症状，在师尊和大幻化网金刚加持下，双眼张开后立即明亮舒适！身边周遭的亲友身体不适的地方，也都感受到立即的舒适，真的太感谢师尊和大幻化网金刚的慈悲救度众生。","记得看过一位脊医，帮我照了Ｘ光后讲，第四、七颈椎和第四胸椎都是位置不正，加上长期低头工作、长期劳损，颈椎骨质边缘已经出现一些钙化迹象（本身应该是软骨组织）。他给予了一些对症治疗，颈痛仍然是时不时就发作起来。之后又在西医接受物理治疗，也是有些缓解，但未能治愈。物理治疗师还和我开玩笑讲：“你的骨头很硬，位子又不对，想按回去也很难，你还真是有骨气呀！绝对是亚洲人种里面排名前百分之五的硬骨头。”","法会中不时见证佛菩萨的慈悲心和召摄力。弟子莲花靖文有幸能成为师尊弟子，自小由父母带领下皈依师尊二十多年，从小没有人特别教导我，我在孩童时期就很爱默念〈根本上师心咒〉，每当有危难发生时，总能带我逢凶化吉，很多次的灾难也都奇迹般的毫发无伤。小时候也很爱待在母亲身旁，陪母亲一起用卡带播放，听师尊讲解《圆觉经》，师尊说法真实不虚。到长大后，还能有缘遇到一样皈依师尊的老公，每次法会必全家参与，儿子自小也一样喜欢师尊和佛菩萨。","颈椎病就这样反反覆覆陪着我走过在大学的岁月，又进入了现在的工作。目前的工作有很多涉及文书，因此对着电脑的大量文字输入，使得我颈椎病的严重有增无减。","感谢师尊说法四十年如一日，不辞辛劳为众生广说法要，是真正证悟得道者！嗡。咕噜。莲生。悉地。吽。","幸好，这时皈依了根本传承上师圣尊莲生活佛，也猜到自己的颈痛应该是有业障，所以参加法会的时候，会祈求加持自己的颈椎不要那么痛。","弟子莲花靖文虔诚敬祝师尊：","果然因缘使然，认识了一位同样有佛缘，且治疗骨关节病超拿手的中医师（我一直认为是师尊安排我可以找他）。这位医师姓林，本来我找他只是想调理下身子（由于工作原因，常常在外出差，周围奔波）。","佛体安康，长住世间，大转法轮，普度众生！","有一次在候诊的时候，听到旁边的几位老人家在议论，说自己本来是“五十肩”，手臂已经痛到动弹不得，可是被林医师针灸之后，现在连续打几十圈麻将都没问题。我当时听到不知多开心，心想自己的颈椎病可能有救了。于是见到林医师的时候，请他帮针灸和推拿。果然林医师是杏林高手，几次针灸和中药下来，颈痛竟然缓解了很多，由原来的二十四小时持续存在（从睁开眼到闭上眼，不管行住坐卧，一直都在痛），到后来发作间隔逐渐延长，我深刻感受到颈椎病症状受到控制。做为一个医学生，我深知颈椎病是不会完全治愈，能减轻症状、减慢病情进展已实属万幸。我想恐怕这辈子都要和颈椎病缠绕到老死。因为常常找林医师看病，和他成为朋友，他也笑我肩膀肌肉太硬，他的针都给扎弯了。","◎感应篇之七","说了半天还没到正题，前面的铺排就是想讲自己的颈椎病由来已久，且一直都未有根治痊愈。在皈依师尊后，我一直尽量去参加师尊的法会，但是由于自己惰性大，常常是只听法没实修（真惭愧，就是明理不做事的典范）。","然而，这次很有因缘的参加了师尊在中正纪念堂，亲自主持的大幻化网金刚大法会，更于会","中师尊讲：“请大家用手按住自己的病痛处，请大幻化网金刚加持！”","莲花达智说：","我用手按住了脖子，但是其实我心里有些没底，因为自己平时没实修。可是，加持过后，我当时竟然觉得颈椎的部位热热的，就像平时给林医师针灸后的感觉，之后开始觉得脖子越来越灵活，以前我向后扭头，会感觉脖子上的筋绷得紧紧的，向右转的时候因为颈椎移位，扭转的幅度是有限制。","大马吉隆坡弟子。在当天大幻化网，师尊发力时候，手按喉咙，三个月的病，现在感觉好多了。手按左脚膝盖，痛了十年的病，感觉好了。谢谢师尊、大幻化网金刚。","而参加法会之后，这种感觉竟然消失了，而且就是在法会当天哦！平时脖子的压迫紧逼感觉没有了，整个人都轻松了很多，那种困扰我多年的颈痛竟然在法会后消失了八成，还有二成左右的酸痛在之后的日子也渐渐消失。","◎感应篇之八","法会过后，我因为工作原因，每日连续在电脑前工作十几个小时，全程低头在电脑前工作，这样的日子持续接近两周（我在一周内完成一份申诉材料，两个妇科临床试验方案，两个呼吸科临床试验方案，一个眼科项目发展计划，两个临床方案中英文校对及其他），而我的颈痛竟然没怎么发作，这在以前是绝对不可能发生的！我真是从心底大大地感恩我的根本传承上师了，没有他就没有我所有的一切！","香港弟子“大眼睛‧莲花凯欣”，顶礼感恩伟大的师佛，也见证：","所以每天在工作完毕后，我都会在心里感谢一次我的师父，多亏有您，我才可以高效专心地完成工作，心无旁骛，不再忧心颈痛。写这篇文字的时候，我的第七颈椎又有些酸痛，可是我已经很满足，因为我已经重新体会过没有颈痛的幸福！以后会不会有颈痛我不知道，但是我想讲的是师尊的法会真灵，十年颈椎病，多位中西医都不能治愈的，竟然在师尊法会上好了！","讲一件事情给大家听！我在大幻化网金刚法会前几天，在台中给车子撞倒，我是在马路边准备过马路的时候，车子的右边车头撞到我左脚膝盖，右前轮撞到我右脚并轻微在右脚掌前辗过。我整只右脚在被撞后，膝盖以下都完全没有知觉。路过的人帮我叫警察送我去医院。到医院急诊室，照Ｘ光检查，医生看来看去我的Ｘ光片，根本没有事！我也呆坐医生前面。明明是我的脚被撞后没有知觉，二个小时之后，也痛到好像骨头裂开一样，腿一直发麻，但Ｘ光片看到的是骨头竟然完全没有事！我一直觉得是师尊和诸佛菩萨的加持，因为留医院的话，一定参加不到大幻化网金刚法会。医生见我的骨头没事，即日就叫我出院。","这个绝对不是吹牛，不是吹牛，不是吹牛，重要的事情说三遍！师尊才是真正世间大神医！","在大幻化网金刚法会中，师尊叫大家持咒五分钟，加持大家的病痛。我也有在持咒的时候，把手放在我的右脚。感觉跟很多同门一样，是法流灌全身和触电的感觉。我的右脚掌本来一直是不能动，但持咒时，右脚趾自己一直在跳，持咒完，脚就完全不痛！真是师尊大加持，大业小报！","莲花超凡","◎感应篇之九","◎感应篇之二","陈传芳师姐说：","顶礼师尊：","从圣尊莲生活佛亲自主持二二八大幻化网金刚法会后，我回到瑞典，这几天才发现我的左腿的小腿风湿痛好了，七年的毛病，风湿在阴天时疼痛，像有一条小蛇一样上下、左右的跑窜。现在一点都不痛了！","参加大幻化网金刚法会，返回美国，今天三月九日去看了眼科医生，医师说我的左眼患的红眼症竟然好了，也没有再发炎，泪腺也通了，真感谢师佛的加持，好高兴啊！师佛的法力、加持、慈悲，不可思议！感恩！","还有胸口的皮肤有几个皮下脂肪瘤，也是七、八年了，一直慢慢变大，有时痛痒。一直想去手术，但是医院不容易排期，我也忙得没有时间去排期，不能停止工作。然而，现在竟然发现皮下脂肪瘤不再扩大，在慢慢缩小，希望会消失，我会继续持咒！","◎感应篇之十","◎","还有一般感冒后我的鼻炎会发作，但是法会后我患感冒，痊愈后，很奇怪，鼻子比以前还畅通。哈哈哈，连鼻炎也好了！以前认为鼻炎影响我修法时的呼吸吐纳，现在好了，是师尊加持要我能够做内法的呼吸！胃酸的毛病也好多了！感恩师佛的慈悲和无上的法力加持！","莲花玉国叩首","马来西亚弟子莲花媚利（Sherry）说：","◎感应篇之三","当时师尊在介绍贵宾时，弟子赶紧上洗手间（当时女众厕所排长龙，所以就赶紧进男厕所）因为担心没有听到师佛开示，等我出来的时候看到师佛在加持，心想：“师尊怎么那么快开示完了呢？开始灌顶？”真的不知所措……。","在参加二月廿八日师尊“大幻化网金刚大法会”，法会中圣尊突然宣布──大幻化网金刚指示，再诵咒五分钟，加持弟子，哪里有病摸哪里。","看到大家都在坐着，于是我赶紧回到自己座位坐着，只是一直看见师尊在加持，就安静的持〈大幻化网金刚咒〉，就有一股力量感应说：“哪里有疾病就按哪里，根本上师在加持。”我就赶紧按身上有疾病的地方，赶快祈求师尊加持、大幻化网金刚文武百尊加持、瑶池金母加持弟子身上疾病消除、业障消除、定慧解脱等等，不断祈求。过后就问同门刚才发生什么事情了？于是才知道五分钟的加持，真的不可思议。当天晚上梦见自己持师尊心咒结手印，看见有五色线加持我头顶，我身上冤亲债主从头顶拉出来，梦里我很愤怒挣扎，再来眉心拉出来……，我一直哭到醒过来。第二天晚上，梦见在参加尊胜佛母法会，拿着十字金刚杵下护摩炉。第三天梦见师尊在法会叫弟子拿八供水，师尊拍拍弟子后面腰骨（因为腰骨经常疼），睡醒后感觉腰骨不疼了，真的很不可思议殊胜法会。","当时我一下子觉得这真是一个千载难逢的机会，因为有一个困扰了我二十几年的静脉曲张顽疾始终缠绕着我，无以言表的。当痛来临的时候，人是无法站立的，而且会持续几个小时而不散。在这二十几年里，非常的影响我的正常生活和修行。在十几年前就找中西医治疗，不管是用中药西药、还是针灸治疗都无法去根，总是时有发生。皈依后，我知道这是我累世的业力显现，是要跟随我一生的顽疾，在时刻的警示我要戒行啊！","在法会上听到师尊慈悲的宣布后，我马上就用手扶到患处，看着师尊，持诵大幻化网金刚咒，整整五分钟观想着大光明的加持患处，暖暖的！","弟子非常感恩师佛的加持，顶礼合十！","在法会结束以后，忙着其他的事情，也忽略了这一个痛是否还在。从参加完法会回到瑞典已经二十一天了，那里始终没有再痛过，今天真是让我欣喜若狂，跟随我一生的业障疾病，竟然在师尊的加持下完全的消失了，解除了禁锢在我身上的枷锁，真的太感恩师尊无上慈悲和大法力的加持了！","瑞典弟子们此次参加两周的师尊法会，收获真是太多太多了，师尊给瑞典新道场赐名“修德堂”及珍贵的墨宝，还鼓励我们在瑞典好好的修，那里民风淳朴，是个非常适合修行的好地方，好好的修行和努力传播真佛密法。师尊慈悲给这次参加朝圣的瑞典弟子们很多的加持，还在我的左肩上重重的拍了五下，大加持啊！瑞典新道场一定会在师尊的大加持下精进实修、蓬勃发展、广渡众生！","◎感应篇之十一","瑞典弟子们在遥远的北欧跪谢佛恩。","师尊也当房屋仲介喔！事情是这样，我基隆一间双套房，刚好房客在三月五日跟我说他工作调到台北，三月十日须就任，于是三月九日房客搬家了，三月十日我就把房屋整理干净，三月十一日登广告出租。三月十二日星期六早上十点和十一点，来了两组客人，一组新婚夫妻，要当新娘房用，一次愿意预付半年房租。","二十几年的顽疾竟然消失了","另一组是两位小姐，要做居家保姆，照顾四位三岁以下小孩用。这么巧，陈保姆往书柜一看，看到我放了一本《遇见贵人》，她说是她师父。我问：“妳也是真佛宗弟子吗？”她说是她父亲许X宾，已皈依三十年了。她说她看了半年房子，都没有一间满意。她朋友说：“她啊！敏感体质，有时候进去一间屋子会感到天旋地转，头晕不已。”因为她是真佛弟子，二二八大幻化网金刚法会她有跟师尊求，赐给她一间好房子。","今天房子就打契约出租出去了。"
"046 附录：远方弟子的感应","https://reader.tbboyeh.org/fullscreen_player.php#/?ebook_id=505&chapter_id=c046","莲等","","二○一六年二月二十七日（六）及二十八日（日），圣尊莲生活佛首传及灌顶“金刚手菩萨法”及“大幻化网文武百尊”、“中阴闻教得度法”，台湾雷藏寺涌进来自世界各地的真佛弟子四万众，其中有很多是第一次来台湾的有缘弟子。","","有位莲花恒明师兄，再三赞叹师尊的慈悲，真佛密法真的不可思议，是真实有力量的。他原本皈依藏密，也修了好多年，包括藏密的烟供法。但是一般来说，修藏密最好到寺庙里修，不鼓励在家中修。因此他家中虽有密坛，但在家中修法，却有点不顺，而且感觉家里不太清净。（皈依师尊后才明白，他只学到藏密的正行，却没有学习结界仪轨）","","后来他在网路上看到师尊莲生活佛的传法及开示，有黄财神法、大白莲花童子相应法，看了心生欢喜，开始每天持诵一万遍莲花童子心咒：“嗡。古鲁。莲生。悉地吽。”正好持诵满一百万遍师尊心咒时，梦到师尊用手摩顶加持，一连三次。当时他还未皈依，于是马上写信皈依。","","后来看到师尊传烟供法，于是他写信祈求师尊遥灌此法，当晚梦到师尊给他灌顶烟供法，师尊坐在大白莲花上，一股宽广强劲的白光灌注，由顶窍直至心轮，全身放大光明。师尊对他说：“现在你可以修这个法。”","","修了三天，他梦到好多好多的烟花打上天空，然后家中地上有许多的蚂蚁、小虫，最主要有蝎子，纷纷往外奔走，原来师尊住于虚空，放大白光加持整个屋子。从此家里清净了。","","又修了三天，他梦到有三个人要杀他，他说：“如果我欠你们的就还你们。”其中两个就过来","架着他，把刀放他脖子上准备杀他，正在此时，师尊莲生活佛出现大喝：“你们两个如此大胆！敢杀真佛弟子？你们下地狱去。”当下地就裂开，那两人跌入地狱，然后地又平复。第三个人就跟卢师尊说：“此人有善缘，你带去吧！”","","修了第七坛烟供，又有一个吉祥梦，梦中有人对他说：“这些给你。”他就用双手接了好多的黄金，是一层文书一层黄金这样层层叠上去，他很惶恐的问：“这些要做什么？”那人说：“以后用得着。”","","烟供法又方便又有真实的力量，莲花恒明师兄想到师尊就非常感动，他每天修上师相应法，每天修烟供。他说终于找到自己的师父，百千万劫难遭遇，怎能不珍惜？","","慈悲的师尊在台湾雷藏寺看到他们一行，师尊说：“欢迎你们到来。”师尊知道他们，师尊一眼就知道远方的弟子来了，师徒之间的缘分，就这样绵远流长的传下去。","（备注：莲等法师说：“此人来自中国，莲花恒明非本名，是法号，本名马四宝。四宝是音，不确定是否这两字。”）","","","","","","","","","","","","","","","","","","","","","","","","","","","","释","","","","","","","","","","","","","","","","","",""
"047 附录：莲伽的信","https://reader.tbboyeh.org/fullscreen_player.php#/?ebook_id=505&chapter_id=c047","最敬爱的师佛：","","您好吗？","","此次临时决定赴台参加如意宝珠观世音菩萨的法会，停留时间很仓促，弟子星期五抵达，两场法会后，星期一就返回巴西了。虽然路途遥远，但是弟子能够有机缘参加法会，真的非常激动也感恩万分，因为能够再次见到师佛，弟子的心中就充满了喜悦。","","虽然回巴西后时日不久，但是已感受到了师佛在春季大法会及几场法会的大加持力，弟子的修行和生活又有了变化。特别在金刚手菩萨的护摩法会上，在师佛为大众做灌顶的时候，因为前面的上师离席，弟子就移到师佛旁边的座位，在那边禅定观想，当时弟子感到师佛身上一团的光芒移到弟子身上，就产生了一种严丝合缝的合一的觉受，那份加持力从天而降，弟子真是无法用言语表达这个觉受，只有默默的感恩师佛的大加持。","","回到巴西后，弟子按照师佛的教导在成日迎了财神，也得到了很好的感应和很奇妙的觉受。因为过年期间不在巴西，回来后的第一个成日，也正好是师佛出家三十周年的纪念日，弟子早上七点到真谛雷藏寺的大门口迎财神，按照圣尊所讲，朝着南方走八步，之后说：“请财神到我家。”这话音刚落的一刹那，弟子感应到财神和祂的眷属，就是从南方，腾云驾雾的迎面而来，感觉不仅一位财神，而是“一批人马”。当时弟子的心中很震惊，觉得这么简单的方便法门怎么有这么大的感应？那财神迎面而来的觉受弟子记忆犹新啊！后来弟子明白了，这就是传承的力量，就是师佛的威力。就因为师佛说了，此法就灵验了，真是太奇妙了！","","回来后，有一晚，弟子还得一梦，弟子梦到在一场大法会上，弟子穿着红色的礼服，背后还背了一朵红色的大莲花，当时很多很多信众，但是师佛指名选择与弟子共舞，弟子当时觉得激动万分，非常的荣幸。虽然是在梦中，但是有机缘再次与佛共舞，弟子三生有幸啊！万分感恩师佛的赐福。","","这里弟子也附上弟子首次在真谛雷藏寺主坛大型护摩法会的全部供养，以表弟子感恩的心，弟子知道这些供养与师佛的教导、加持和赐福相比是微不足道的，弟子深知这一切是无法用任何的物质来回馈的，只能代表弟子一点点的心意。","","最后，弟子想用最真诚的声音和最最虔诚与净信的心和师佛说：","","最最敬爱的师佛，您是五百万弟子们慧命的根源，您是五百万弟子们福德的根本，您是五百万弟子们的全部，我们不能没有您！愿您佛体安康、常驻世间、法轮永转！","也祝愿师佛的生活幸福美满，笑口常开，一切顺心如意！","","伽伽再次顶礼拜上","二○一六‧四‧六","编者注：本音档系由莲伽上师录制","","","","","","","","","","","","","","","","","","","","","","","","","","","最","","","","","","","","","","","","","","","","","",""